date,symbol,open,high,low,close,volume,sma_20,ema_50,rsi_14,bollinger_upper,bollinger_lower,macd,macd_signal
2025-04-16 20:26:49.225804,SPY,461.34,462.72,459.26,461.31,9903325,505.0575,461.31,50.0,551.25,458.86,0.0,0.0
2025-04-17 20:26:49.225804,SPY,463.83,464.18,460.74,464.05,6149255,505.0575,461.4174509803922,50.0,551.25,458.86,0.22,0.04
2025-04-18 20:26:49.225804,SPY,471.21,474.7,468.98,470.57,4261978,505.0575,461.7763744713572,50.0,551.25,458.86,0.91,0.22
2025-04-19 20:26:49.225804,SPY,484.45,486.51,485.19,485.6,8261582,505.0575,462.7106342960099,50.0,551.25,458.86,2.64,0.7
2025-04-20 20:26:49.225804,SPY,496.73,499.91,497.61,498.52,5426791,505.0575,464.1149231471468,50.0,551.25,458.86,4.99,1.56
2025-04-21 20:26:49.225804,SPY,493.08,494.29,491.21,492.0,9723735,505.0575,465.2084555727489,50.0,551.25,458.86,6.26,2.5
2025-04-22 20:26:49.225804,SPY,498.91,505.22,496.55,498.71,3043009,505.0575,466.52224162871954,50.0,551.25,458.86,7.72,3.54
2025-04-23 20:26:49.225804,SPY,498.25,504.1,490.61,497.86,2631006,505.0575,467.75117332955404,50.0,551.25,458.86,8.7,4.57
2025-04-24 20:26:49.225804,SPY,499.44,502.02,497.14,497.33,2559376,505.0575,468.91112731663037,50.0,551.25,458.86,9.33,5.53
2025-04-25 20:26:49.225804,SPY,498.31,505.57,499.4,500.36,1380747,505.0575,470.1444164414684,50.0,551.25,458.86,9.96,6.41
2025-04-26 20:26:49.225804,SPY,499.84,505.14,497.54,501.55,7084423,505.0575,471.37600795356775,50.0,551.25,458.86,10.44,7.22
2025-04-27 20:26:49.225804,SPY,514.53,517.59,505.1,511.96,8614116,505.0575,472.96753705342786,50.0,551.25,458.86,11.52,8.08
2025-04-28 20:26:49.225804,SPY,514.51,523.1,516.91,517.58,8002953,505.0575,474.71704540427385,50.0,551.25,458.86,12.69,9.0
2025-04-29 20:26:49.225804,SPY,515.94,526.82,512.17,518.65,9241905,505.0575,476.4399063688121,89.2,551.25,458.86,13.54,9.91
2025-04-30 20:26:49.225804,SPY,523.76,524.81,518.75,522.05,6858047,505.0575,478.2285374916038,89.68,551.25,458.86,14.33,10.79
2025-05-01 20:26:49.225804,SPY,525.17,525.41,520.86,524.67,6068776,505.0575,480.04977131546246,89.66,551.25,458.86,14.99,11.63
2025-05-02 20:26:49.225804,SPY,536.08,537.99,534.89,535.85,5685559,505.0575,482.2380155776012,90.26,551.25,458.86,16.23,12.55
2025-05-03 20:26:49.225804,SPY,534.34,539.01,527.35,534.53,1995715,505.0575,484.2886816333815,86.31,551.25,458.86,16.91,13.42
2025-05-04 20:26:49.225804,SPY,537.13,538.28,536.14,537.06,1672165,505.0575,486.3581450987391,83.82,551.25,458.86,17.45,14.23
2025-05-05 20:26:49.225804,SPY,530.75,538.35,530.53,530.94,9017402,505.0575,488.1064531340827,84.41,551.25,458.86,17.19,14.82
2025-05-06 20:26:49.225804,SPY,515.46,513.59,508.52,512.68,2170691,507.62600000000003,489.0701216386285,60.25,549.04,466.21,15.33,14.92
2025-05-07 20:26:49.225804,SPY,516.72,521.32,514.64,517.54,2494499,510.30049999999994,490.18658745672155,63.64,546.44,474.16,14.09,14.76
2025-05-08 20:26:49.225804,SPY,523.64,531.03,522.23,523.98,1589441,512.971,491.5118193211639,67.07,544.33,481.61,13.47,14.5
2025-05-09 20:26:49.225804,SPY,522.54,522.5,514.26,518.82,4428867,514.632,492.5827283673928,61.51,543.29,485.97,12.42,14.08
2025-05-10 20:26:49.225804,SPY,535.66,536.64,528.26,535.6,5193667,516.4860000000001,494.2696801961225,67.78,545.55,487.42,12.79,13.82
2025-05-11 20:26:49.225804,SPY,529.8,528.84,521.78,525.11,7390894,518.1415,495.47910450215693,56.86,545.02,491.26,12.1,13.48
2025-05-12 20:26:49.225804,SPY,525.42,529.58,521.25,525.64,7262270,519.488,496.66188471775865,54.44,544.93,494.05,11.47,13.08
2025-05-13 20:26:49.225804,SPY,527.35,530.41,519.93,524.48,5420748,520.819,497.7527911994152,53.21,544.2,497.44,10.74,12.61
2025-05-14 20:26:49.225804,SPY,532.4,546.1,531.15,535.94,3385831,522.7495,499.25032879943814,57.02,544.26,501.24,10.97,12.28
2025-05-15 20:26:49.225804,SPY,547.51,550.96,544.91,547.18,8641906,525.0905,501.12992374847977,60.47,546.54,503.64,11.92,12.21
2025-05-16 20:26:49.225804,SPY,545.09,558.39,545.26,548.56,4756598,527.441,502.98992673873545,56.5,548.32,506.56,12.64,12.3
2025-05-17 20:26:49.225804,SPY,553.52,553.43,551.05,551.66,6678935,529.426,504.89855706270663,58.61,551.62,507.24,13.3,12.5
2025-05-18 20:26:49.225804,SPY,542.47,550.46,544.21,545.12,3721467,530.803,506.47586855044364,53.89,553.31,508.29,13.15,12.63
2025-05-19 20:26:49.225804,SPY,531.16,530.83,527.68,530.56,4694520,531.3985,507.4203442935635,49.83,553.17,509.62,11.72,12.45
2025-05-20 20:26:49.225804,SPY,527.61,533.61,525.02,528.21,4617822,531.7065,508.2356249095022,58.08,553.1,510.32,10.28,12.01
2025-05-21 20:26:49.225804,SPY,527.1,532.03,525.04,529.55,5201813,531.9505,509.07148275618835,56.49,553.11,510.79,9.14,11.44
2025-05-22 20:26:49.225804,SPY,535.37,539.99,534.62,538.86,1216657,532.1009999999999,510.2396599030045,57.8,553.42,510.78,8.88,10.93
2025-05-23 20:26:49.225804,SPY,547.01,548.93,544.76,548.13,2444771,532.7810000000001,511.7255555930828,64.73,555.26,510.3,9.32,10.61
2025-05-24 20:26:49.225804,SPY,549.2,546.29,543.64,545.4,7136737,533.1980000000001,513.0461220404129,55.73,556.31,510.08,9.34,10.35
2025-05-25 20:26:49.225804,SPY,542.69,543.8,535.61,543.33,5645766,533.8175,514.2337250976516,61.83,557.34,510.3,9.09,10.1
2025-05-26 20:26:49.225804,SPY,537.66,536.61,528.54,535.69,9857624,534.9680000000001,515.0751476428418,55.97,556.28,513.65,8.17,9.71
2025-05-27 20:26:49.225804,SPY,525.33,530.53,524.18,525.45,3292727,535.3634999999999,515.4820045980244,50.52,555.58,515.14,6.55,9.08
2025-05-28 20:26:49.225804,SPY,515.17,514.36,510.87,513.37,6912168,534.833,515.399180888298,37.98,556.79,512.87,4.24,8.11
2025-05-29 20:26:49.225804,SPY,523.78,534.05,522.93,527.64,8582137,535.274,515.8792130103255,39.92,556.21,514.34,3.51,7.19
2025-05-30 20:26:49.225804,SPY,523.28,525.74,518.11,524.12,4539302,534.7,516.2023811275677,37.66,556.22,513.18,2.63,6.28
2025-05-31 20:26:49.225804,SPY,523.13,523.0,519.4,521.15,3410205,534.5020000000001,516.3964053970749,34.57,556.46,512.54,1.67,5.36
2025-06-01 20:26:49.225804,SPY,512.04,516.79,510.59,512.37,6868464,533.8385000000001,516.2385071462093,33.81,557.65,510.03,0.2,4.33
2025-06-02 20:26:49.225804,SPY,517.94,528.73,515.64,518.12,8231214,533.5205,516.3122911796913,43.26,558.02,509.02,-0.5,3.36
2025-06-03 20:26:49.225804,SPY,505.98,511.64,506.72,506.85,3758694,532.066,515.9412209373505,39.45,559.26,504.87,-1.94,2.3
2025-06-04 20:26:49.225804,SPY,507.88,508.11,502.1,505.55,2378510,529.9844999999999,515.5337220770623,38.14,558.65,501.32,-3.15,1.21
2025-06-05 20:26:49.225804,SPY,500.1,500.16,496.63,499.51,2887305,527.5319999999999,514.9053408191382,29.91,557.85,497.22,-4.54,0.06
2025-06-06 20:26:49.225804,SPY,502.47,502.77,498.79,502.38,7461362,525.068,514.4141509830937,25.01,555.14,495.0,-5.36,-1.02
2025-06-07 20:26:49.225804,SPY,500.31,502.79,498.41,499.03,8733895,522.7635,513.810850944541,24.84,553.42,492.11,-6.2,-2.06
2025-06-08 20:26:49.225804,SPY,492.27,492.17,487.0,491.12,3496159,520.7915,512.9210136525983,23.36,554.28,487.3,-7.42,-3.13
2025-06-09 20:26:49.225804,SPY,491.53,493.78,478.65,491.11,4284139,518.9365,512.065679783869,25.33,554.72,483.15,-8.29,-4.16
2025-06-10 20:26:49.225804,SPY,497.28,499.36,493.48,494.23,8370191,517.1705,511.36624136097214,31.25,554.22,480.12,-8.63,-5.06
2025-06-11 20:26:49.225804,SPY,494.75,504.23,489.53,494.87,7107518,514.971,510.71932993505163,37.12,551.82,478.12,-8.75,-5.8
2025-06-12 20:26:49.225804,SPY,497.69,497.22,492.11,497.14,7645556,512.4215,510.1868071925006,24.5,546.57,478.28,-8.56,-6.35
2025-06-13 20:26:49.225804,SPY,491.71,498.29,491.79,492.97,8838378,509.8,509.5116382829908,24.23,541.23,478.37,-8.64,-6.81
2025-06-14 20:26:49.225804,SPY,490.98,493.68,488.09,490.69,9517368,507.168,508.77353482091274,24.51,535.43,478.91,-8.79,-7.2
2025-06-15 20:26:49.225804,SPY,489.41,494.15,485.5,486.32,1186866,504.6995,507.89300404362206,26.47,531.03,478.37,-9.16,-7.59
2025-06-16 20:26:49.225804,SPY,482.84,484.26,479.28,484.09,4648535,502.6315000000001,506.9595529046565,17.17,528.59,476.67,-9.52,-7.98
2025-06-17 20:26:49.225804,SPY,476.67,479.59,477.99,478.84,7567036,500.90500000000003,505.856825339768,19.43,528.41,473.4,-10.12,-8.41
2025-06-18 20:26:49.225804,SPY,469.57,474.37,467.37,467.7,7656836,497.908,504.3604792480124,15.99,526.19,469.62,-11.35,-9.0
2025-06-19 20:26:49.225804,SPY,468.75,471.77,468.66,469.03,8698630,495.1535,502.97497025789426,20.08,523.42,466.89,-12.09,-9.61
2025-06-20 20:26:49.225804,SPY,466.78,467.34,465.18,466.61,9587332,492.42650000000003,501.54889299287885,14.58,520.66,464.19,-12.72,-10.24
2025-06-21 20:26:49.225804,SPY,456.27,457.65,456.11,456.36,5157314,489.6259999999999,499.77677954217774,12.82,520.51,458.74,-13.89,-10.97
2025-06-22 20:26:49.225804,SPY,459.61,461.73,459.41,459.47,5091386,486.69350000000003,498.1961215209159,19.91,517.33,456.06,-14.39,-11.65
2025-06-23 20:26:49.225804,SPY,455.44,453.93,452.87,453.9,8540135,484.046,496.4590187161741,18.01,516.45,451.65,-15.07,-12.34
2025-06-24 20:26:49.225804,SPY,452.87,456.31,452.89,454.4,4006974,481.48850000000004,494.8096454331869,14.14,514.8,448.17,-15.39,-12.95
2025-06-25 20:26:49.225804,SPY,457.33,460.85,455.4,459.19,1269478,479.4725,493.4127965926698,20.11,513.07,445.87,-15.08,-13.37
2025-06-26 20:26:49.225804,SPY,460.34,466.92,454.92,460.18,6938940,477.3625,492.1095496674671,18.36,510.2,444.53,-14.59,-13.62
2025-06-27 20:26:49.225804,SPY,464.68,467.82,467.45,467.68,4507815,475.79499999999996,491.1515281118801,29.52,507.24,444.35,-13.44,-13.58
2025-06-28 20:26:49.225804,SPY,457.4,462.75,454.65,459.92,3061899,474.23499999999996,489.92676230357114,27.11,505.57,442.9,-13.01,-13.47
2025-06-29 20:26:49.225804,SPY,466.13,464.85,462.35,462.67,7298980,472.813,488.8578696642154,31.97,503.5,442.12,-12.3,-13.23
2025-06-30 20:26:49.225804,SPY,459.86,459.81,455.03,458.48,9242537,471.0255,487.6665806577756,31.04,500.61,441.44,-11.94,-12.97
2025-07-01 20:26:49.225804,SPY,453.13,456.07,450.95,453.15,4838639,468.93950000000007,486.3129892594315,31.01,497.3,440.58,-11.95,-12.77
2025-07-02 20:26:49.225804,SPY,451.93,453.72,445.93,449.7,7499013,466.56749999999994,484.87718575906166,34.98,492.86,440.28,-12.09,-12.63
2025-07-03 20:26:49.225804,SPY,446.07,448.4,444.85,447.93,8007721,464.3155,483.4282765136083,32.53,488.73,439.9,-12.21,-12.55
2025-07-04 20:26:49.225804,SPY,447.88,452.52,447.27,448.45,8200304,462.20349999999996,482.05657939542755,34.47,484.2,440.2,-12.12,-12.46
2025-07-05 20:26:49.225804,SPY,442.54,448.33,440.02,441.44,1040358,459.95950000000005,480.46377236031276,36.5,480.72,439.2,-12.47,-12.46
2025-07-06 20:26:49.225804,SPY,448.74,449.51,446.02,447.15,2525124,458.1125,479.1573499148103,39.35,476.24,439.98,-12.15,-12.4
2025-07-07 20:26:49.225804,SPY,451.14,454.32,448.07,450.22,3115323,456.68149999999997,478.02255187893536,46.68,472.26,441.1,-11.51,-12.22
2025-07-08 20:26:49.225804,SPY,436.42,443.67,437.42,440.9,2521867,455.3415,476.56676553074186,39.48,471.53,439.15,-11.62,-12.1
2025-07-09 20:26:49.225804,SPY,448.52,452.26,448.81,450.26,6722859,454.40299999999996,475.53512766679125,43.5,469.38,439.43,-10.83,-11.85
2025-07-10 20:26:49.225804,SPY,463.3,464.16,459.46,462.42,7942910,454.1935,475.0208089347602,51.4,468.56,439.83,-9.12,-11.3
2025-07-11 20:26:49.225804,SPY,469.55,471.03,466.29,470.22,2970861,454.88649999999996,474.83254191771084,51.58,470.93,438.84,-7.05,-10.45
2025-07-12 20:26:49.225804,SPY,473.99,470.9,466.01,469.22,9907211,455.37399999999997,474.6124422346633,56.33,472.55,438.19,-5.43,-9.45
2025-07-13 20:26:49.225804,SPY,464.2,463.94,459.98,462.49,4786912,455.8035,474.1370523431079,49.88,473.26,438.35,-4.64,-8.49
2025-07-14 20:26:49.225804,SPY,470.52,480.92,469.28,469.48,9065772,456.5575,473.95442283945664,56.86,475.03,438.09,-3.41,-7.47
2025-07-15 20:26:49.225804,SPY,464.95,469.07,463.75,467.04,6915823,456.95,473.6832690026152,58.98,475.98,437.92,-2.59,-6.49
2025-07-16 20:26:49.225804,SPY,475.13,476.87,474.32,475.2,9359586,457.7009999999999,473.74274864957147,65.54,478.38,437.02,-1.28,-5.45
2025-07-17 20:26:49.225804,SPY,477.21,477.59,470.5,476.75,1257322,458.1545,473.86068007507845,67.61,480.12,436.19,-0.11,-4.38
2025-07-18 20:26:49.225804,SPY,485.61,487.63,480.6,483.43,3479402,459.33000000000004,474.2359475231146,69.88,484.03,434.63,1.34,-3.24
2025-07-19 20:26:49.225804,SPY,487.72,487.38,477.65,486.01,4416490,460.497,474.69767507122776,76.67,487.92,433.07,2.67,-2.06
2025-07-20 20:26:49.225804,SPY,493.01,492.47,490.63,490.98,5779566,462.12199999999996,475.33619761745416,76.46,492.71,431.53,4.07,-0.83
2025-07-21 20:26:49.225804,SPY,489.42,493.09,488.36,491.24,9397799,464.02649999999994,475.9598761422599,75.64,496.92,431.13,5.15,0.36
2025-07-22 20:26:49.225804,SPY,506.58,504.61,503.48,503.74,7801001,466.72850000000005,477.049292764132,87.77,503.34,430.12,6.93,1.68
2025-07-23 20:26:49.225804,SPY,502.03,508.57,503.41,504.82,3786856,469.57300000000004,478.1383401067151,86.42,508.78,430.37,8.33,3.01
2025-07-24 20:26:49.225804,SPY,506.74,508.56,505.14,507.83,6992816,472.54200000000003,479.30271892605964,84.53,513.94,431.14,9.57,4.32
2025-07-25 20:26:49.225804,SPY,522.36,527.93,516.85,521.46,2503680,476.54299999999995,480.9559456348416,85.79,520.67,432.42,11.53,5.76
2025-07-26 20:26:49.225804,SPY,511.7,513.71,511.88,512.0,1153151,479.78549999999996,482.1733595315145,76.72,524.34,435.23,12.17,7.04
2025-07-27 20:26:49.225804,SPY,501.23,507.06,496.9,503.26,1994838,482.4375,483.00028660871004,74.84,525.89,438.99,11.84,8.0
2025-07-28 20:26:49.225804,SPY,508.58,511.23,507.01,510.26,8232892,485.9055,484.06929497699593,74.85,526.36,445.45,12.0,8.8
2025-07-29 20:26:49.225804,SPY,499.11,507.87,499.94,502.22,7330317,488.5035,484.7810873308392,70.07,525.88,451.13,11.35,9.31
2025-07-30 20:26:49.225804,SPY,517.23,518.56,514.86,516.13,3676103,491.189,486.01045645512005,71.91,528.39,453.99,11.83,9.82
2025-07-31 20:26:49.225804,SPY,515.96,513.83,512.27,513.37,4386579,493.3465,487.08337973138987,69.35,530.43,456.26,11.84,10.22
2025-08-01 20:26:49.225804,SPY,508.07,515.03,506.14,508.28,6058869,495.29949999999997,487.9146197419236,63.36,531.13,459.47,11.31,10.44
2025-08-02 20:26:49.225804,SPY,521.37,522.68,516.91,522.2,9421877,498.285,489.25914445792665,67.34,532.52,464.05,11.88,10.73
2025-08-03 20:26:49.225804,SPY,530.09,534.85,531.1,533.23,9729546,501.4725,490.98349173408644,69.13,536.28,466.66,13.06,11.19
2025-08-04 20:26:49.225804,SPY,549.42,555.05,547.15,547.42,5461474,505.4915,493.1966881366713,72.59,542.08,468.91,14.98,11.95
2025-08-05 20:26:49.225804,SPY,559.45,560.33,548.96,554.55,6031086,509.459,495.6027003666058,71.35,549.28,469.64,16.88,12.94
2025-08-06 20:26:49.225804,SPY,544.23,550.83,545.09,548.18,8060413,513.0305000000001,497.6645552541899,67.44,553.31,472.75,17.66,13.88
2025-08-07 20:26:49.225804,SPY,560.7,567.13,556.36,563.09,4517131,517.0135,500.2302589697119,70.29,560.59,473.44,19.27,14.96
2025-08-08 20:26:49.225804,SPY,559.69,561.81,549.88,561.22,8103176,520.774,502.6220135199193,65.98,566.03,475.52,20.15,16.0
2025-08-09 20:26:49.225804,SPY,566.43,569.55,559.67,567.71,9127799,524.6105,505.17448357796167,72.94,572.18,477.04,21.14,17.03
2025-08-10 20:26:49.225804,SPY,575.96,576.46,574.66,575.43,9273877,528.82,507.929601869022,79.96,578.8,478.84,22.28,18.08
2025-08-11 20:26:49.225804,SPY,578.13,575.93,572.68,574.42,4917556,532.354,510.5370684623937,78.03,584.8,479.91,22.85,19.03
2025-08-12 20:26:49.225804,SPY,581.88,585.51,573.41,579.55,8772740,536.0905,513.2434579344567,84.67,590.87,481.31,23.44,19.91
2025-08-13 20:26:49.225804,SPY,588.46,594.3,586.41,587.22,1885039,540.06,516.1444987997721,83.76,597.65,482.47,24.24,20.78
2025-08-14 20:26:49.225804,SPY,588.81,593.72,587.07,590.52,5377095,543.513,519.0611851213497,86.45,604.59,482.44,24.86,21.59
2025-08-15 20:26:49.225804,SPY,579.21,583.59,576.67,581.81,1520504,547.0035,521.5219229597282,83.59,608.47,485.53,24.37,22.15
2025-08-16 20:26:49.225804,SPY,582.58,585.49,579.7,584.44,1359750,551.0625,523.9892985299349,81.7,611.07,491.05,23.92,22.5
2025-08-17 20:26:49.225804,SPY,599.2,596.95,592.64,595.51,9704357,555.325,526.7940319209179,81.71,615.24,495.41,24.17,22.84
2025-08-18 20:26:49.225804,SPY,589.89,591.8,585.68,590.03,3203413,559.7155,529.2738738063721,73.81,616.01,503.42,23.66,23.0
2025-08-19 20:26:49.225804,SPY,587.98,594.81,586.86,589.03,7547188,563.3605,531.6172513041614,70.68,617.16,509.57,22.91,22.98
2025-08-20 20:26:49.225804,SPY,585.28,586.57,581.39,585.71,3481291,566.9775000000001,533.7385355667433,73.37,616.15,517.81,21.79,22.74
2025-08-21 20:26:49.225804,SPY,603.13,609.18,600.51,601.15,5830944,571.621,536.3821224072632,73.54,614.6,528.64,21.9,22.58
2025-08-22 20:26:49.225804,SPY,603.82,607.28,605.6,607.01,7853533,575.8615,539.1518430971744,76.99,614.87,536.86,22.21,22.5
2025-08-23 20:26:49.225804,SPY,614.13,610.68,600.91,610.68,2074385,579.734,541.9568688580696,76.2,616.21,543.25,22.48,22.5
2025-08-24 20:26:49.225804,SPY,604.8,607.75,598.88,604.42,9625477,582.5840000000001,544.4064034126551,68.0,617.3,547.87,21.95,22.39
2025-08-25 20:26:49.225804,SPY,608.66,609.76,608.96,609.19,8616769,585.316,546.9469366121588,70.62,619.33,551.3,21.66,22.24
2025-08-26 20:26:49.225804,SPY,604.82,606.0,599.77,603.75,1931179,588.0944999999999,549.1745077254075,64.3,618.19,558.0,20.75,21.94
2025-08-27 20:26:49.225804,SPY,604.78,606.04,601.68,604.25,2772281,590.1524999999999,551.3343309518622,60.99,618.64,561.67,19.84,21.52
2025-08-28 20:26:49.225804,SPY,598.35,601.35,598.56,599.17,6553502,592.05,553.2102395419853,55.46,617.29,566.81,18.5,20.92
2025-08-29 20:26:49.225804,SPY,604.44,607.0,603.73,605.05,5055506,593.917,555.2431713246526,65.21,617.01,570.82,17.7,20.27
2025-08-30 20:26:49.225804,SPY,608.01,614.61,609.07,610.13,5663734,595.6519999999999,557.3955959785878,66.29,618.1,573.2,17.28,19.68
2025-08-31 20:26:49.225804,SPY,610.2,609.84,608.23,608.61,7842319,597.3615,559.4040039794276,59.45,618.15,576.57,16.64,19.07
2025-09-01 20:26:49.225804,SPY,610.89,616.21,605.31,612.19,5910844,598.9934999999999,561.4740430390578,66.44,619.01,578.98,16.23,18.5
2025-09-02 20:26:49.225804,SPY,600.91,609.78,602.51,603.21,5770221,599.793,563.1107472336046,59.41,619.09,580.5,15.0,17.8
2025-09-03 20:26:49.225804,SPY,591.49,591.53,584.1,591.1,1609629,599.822,564.2083649891495,53.2,619.06,580.58,12.91,16.82
2025-09-04 20:26:49.225804,SPY,598.1,601.45,588.88,594.94,3375088,600.4784999999999,565.4135271464378,45.72,617.94,583.01,11.43,15.74
2025-09-05 20:26:49.225804,SPY,596.42,601.48,589.29,596.54,7248312,601.0835,566.6341731406951,42.34,616.98,585.19,10.26,14.65
2025-09-06 20:26:49.225804,SPY,600.58,606.84,596.4,602.04,1358804,601.4100000000001,568.0226369390992,43.84,617.09,585.73,9.67,13.65
2025-09-07 20:26:49.225804,SPY,623.5,628.56,618.69,622.49,4080976,603.033,570.1586119610953,60.71,620.38,585.68,10.73,13.07
2025-09-08 20:26:49.225804,SPY,635.82,632.47,629.58,630.93,6882562,605.1279999999999,572.5418036488956,62.35,625.25,585.0,12.11,12.88
2025-09-09 20:26:49.225804,SPY,619.62,628.37,622.39,623.24,9312212,607.0045,574.529968211684,60.8,626.5,587.51,12.44,12.79
2025-09-10 20:26:49.225804,SPY,634.17,633.57,632.52,633.2,1290797,608.607,576.8307537720102,64.52,631.11,586.1,13.35,12.9
2025-09-11 20:26:49.225804,SPY,622.51,624.99,615.92,622.0,1336824,609.3565,578.6020967613431,60.79,632.62,586.09,13.02,12.92
2025-09-12 20:26:49.225804,SPY,621.14,625.94,617.31,618.27,6832020,609.736,580.1577008099179,56.38,633.34,586.14,12.32,12.8
2025-09-13 20:26:49.225804,SPY,620.37,619.34,617.75,617.92,6071597,610.411,581.6385752879603,53.94,634.14,586.68,11.6,12.56
2025-09-14 20:26:49.225804,SPY,632.53,644.76,625.25,633.01,8845567,611.6020000000001,583.6531409629423,60.84,637.38,585.82,12.1,12.47
2025-09-15 20:26:49.225804,SPY,622.52,628.33,625.71,626.74,1281953,612.7515000000001,585.3428217094936,56.31,639.1,586.4,11.86,12.35
2025-09-16 20:26:49.225804,SPY,621.84,622.42,617.21,619.84,4741976,613.5310000000001,586.6956522306899,57.35,639.74,587.32,10.99,12.08
2025-09-17 20:26:49.225804,SPY,617.16,620.35,618.05,619.23,6623128,614.534,587.9715090059569,63.84,639.95,589.11,10.13,11.69
2025-09-18 20:26:49.225804,SPY,611.47,616.01,606.93,613.8,5737384,614.9714999999999,588.9843910057234,59.14,640.0,589.94,8.91,11.13
2025-09-19 20:26:49.225804,SPY,626.56,624.03,623.42,623.69,9167003,615.6495,590.3453952800088,62.17,640.86,590.44,8.64,10.63
2025-09-20 20:26:49.225804,SPY,612.42,621.15,613.19,614.66,1797075,615.952,591.2989091905968,55.49,640.95,590.95,7.61,10.03
2025-09-21 20:26:49.225804,SPY,608.59,606.99,597.21,605.19,1320476,615.6020000000001,591.8436578497891,41.69,641.02,590.19,5.96,9.22
2025-09-22 20:26:49.225804,SPY,602.57,606.31,594.3,601.76,4166581,615.5295,592.2325340125425,35.28,641.1,589.96,4.32,8.24
2025-09-23 20:26:49.225804,SPY,598.61,602.31,595.67,597.85,8323310,615.867,592.4528267963644,36.67,640.23,591.5,2.68,7.12
2025-09-24 20:26:49.225804,SPY,615.04,620.49,607.28,614.29,7792927,616.8345,593.3091865298404,40.71,639.15,594.52,2.68,6.24
2025-09-25 20:26:49.225804,SPY,618.58,624.91,618.0,622.66,3817495,618.1405,594.4601988227878,50.33,638.42,597.86,3.31,5.65
2025-09-26 20:26:49.225804,SPY,619.22,624.14,620.27,623.65,1343949,619.221,595.6048969081687,52.8,638.15,600.3,3.85,5.29
2025-09-27 20:26:49.225804,SPY,613.91,615.58,609.3,613.38,2982021,618.7655,596.301959774515,47.86,637.8,599.73,3.41,4.91
2025-09-28 20:26:49.225804,SPY,622.25,624.06,619.22,620.84,8085741,618.2610000000001,597.264235861789,43.82,636.45,600.07,3.62,4.66
2025-09-29 20:26:49.225804,SPY,612.73,612.64,604.53,612.53,4236462,617.7254999999999,597.8628932789737,42.93,635.93,599.52,3.08,4.34
2025-09-30 20:26:49.225804,SPY,597.81,604.96,597.97,599.78,6013904,616.0545,597.9380739347002,40.57,634.41,597.7,1.6,3.79
2025-10-01 20:26:49.225804,SPY,610.01,619.75,608.8,609.97,1613159,615.453,598.4099141725551,46.01,633.78,597.13,1.24,3.28
2025-10-02 20:26:49.225804,SPY,612.69,614.73,612.11,612.89,9005667,615.184,598.9777606755921,49.6,633.49,596.87,1.18,2.86
2025-10-03 20:26:49.225804,SPY,618.62,623.71,620.04,620.99,7186613,615.3375,599.8409857471376,48.79,633.79,596.88,1.76,2.64
2025-10-04 20:26:49.225804,SPY,626.51,633.39,618.21,623.98,3568705,614.886,600.7876137570538,54.41,631.91,597.86,2.43,2.6
2025-10-05 20:26:49.225804,SPY,627.3,641.51,627.78,631.67,2760290,615.1324999999999,601.9986877273654,62.75,633.0,597.27,3.55,2.79
2025-10-06 20:26:49.225804,SPY,627.71,630.81,625.59,626.24,4522420,615.4525,602.9493274243315,61.57,633.89,597.01,3.95,3.02
2025-10-07 20:26:49.225804,SPY,618.51,618.65,608.56,617.56,4227041,615.3689999999999,603.5222949763186,58.91,633.75,596.98,3.52,3.12
2025-10-08 20:26:49.225804,SPY,626.18,625.62,623.28,623.66,5386137,615.8620000000001,604.312008898816,54.67,634.6,597.13,3.64,3.22
2025-10-09 20:26:49.225804,SPY,614.51,621.62,614.91,616.99,6785089,615.527,604.8091850204311,47.12,633.91,597.15,3.15,3.21
2025-10-10 20:26:49.225804,SPY,611.6,616.33,610.15,611.35,6980514,615.3615,605.0656875686495,44.04,633.83,596.89,2.29,3.03
2025-10-11 20:26:49.225804,SPY,613.01,614.66,604.7,607.74,6551921,615.489,605.1705625659574,47.08,633.7,597.28,1.3,2.68
2025-10-12 20:26:49.225804,SPY,609.73,610.04,603.29,608.12,7757479,615.807,605.2862267790572,42.89,633.21,598.4,0.53,2.25
2025-10-13 20:26:49.225804,SPY,605.61,608.23,596.14,605.37,3649170,616.183,605.2895120034079,45.73,632.23,600.14,-0.29,1.74
2025-10-14 20:26:49.225804,SPY,595.45,599.51,594.1,594.17,9348201,615.177,604.8534527091566,46.59,634.0,596.35,-1.82,1.03
2025-10-15 20:26:49.225804,SPY,589.32,592.68,587.7,589.12,2909046,613.5,604.2364545636996,36.5,635.26,591.74,-3.41,0.14
2025-10-16 20:26:49.225804,SPY,576.47,575.42,569.83,571.46,1646101,610.8905000000001,602.9511034043388,27.47,639.09,582.69,-6.02,-1.09
2025-10-17 20:26:49.225804,SPY,578.92,579.68,567.92,576.65,7473391,609.054,601.9196875845608,25.1,641.1,577.01,-7.58,-2.39
2025-10-18 20:26:49.225804,SPY,564.01,577.0,563.4,564.2,1344001,606.222,600.4404841498722,19.65,643.47,568.98,-9.71,-3.85
2025-10-19 20:26:49.225804,SPY,556.41,565.26,554.73,555.84,6974825,603.3875,598.6914455557595,11.77,646.74,560.03,-11.94,-5.47
2025-10-20 20:26:49.225804,SPY,555.59,563.63,551.76,556.46,2643420,601.2215,597.0353104359259,13.02,649.39,553.05,-13.5,-7.08
2025-10-21 20:26:49.225804,SPY,553.66,551.15,546.76,550.99,7337817,598.2725,595.2296119874583,13.48,651.18,545.37,-15.0,-8.66
2025-10-22 20:26:49.225804,SPY,559.95,573.84,561.24,563.12,2664242,595.784,593.9704115173619,18.85,650.45,541.12,-15.04,-9.94
2025-10-23 20:26:49.225804,SPY,549.78,554.79,552.1,553.33,1384470,592.4010000000001,592.3766698892301,18.27,648.84,535.96,-15.68,-11.09
2025-10-24 20:26:49.225804,SPY,558.83,559.81,550.59,555.59,7005837,588.9815000000001,590.9340553837701,21.23,645.65,532.31,-15.82,-12.03
2025-10-25 20:26:49.225804,SPY,560.28,562.18,554.73,555.5,4505348,585.173,589.5444845844065,22.03,639.97,530.37,-15.76,-12.78
2025-10-26 20:26:49.225804,SPY,547.81,554.56,544.56,546.79,4186140,581.2005,587.8678381301162,19.86,634.97,527.43,-16.23,-13.47
2025-10-27 20:26:49.225804,SPY,551.22,553.32,544.84,550.98,9110350,577.8715,586.4212562426607,23.64,630.4,525.35,-16.08,-13.99
2025-10-28 20:26:49.225804,SPY,551.32,554.67,545.31,549.88,1862464,574.1825000000001,584.9882658017721,26.21,623.43,524.94,-15.86,-14.36
2025-10-29 20:26:49.225804,SPY,554.56,557.54,555.92,556.0,7214066,571.133,583.8514710644477,32.41,616.63,525.64,-15.02,-14.5
2025-10-30 20:26:49.225804,SPY,562.98,566.17,559.92,562.6,6458102,568.6955,583.0180800423125,44.67,610.16,527.23,-13.67,-14.33
2025-10-31 20:26:49.225804,SPY,580.03,580.86,570.6,579.94,7935730,567.3054999999999,582.8973710210454,51.73,604.95,529.66,-11.07,-13.68
2025-11-01 20:26:49.225804,SPY,592.49,596.12,588.22,591.01,6032841,566.45,583.2155133339455,64.28,600.83,532.07,-8.02,-12.55
2025-11-02 20:26:49.225804,SPY,584.55,595.01,583.99,588.21,4827489,565.592,583.4113755561438,68.33,596.57,534.62,-5.77,-11.19
2025-11-03 20:26:49.225804,SPY,585.3,592.17,577.28,586.49,8871219,565.208,583.5321059264911,66.8,594.85,535.56,-4.07,-9.77
2025-11-04 20:26:49.225804,SPY,597.73,599.48,588.17,595.72,9873863,565.538,584.0100625568248,74.01,596.42,534.65,-1.96,-8.21
2025-11-05 20:26:49.225804,SPY,599.76,606.65,598.27,601.38,3098074,567.034,584.6912365742043,72.07,601.79,532.28,0.16,-6.53
2025-11-06 20:26:49.225804,SPY,604.56,608.11,601.44,606.97,4968669,568.55,585.5649135712943,82.52,607.46,529.64,2.28,-4.77
2025-11-07 20:26:49.225804,SPY,598.6,603.88,587.98,593.75,9808370,570.0274999999999,585.8858973528121,70.42,610.46,529.6,2.85,-3.25
2025-11-08 20:26:49.225804,SPY,593.86,598.22,589.64,593.77,2683641,571.9240000000001,586.1950778487802,70.49,613.11,530.74,3.27,-1.94
2025-11-09 20:26:49.225804,SPY,586.59,588.12,583.83,587.95,9476938,573.4984999999999,586.2638983252986,72.75,614.6,532.4,3.09,-0.94
2025-11-10 20:26:49.225804,SPY,586.47,596.44,584.34,590.46,8850283,575.472,586.4284513321496,72.23,615.8,535.14,3.12,-0.13
2025-11-11 20:26:49.225804,SPY,591.61,590.88,586.98,589.89,5321149,576.8104999999999,586.564198338732,72.66,617.19,536.43,3.06,0.51
2025-11-12 20:26:49.225804,SPY,599.27,600.97,595.04,597.6,3714845,579.024,586.9969748744679,73.15,618.84,539.21,3.6,1.13
2025-11-13 20:26:49.225804,SPY,599.74,603.73,598.52,600.46,3432005,581.2675,587.5249366440966,71.98,620.57,541.96,4.2,1.74
2025-11-14 20:26:49.225804,SPY,604.6,610.66,606.34,607.27,9342724,583.856,588.299252854132,68.08,622.84,544.88,5.17,2.43
2025-11-15 20:26:49.225804,SPY,603.53,604.99,599.34,603.59,6461684,586.696,588.8988899971072,59.22,622.45,550.94,5.58,3.06
2025-11-16 20:26:49.225804,SPY,593.97,602.3,593.8,595.97,5328826,588.9455,589.1761884285932,55.31,620.67,557.22,5.23,3.49
2025-11-17 20:26:49.225804,SPY,590.58,593.3,592.41,592.82,7314646,591.0925,589.3190830000209,54.25,616.96,565.23,4.64,3.72
2025-11-18 20:26:49.225804,SPY,592.66,596.71,589.33,592.9,4822342,592.9375,589.4595111176671,47.84,612.84,573.04,4.14,3.81
2025-11-19 20:26:49.225804,SPY,593.74,598.47,593.57,596.25,3212519,594.62,589.7258047993273,45.93,608.5,580.74,3.96,3.84
2025-11-20 20:26:49.225804,SPY,616.06,620.48,609.57,615.45,1769055,596.3955000000001,590.7345967679811,55.54,611.41,581.38,5.31,4.13
2025-11-21 20:26:49.225804,SPY,616.82,618.04,612.86,615.32,4161746,597.6110000000001,591.6987302280603,66.98,614.59,580.63,6.29,4.56
2025-11-22 20:26:49.225804,SPY,605.42,609.34,606.23,607.46,3323235,598.5735,592.3168192387246,59.59,615.49,581.65,6.37,4.92
2025-11-23 20:26:49.225804,SPY,601.47,607.25,602.81,604.78,5832736,599.488,592.8055714254414,62.34,615.62,583.36,6.14,5.17
2025-11-24 20:26:49.225804,SPY,604.89,602.02,592.6,601.14,6233364,599.759,593.1324117616987,57.7,615.8,583.71,5.6,5.25
2025-11-25 20:26:49.225804,SPY,603.11,607.26,603.49,605.39,5920408,599.9595,593.613101496534,60.61,616.19,583.73,5.45,5.29
2025-11-26 20:26:49.225804,SPY,591.26,600.42,592.06,592.83,4081060,599.2525,593.5823916339249,46.94,615.43,583.08,4.27,5.09
2025-11-27 20:26:49.225804,SPY,594.08,597.78,589.92,593.57,1423378,599.2435,593.5819056874965,45.45,615.43,583.06,3.36,4.74
2025-11-28 20:26:49.225804,SPY,596.51,599.53,593.51,595.09,2659030,599.3095000000001,593.641046640928,41.36,615.41,583.2,2.72,4.34
2025-11-29 20:26:49.225804,SPY,596.62,603.17,596.54,597.23,4778018,599.7735,593.7817899099113,45.39,615.01,584.54,2.37,3.94
2025-11-30 20:26:49.225804,SPY,593.62,596.38,588.95,592.53,5551583,599.8770000000001,593.7327001095226,47.39,614.88,584.88,1.69,3.49
2025-12-01 20:26:49.225804,SPY,589.86,593.58,589.38,590.81,3318098,599.923,593.6180844189531,48.44,614.8,585.05,1.0,2.99
2025-12-02 20:26:49.225804,SPY,577.23,581.82,574.66,579.48,3255356,599.017,593.063649735857,41.15,616.47,581.56,-0.46,2.3
2025-12-03 20:26:49.225804,SPY,579.04,579.51,573.55,575.75,4051015,597.7814999999999,592.384683079549,36.55,618.07,577.49,-1.89,1.47
2025-12-04 20:26:49.225804,SPY,577.34,573.97,568.09,571.65,2992383,596.0005,591.5715582529,14.16,618.87,573.13,-3.32,0.51
2025-12-05 20:26:49.225804,SPY,579.08,580.02,567.19,575.18,2332538,594.58,590.9287520469039,18.88,618.95,570.21,-4.12,-0.42
2025-12-06 20:26:49.225804,SPY,566.57,577.56,559.7,566.25,4990697,593.0939999999999,589.9609578489861,18.58,620.54,565.65,-5.41,-1.42
2025-12-07 20:26:49.225804,SPY,576.83,582.92,565.38,572.63,2311778,592.0845,589.2813124431436,26.79,621.01,563.15,-5.85,-2.3
2025-12-08 20:26:49.225804,SPY,585.67,587.48,580.34,584.84,9879016,591.6815,589.1071433277264,39.53,620.79,562.58,-5.16,-2.87
2025-12-09 20:26:49.225804,SPY,567.43,574.36,567.49,568.51,4387483,590.2945,588.2994122168351,29.49,621.08,559.51,-5.86,-3.47
2025-12-10 20:26:49.225804,SPY,573.17,572.58,569.59,572.1,7745036,588.127,587.6641411495082,37.2,617.53,558.73,-6.05,-3.99
2025-12-11 20:26:49.225804,SPY,577.49,582.28,572.64,577.71,9259239,586.2465,587.2737826730569,40.76,613.02,559.48,-5.69,-4.33
2025-12-12 20:26:49.225804,SPY,570.6,578.25,562.21,572.85,4080405,584.516,586.7081441368587,37.53,609.95,559.08,-5.73,-4.61
2025-12-13 20:26:49.225804,SPY,567.87,575.12,569.39,569.92,9016665,582.7729999999999,586.0497855432563,34.82,607.12,558.43,-5.92,-4.87
2025-12-14 20:26:49.225804,SPY,570.91,577.08,566.66,569.09,8274240,581.1705,585.3846959141091,36.38,604.63,557.71,-6.08,-5.11
2025-12-15 20:26:49.225804,SPY,562.77,567.56,565.52,566.96,6451883,579.249,584.6621588194382,36.21,600.55,557.95,-6.3,-5.35
2025-12-16 20:26:49.225804,SPY,566.12,568.21,562.79,564.75,6812130,577.845,583.881289846127,40.48,599.08,556.61,-6.58,-5.6
2025-12-17 20:26:49.225804,SPY,548.4,554.45,549.61,552.0,1034173,575.7665,582.6310431854945,36.25,598.6,552.93,-7.74,-6.02
2025-12-18 20:26:49.225804,SPY,556.33,561.14,557.81,561.09,2247909,574.0665,581.7862963939065,44.22,595.88,552.25,-7.83,-6.39
2025-12-19 20:26:49.225804,SPY,565.58,573.05,568.06,569.77,1176110,572.6935000000001,581.3150690843415,47.2,591.64,553.75,-7.13,-6.53
2025-12-20 20:26:49.225804,SPY,568.03,571.82,562.28,563.6,7915545,571.247,580.6203604927988,48.59,588.12,554.38,-6.98,-6.62
2025-12-21 20:26:49.225804,SPY,552.04,553.81,544.77,552.47,9924659,569.33,579.5164247871988,39.77,585.54,553.12,-7.68,-6.83
2025-12-22 20:26:49.225804,SPY,556.88,560.13,553.21,556.68,9110788,568.19,578.6208787171126,34.45,584.6,551.78,-7.8,-7.03
2025-12-23 20:26:49.225804,SPY,555.61,559.81,551.27,552.47,7050909,567.0260000000001,577.5953540615395,39.77,584.45,549.6,-8.14,-7.25
2025-12-24 20:26:49.225804,SPY,555.84,555.75,549.14,553.77,2226753,566.1320000000001,576.6610264512831,37.96,584.37,547.89,-8.22,-7.44
2025-12-25 20:26:49.225804,SPY,548.46,559.02,548.89,551.53,4788823,564.9495,575.6754960022132,32.0,583.78,546.12,-8.36,-7.63
2025-12-26 20:26:49.225804,SPY,558.99,557.12,555.54,557.06,6454149,564.49,574.945476551146,39.25,583.63,545.35,-7.93,-7.69
2025-12-27 20:26:49.225804,SPY,563.07,566.36,556.97,562.66,1440214,563.9915,574.4636931569835,45.23,582.75,545.23,-7.06,-7.56
2025-12-28 20:26:49.225804,SPY,556.48,560.23,544.86,557.24,5813904,562.6115000000001,573.7882542096509,42.66,578.8,546.42,-6.73,-7.4
2025-12-29 20:26:49.225804,SPY,546.92,549.96,541.83,546.87,4373407,561.5295,572.7326363975078,38.7,578.91,544.15,-7.22,-7.36
2025-12-30 20:26:49.225804,SPY,537.94,535.37,532.68,535.2,9971968,559.6845000000001,571.2607683034879,34.98,579.94,539.43,-8.46,-7.58
2025-12-31 20:26:49.225804,SPY,538.04,546.73,538.02,539.96,8672306,557.7969999999999,570.0332871935472,43.34,578.01,537.58,-8.95,-7.85
2026-01-01 20:26:49.225804,SPY,532.19,533.25,530.78,531.33,2535775,555.7210000000001,568.5155112251728,33.45,577.86,533.58,-9.92,-8.27
2026-01-02 20:26:49.225804,SPY,527.8,528.94,521.88,527.82,1677318,553.6160000000001,566.9196088241856,25.25,577.97,529.26,-10.85,-8.78
2026-01-03 20:26:49.225804,SPY,519.91,526.7,522.21,523.67,5240436,551.345,565.2235457330411,25.87,577.99,524.7,-11.78,-9.38
2026-01-04 20:26:49.225804,SPY,521.81,523.59,515.02,523.49,2875520,549.1715,563.5869360964513,29.81,577.49,520.85,-12.39,-9.98
2026-01-05 20:26:49.225804,SPY,510.22,512.76,507.76,509.82,4979016,546.425,561.4784287985512,21.16,578.75,514.1,-13.82,-10.75
2026-01-06 20:26:49.225804,SPY,514.01,515.86,509.88,511.35,3806854,544.3925,559.5126080613531,23.83,580.17,508.61,-14.66,-11.53
2026-01-07 20:26:49.225804,SPY,517.34,515.69,508.75,515.27,9752958,542.1015,557.7776038236531,26.29,579.22,504.98,-14.84,-12.19
2026-01-08 20:26:49.225804,SPY,517.34,516.18,506.84,516.1,2566199,539.4179999999999,556.1431879874314,27.79,575.87,502.97,-14.74,-12.7
2026-01-09 20:26:49.225804,SPY,512.4,521.69,508.23,514.08,9242713,536.942,554.4936512036105,21.82,573.2,500.68,-14.66,-13.09
2026-01-10 20:26:49.225804,SPY,518.68,515.85,507.05,514.97,8944837,535.067,552.9437040975866,16.67,571.82,498.31,-14.36,-13.35
2026-01-11 20:26:49.225804,SPY,518.47,520.09,509.26,518.02,3396069,533.134,551.5741470741518,21.65,569.16,497.11,-13.72,-13.42
2026-01-12 20:26:49.225804,SPY,496.68,498.77,493.08,498.68,1713468,530.4445,549.4998667967341,19.17,568.38,492.51,-14.6,-13.66
2026-01-13 20:26:49.225804,SPY,512.21,516.35,505.95,512.58,5999952,528.385,548.0520288831367,35.93,565.45,491.32,-14.01,-13.73
2026-01-14 20:26:49.225804,SPY,517.4,516.35,512.16,515.56,2391801,526.5865000000001,546.7778316720334,34.48,562.39,490.78,-13.16,-13.61
2026-01-15 20:26:49.225804,SPY,511.13,512.6,509.38,511.11,4751493,524.289,545.3790931750908,36.41,557.67,490.9,-12.69,-13.43
2026-01-16 20:26:49.225804,SPY,510.35,515.83,506.31,508.54,5196107,521.583,543.9344228544991,36.88,550.32,492.84,-12.39,-13.22
2026-01-17 20:26:49.225804,SPY,514.49,512.47,508.89,512.23,2699798,519.3325,542.6911121543227,42.17,542.9,495.77,-11.72,-12.92
2026-01-18 20:26:49.225804,SPY,512.42,512.9,505.67,511.6,4177767,517.5690000000001,541.4718528541532,41.91,537.45,497.69,-11.11,-12.56
2026-01-19 20:26:49.225804,SPY,495.88,504.09,492.35,497.59,9033536,515.6885,539.7509958794806,41.72,535.66,495.72,-11.62,-12.37
2026-01-20 20:26:49.225804,SPY,512.51,512.5,510.01,512.23,4064216,514.302,538.6717411391088,50.51,530.71,497.89,-10.72,-12.04
2026-01-21 20:26:49.225804,SPY,511.73,517.73,511.29,511.64,8019163,513.3174999999999,537.6116728591437,47.83,527.66,498.98,-9.94,-11.62
2026-01-22 20:26:49.225804,SPY,522.98,521.29,516.78,519.12,3987224,512.8824999999999,536.8865092176087,51.67,525.83,499.93,-8.62,-11.02
2026-01-23 20:26:49.225804,SPY,511.01,516.88,510.38,514.36,6528540,512.417,536.0031166992711,50.15,524.37,500.47,-7.87,-10.39
2026-01-24 20:26:49.225804,SPY,525.35,531.27,523.49,525.63,3794904,512.524,535.5963278091036,55.16,524.92,500.13,-6.29,-9.57
2026-01-25 20:26:49.225804,SPY,526.69,529.93,524.73,527.92,6385086,513.429,535.2952953460016,54.82,527.52,499.34,-4.8,-8.62
2026-01-26 20:26:49.225804,SPY,533.31,533.23,527.48,532.6,1112564,514.4915,535.1895974892957,69.29,530.93,498.05,-3.2,-7.53
2026-01-27 20:26:49.225804,SPY,520.02,527.36,522.94,525.14,3433390,514.985,534.7954956269704,57.71,532.1,497.87,-2.51,-6.53
2026-01-28 20:26:49.225804,SPY,536.61,536.03,531.93,534.23,7232736,515.8915,534.7733193278735,60.66,535.06,496.73,-1.21,-5.46
2026-01-29 20:26:49.225804,SPY,539.59,545.43,539.14,539.56,2957822,517.1655000000001,534.9610322954079,66.08,539.02,495.31,0.24,-4.32
2026-01-30 20:26:49.225804,SPY,545.54,549.78,542.67,549.6,9373219,518.8969999999999,535.5351094602938,71.39,545.08,492.72,2.18,-3.02
2026-01-31 20:26:49.225804,SPY,544.25,548.35,542.85,545.04,7766083,520.2479999999999,535.9078502657725,66.94,548.91,491.59,3.31,-1.76
2026-02-01 20:26:49.225804,SPY,542.94,541.84,537.89,541.63,6087844,522.3955,536.1322482945658,65.07,550.69,494.1,3.88,-0.63
2026-02-02 20:26:49.225804,SPY,555.85,563.43,558.69,559.41,4201716,524.7370000000001,537.045101302622,79.9,557.07,492.4,5.71,0.64
2026-02-03 20:26:49.225804,SPY,551.47,557.25,547.26,551.46,9722638,526.5319999999999,537.6103914476172,70.29,560.66,492.41,6.44,1.8
2026-02-04 20:26:49.225804,SPY,548.3,554.42,543.55,550.63,8345892,528.508,538.1209643320244,70.11,563.44,493.58,6.87,2.81
2026-02-05 20:26:49.225804,SPY,558.35,563.62,557.08,559.59,5072379,531.0604999999999,538.962887299396,70.56,567.29,494.83,7.85,3.82
2026-02-06 20:26:49.225804,SPY,560.62,560.9,559.63,560.56,5655192,533.4770000000001,539.8098328954982,74.41,570.84,496.11,8.6,4.78
2026-02-07 20:26:49.225804,SPY,565.74,570.2,563.93,565.32,7918243,536.163,540.8102316054786,72.52,574.62,497.71,9.47,5.72
2026-02-08 20:26:49.225804,SPY,561.36,564.33,561.7,562.42,8517426,539.4045,541.6576735033029,69.44,574.99,503.82,9.81,6.53
2026-02-09 20:26:49.225804,SPY,566.14,569.28,556.66,565.52,7543700,542.0690000000001,542.5934510129773,68.89,577.06,507.08,10.22,7.27
2026-02-10 20:26:49.225804,SPY,557.41,561.86,549.16,555.59,2120044,544.2665,543.1031196007036,66.99,576.63,511.9,9.63,7.74
2026-02-11 20:26:49.225804,SPY,568.08,572.29,566.66,568.72,9048847,546.7465,544.107703145774,68.41,578.6,514.89,10.1,8.21
2026-02-12 20:26:49.225804,SPY,571.26,568.26,566.55,568.0,1265549,549.4285,545.0446559635868,65.97,578.73,520.13,10.3,8.63
2026-02-13 20:26:49.225804,SPY,566.18,564.65,562.27,562.89,2402497,551.2915,545.7444733767795,57.9,578.91,523.67,9.93,8.89
2026-02-14 20:26:49.225804,SPY,567.35,572.61,563.98,568.33,8433731,553.312,546.6301803031803,63.7,579.61,527.01,9.96,9.1
2026-02-15 20:26:49.225804,SPY,563.48,566.76,558.83,564.92,8053560,554.928,547.3474281344281,63.7,579.81,530.05,9.6,9.2
2026-02-16 20:26:49.225804,SPY,551.09,557.0,553.0,554.79,1312766,556.4105000000001,547.6392936977838,47.01,576.97,535.85,8.4,9.04
2026-02-17 20:26:49.225804,SPY,544.46,544.85,542.69,544.73,4591780,556.9355,547.5252037488511,45.76,575.56,538.31,6.56,8.55
2026-02-18 20:26:49.225804,SPY,549.41,557.64,547.95,550.21,6559226,557.468,547.6304898763473,49.75,574.54,540.39,5.48,7.93
2026-02-19 20:26:49.225804,SPY,550.91,549.69,547.77,549.2,6755110,557.448,547.6920392929611,43.18,574.56,540.33,4.5,7.25
2026-02-20 20:26:49.225804,SPY,545.08,550.73,545.75,548.39,9932783,557.6155,547.7194103010803,41.99,574.28,540.95,3.61,6.52
2026-02-21 20:26:49.225804,SPY,556.24,559.73,554.21,556.86,4575024,558.3770000000001,548.0778647990772,44.69,573.26,543.49,3.54,5.92
2026-02-22 20:26:49.225804,SPY,550.56,552.87,547.31,548.44,5421119,557.8285000000001,548.0920661795057,41.8,573.35,542.31,2.78,5.29
2026-02-23 20:26:49.225804,SPY,541.53,545.97,541.6,543.12,2162441,557.4114999999999,547.897083192074,37.19,574.06,540.76,1.73,4.58
2026-02-24 20:26:49.225804,SPY,538.78,542.46,537.05,540.43,5762265,556.9015,547.604256400228,40.55,574.99,538.82,0.67,3.8
2026-02-25 20:26:49.225804,SPY,538.21,548.86,538.64,541.34,1961984,555.989,547.3585992864936,29.86,575.3,536.68,-0.09,3.02
2026-02-26 20:26:49.225804,SPY,546.91,544.13,537.71,541.23,9953333,555.0224999999999,547.1182620595723,30.13,575.28,534.76,-0.7,2.28
2026-02-27 20:26:49.225804,SPY,537.68,546.55,537.04,539.29,8980112,553.721,546.8112713905695,31.62,574.53,532.91,-1.32,1.56
2026-02-28 20:26:49.225804,SPY,536.23,542.71,538.72,539.04,3711274,552.5519999999999,546.5065156497628,25.18,573.93,531.18,-1.81,0.88
2026-03-01 20:26:49.225804,SPY,536.71,538.54,532.85,538.44,7283271,551.1980000000001,546.1901817027133,26.44,572.54,529.85,-2.23,0.26
2026-03-02 20:26:49.225804,SPY,531.65,533.35,531.91,533.3,4348776,550.0835,545.6846843810382,29.02,572.75,527.42,-2.94,-0.38
2026-03-03 20:26:49.225804,SPY,526.96,527.57,524.52,527.53,6972518,548.024,544.9727359739386,31.67,571.04,525.0,-3.92,-1.09
2026-03-04 20:26:49.225804,SPY,531.49,533.29,528.09,529.74,5579181,546.111,544.3753737788821,26.55,568.49,523.73,-4.47,-1.76
2026-03-05 20:26:49.225804,SPY,522.81,525.91,523.18,523.44,3057829,544.1385,543.5543787287298,23.68,567.24,521.04,-5.35,-2.48
2026-03-06 20:26:49.225804,SPY,513.4,518.06,512.01,515.3,8056610,541.487,542.4463638766229,20.6,565.06,517.91,-6.63,-3.31
2026-03-07 20:26:49.225804,SPY,510.29,514.62,512.37,513.27,9965974,538.9045,541.3021927442063,6.26,562.98,514.83,-7.71,-4.19
2026-03-08 20:26:49.225804,SPY,512.39,513.7,506.98,512.35,8408890,536.7825,540.1668126365904,7.37,562.4,511.17,-8.55,-5.06
2026-03-09 20:26:49.225804,SPY,528.92,538.24,528.72,528.83,6338849,535.9875,539.722231748881,36.64,561.55,510.43,-7.8,-5.61
2026-03-10 20:26:49.225804,SPY,527.09,529.63,519.08,523.88,3280775,534.671,539.1009677587288,35.16,559.86,509.48,-7.51,-5.99
2026-03-11 20:26:49.225804,SPY,531.18,533.15,529.51,530.98,6488333,533.76,538.7824984348571,41.64,558.04,509.48,-6.63,-6.12
2026-03-12 20:26:49.225804,SPY,536.5,538.11,533.39,536.71,1132517,533.176,538.7012239864313,46.65,556.51,509.84,-5.42,-5.98
2026-03-13 20:26:49.225804,SPY,525.92,532.35,524.87,528.14,9177567,531.74,538.2870583399047,42.49,552.31,511.17,-5.08,-5.8
2026-03-14 20:26:49.225804,SPY,533.38,534.16,533.59,534.03,6296868,531.0195,538.1201148755947,46.86,550.08,511.96,-4.29,-5.5
2026-03-15 20:26:49.225804,SPY,524.62,525.84,524.98,525.54,4148721,530.1405000000001,537.6267770373361,42.65,548.46,511.82,-4.3,-5.26
2026-03-16 20:26:49.225804,SPY,505.97,506.93,504.24,506.72,6970229,528.455,536.4147465652837,36.89,548.87,508.04,-5.76,-5.36
2026-03-17 20:26:49.225804,SPY,509.23,514.74,507.83,511.19,8136904,526.9475,535.4255408176256,41.84,547.81,506.09,-6.49,-5.58
2026-03-18 20:26:49.225804,SPY,500.17,502.48,493.14,499.09,3262802,524.8405,534.000617648307,36.07,548.01,501.67,-7.94,-6.06
2026-03-19 20:26:49.225804,SPY,502.12,503.72,496.4,502.41,6782484,522.9965,532.761769897393,40.17,547.17,498.82,-8.73,-6.59
2026-03-20 20:26:49.225804,SPY,497.46,499.73,493.99,497.86,8313074,520.9375,531.3930730386718,41.57,546.34,495.53,-9.61,-7.19
2026-03-21 20:26:49.225804,SPY,506.14,510.91,504.15,509.64,4945681,519.4975000000001,530.5400113508807,48.4,543.97,495.02,-9.25,-7.61
2026-03-22 20:26:49.225804,SPY,518.46,518.43,515.5,517.44,1361064,518.7045,530.026285415552,52.12,542.31,495.1,-8.24,-7.73
2026-03-23 20:26:49.225804,SPY,515.39,515.91,510.84,514.39,6182467,518.0475,529.413097752197,43.23,541.35,494.75,-7.6,-7.71
2026-03-24 20:26:49.225804,SPY,507.99,513.67,507.17,509.7,5618266,517.0455,528.6400350952481,43.33,539.95,494.14,-7.38,-7.64
2026-03-25 20:26:49.225804,SPY,503.38,509.95,498.86,501.39,8613551,515.943,527.5714062679834,36.25,539.66,492.23,-7.79,-7.67
2026-03-26 20:26:49.225804,SPY,495.8,500.15,496.26,498.53,9243391,515.1045,526.4325275908076,31.77,540.07,490.14,-8.25,-7.79
2026-03-27 20:26:49.225804,SPY,496.74,497.55,495.46,496.78,9135935,514.28,525.2696833715602,33.98,540.56,488.0,-8.66,-7.96
2026-03-28 20:26:49.225804,SPY,493.93,497.45,492.56,494.46,1589823,513.3855,524.0614604942441,29.02,541.12,485.66,-9.06,-8.18
2026-03-29 20:26:49.225804,SPY,493.12,497.87,491.89,495.73,9417758,511.7305,522.9504228278032,32.89,539.53,483.93,-9.18,-8.38
2026-03-30 20:26:49.225804,SPY,500.29,502.91,496.58,499.91,9404586,510.53200000000004,522.046876834556,45.3,538.19,482.87,-8.83,-8.47
2026-03-31 20:26:49.225804,SPY,505.95,502.66,500.57,502.53,8742290,509.1094999999999,521.2815091155538,43.87,535.23,482.99,-8.24,-8.42
2026-04-01 20:26:49.225804,SPY,497.56,507.7,493.76,497.42,5151623,507.145,520.3457636600419,48.69,530.26,484.03,-8.1,-8.36
2026-04-02 20:26:49.225804,SPY,486.89,492.3,477.48,487.79,9354618,505.12750000000005,519.0690670459227,39.55,527.56,482.7,-8.66,-8.42
2026-04-03 20:26:49.225804,SPY,498.19,498.68,495.15,497.3,7917092,503.291,518.2153781421611,49.63,521.35,485.24,-8.25,-8.39
2026-04-04 20:26:49.225804,SPY,492.96,498.09,483.73,492.75,7975169,501.65149999999994,517.2167358620763,37.52,516.94,486.36,-8.19,-8.35
2026-04-05 20:26:49.225804,SPY,488.56,492.54,482.25,488.51,6681368,500.741,516.090981514544,27.43,516.91,484.58,-8.39,-8.36
2026-04-06 20:26:49.225804,SPY,484.35,486.87,484.44,485.17,7374820,499.43999999999994,514.8783940041696,27.31,516.24,482.64,-8.72,-8.43
2026-04-07 20:26:49.225804,SPY,475.81,479.34,471.56,473.12,2606100,498.1415,513.2408099255748,24.51,518.66,477.62,-9.84,-8.71
2026-04-08 20:26:49.225804,SPY,471.03,471.7,468.66,470.17,5587332,496.5295,511.55175855594445,26.48,520.42,472.64,-10.84,-9.14
2026-04-09 20:26:49.225804,SPY,466.25,469.24,460.4,467.24,2423109,494.99850000000004,509.8140425341427,26.46,522.22,467.77,-11.73,-9.66
2026-04-10 20:26:49.225804,SPY,471.25,471.55,468.83,471.45,3655254,493.08899999999994,508.3095702779018,31.62,521.33,464.85,-11.96,-10.12
2026-04-11 20:26:49.225804,SPY,474.81,480.61,475.28,476.22,9220755,491.0280000000001,507.0511557571998,37.22,517.76,464.29,-11.62,-10.42
2026-04-12 20:26:49.225804,SPY,475.26,477.08,470.61,476.42,1578380,489.1295,505.8499339627998,36.26,514.22,464.04,-11.21,-10.58
2026-04-13 20:26:49.225804,SPY,481.56,482.88,479.81,482.8,9059197,487.78450000000004,504.9460149838665,38.2,511.05,464.52,-10.25,-10.51
2026-04-14 20:26:49.225804,SPY,483.06,485.65,481.84,485.26,8403687,486.97799999999995,504.1740143962639,38.06,509.36,464.6,-9.19,-10.25
2026-04-15 20:26:49.225804,SPY,486.85,486.22,480.48,485.34,5320032,486.31850000000003,503.43542559641037,41.03,508.03,464.6,-8.24,-9.85
2026-04-16 20:26:49.225804,SPY,486.04,490.57,484.33,486.61,4153593,485.81000000000006,502.7756049847864,49.0,506.96,464.66,-7.31,-9.34
2026-04-17 20:26:49.225804,SPY,486.59,485.96,483.73,485.51,8527764,485.3625,502.09852243636345,38.33,506.12,464.61,-6.58,-8.79
2026-04-18 20:26:49.225804,SPY,481.75,484.24,481.61,483.05,7726036,484.7285,501.3515215565061,39.99,504.92,464.54,-6.13,-8.26
2026-04-19 20:26:49.225804,SPY,481.32,486.72,479.68,481.44,7056378,483.80499999999995,500.570677573898,42.28,502.72,464.89,-5.83,-7.77
2026-04-20 20:26:49.225804,SPY,472.8,477.44,470.5,474.15,8316037,482.3860000000001,499.5345725710001,38.93,499.57,465.21,-6.12,-7.44
2026-04-21 20:26:49.225804,SPY,477.55,480.3,473.24,476.18,7074826,481.32400000000007,498.6187069799805,53.85,497.16,465.48,-6.11,-7.17
2026-04-22 20:26:49.225804,SPY,469.38,472.22,468.93,469.85,4363160,480.42699999999996,497.49052239253035,49.63,496.75,464.1,-6.54,-7.05
2026-04-23 20:26:49.225804,SPY,474.15,476.46,474.06,475.54,9264597,479.33900000000006,496.6297175928233,59.05,493.71,464.97,-6.35,-6.91
2026-04-24 20:26:49.225804,SPY,470.97,477.41,468.06,474.08,1887036,478.4055,495.74541494212434,53.05,491.48,465.33,-6.24,-6.77
2026-04-25 20:26:49.225804,SPY,475.11,477.24,472.65,474.59,5176198,477.70950000000005,494.91579082674696,47.9,489.97,465.45,-6.05,-6.63
2026-04-26 20:26:49.225804,SPY,476.67,482.09,475.06,478.03,7677185,477.35249999999996,494.25360295118827,51.91,489.11,465.6,-5.55,-6.41
2026-04-27 20:26:49.225804,SPY,482.46,483.35,475.51,482.49,6189044,477.821,493.7922851883966,49.61,489.61,466.03,-4.74,-6.08
2026-04-28 20:26:49.225804,SPY,471.35,475.53,470.73,472.28,3334319,477.9264999999999,492.94866616140064,36.46,489.46,466.39,-4.87,-5.84
2026-04-29 20:26:49.225804,SPY,472.91,471.3,469.29,471.11,9265515,478.12,492.09224788056144,35.49,489.01,467.23,-5.01,-5.67
2026-04-30 20:26:49.225804,SPY,478.11,483.92,477.06,477.07,4498819,478.401,491.5031401205394,41.12,488.85,467.95,-4.58,-5.45
2026-05-01 20:26:49.225804,SPY,466.99,471.1,462.27,466.15,2841373,477.8974999999999,490.50889933149864,34.77,489.68,466.12,-5.07,-5.38
2026-05-02 20:26:49.225804,SPY,467.68,472.46,468.22,468.84,9290870,477.51849999999996,489.65913857340064,38.86,489.97,465.07,-5.18,-5.34
2026-05-03 20:26:49.225804,SPY,455.43,454.8,451.36,454.58,9278872,476.10749999999996,488.2834860803261,32.43,491.97,460.25,-6.34,-5.54
2026-05-04 20:26:49.225804,SPY,451.43,449.12,443.07,448.36,2210852,474.2625,486.71785917521527,32.89,493.8,454.73,-7.68,-5.97
2026-05-05 20:26:49.225804,SPY,447.28,451.5,447.37,448.77,4369980,472.434,485.2297078350108,31.41,494.31,450.56,-8.6,-6.49
2026-05-06 20:26:49.225804,SPY,439.05,441.87,434.64,438.75,3499383,470.041,483.40697419442216,29.91,495.55,444.53,-10.03,-7.2
2026-05-07 20:26:49.225804,SPY,430.11,436.21,431.83,432.96,8262392,467.4135,481.4286614809154,22.54,496.76,438.07,-11.49,-8.06
2026-05-08 20:26:49.225804,SPY,426.76,426.17,424.35,424.38,4807508,464.4799999999999,479.1914590698991,20.64,498.58,430.38,-13.2,-9.09
2026-05-09 20:26:49.225804,SPY,433.66,435.29,432.54,434.35,2883557,462.1255,477.4329704789227,28.62,497.77,426.48,-13.58,-9.99
2026-05-10 20:26:49.225804,SPY,436.87,438.3,431.87,435.51,4379125,460.1935,475.78893242092573,26.85,497.25,423.14,-13.64,-10.72
2026-05-11 20:26:49.225804,SPY,436.08,441.38,437.66,439.11,3146109,458.34,474.35054291422273,26.15,495.74,420.94,-13.24,-11.22
2026-05-12 20:26:49.225804,SPY,441.07,439.58,436.15,437.92,2200110,456.74350000000004,472.9218941724885,29.03,494.79,418.69,-12.87,-11.55
2026-05-13 20:26:49.225804,SPY,435.33,439.2,435.41,435.95,8013843,454.76399999999995,471.4720159696459,28.75,492.82,416.71,-12.6,-11.76
2026-05-14 20:26:49.225804,SPY,427.39,427.05,422.9,426.45,1601896,452.3825,469.7064467159343,20.67,491.3,413.47,-12.99,-12.01
2026-05-15 20:26:49.225804,SPY,425.15,429.73,424.76,424.9,4286398,449.89799999999997,467.94933115844674,23.18,489.19,410.61,-13.28,-12.26
2026-05-16 20:26:49.225804,SPY,420.16,427.32,417.4,420.59,6765921,447.026,466.0921024855665,19.28,486.05,408.0,-13.69,-12.55
2026-05-17 20:26:49.225804,SPY,428.66,428.7,425.34,425.79,3995289,444.191,464.5116278782894,29.28,480.51,407.87,-13.45,-12.73
2026-05-18 20:26:49.225804,SPY,429.89,438.08,425.88,432.74,7280677,442.21400000000006,463.26568168698395,38.87,476.34,408.09,-12.55,-12.69
2026-05-19 20:26:49.225804,SPY,442.32,450.96,439.07,441.79,5738715,440.74799999999993,462.423498091416,45.57,472.05,409.45,-10.98,-12.35
2026-05-20 20:26:49.225804,SPY,448.84,448.66,445.71,447.21,9674533,439.255,461.8268903231252,55.7,465.74,412.77,-9.19,-11.72
2026-05-21 20:26:49.225804,SPY,443.63,448.87,442.02,443.69,9514618,438.13199999999995,461.1156397222183,57.45,461.54,414.73,-7.97,-10.97
2026-05-22 20:26:49.225804,SPY,436.84,439.43,433.98,437.04,9661148,436.54200000000003,460.17149698801364,59.04,454.95,418.13,-7.45,-10.26
2026-05-23 20:26:49.225804,SPY,441.63,443.18,437.05,441.88,9842031,435.907,459.4541833806406,55.8,452.48,419.33,-6.57,-9.53
2026-05-24 20:26:49.225804,SPY,442.05,444.91,437.32,444.24,4423129,435.701,458.85754873826255,56.6,451.71,419.69,-5.62,-8.74
2026-05-25 20:26:49.225804,SPY,433.71,436.6,431.98,433.64,8569014,434.94449999999995,457.86862525833067,46.26,449.74,420.15,-5.66,-8.13
2026-05-26 20:26:49.225804,SPY,436.85,442.31,434.13,435.95,9843495,434.8045,457.00907132663144,48.67,449.5,420.11,-5.44,-7.59
2026-05-27 20:26:49.225804,SPY,441.19,442.91,437.47,441.07,3291144,435.21000000000004,456.3840097059793,53.31,450.14,420.28,-4.8,-7.03
2026-05-28 20:26:49.225804,SPY,441.12,445.78,439.09,441.6,4681497,436.0709999999999,455.8042446194703,61.07,450.34,421.8,-4.19,-6.46
2026-05-29 20:26:49.225804,SPY,439.77,444.02,431.99,440.63,6042099,436.38500000000005,455.2091762030205,61.6,450.77,422.0,-3.75,-5.92
2026-05-30 20:26:49.225804,SPY,435.41,440.53,435.16,435.89,4766439,436.404,454.4515614499609,61.21,450.79,422.02,-3.74,-5.48
2026-05-31 20:26:49.225804,SPY,429.56,430.2,426.99,427.41,5735401,435.81899999999996,453.39110805976634,51.13,450.68,420.95,-4.37,-5.26
2026-06-01 20:26:49.225804,SPY,428.73,437.18,427.22,432.34,8714417,435.53999999999996,452.56557441036375,49.71,450.45,420.63,-4.42,-5.09
2026-06-02 20:26:49.225804,SPY,430.72,434.2,429.51,430.65,4761404,435.275,451.70614011976124,41.04,450.34,420.21,-4.54,-4.98
2026-06-03 20:26:49.225804,SPY,428.86,436.46,426.95,429.42,8446092,435.4235,450.8321738405549,34.66,450.18,420.67,-4.68,-4.92
2026-06-04 20:26:49.225804,SPY,442.59,444.35,438.45,440.03,7477359,436.18,450.40855918014097,47.19,450.2,422.16,-3.89,-4.72
2026-06-05 20:26:49.225804,SPY,444.49,447.83,438.19,444.39,6604064,437.37,450.172537251508,55.85,449.76,424.98,-2.88,-4.35
2026-06-06 20:26:49.225804,SPY,449.51,447.05,440.91,446.85,4265496,438.42299999999994,450.0422416730175,54.11,450.23,426.61,-1.86,-3.85
2026-06-07 20:26:49.225804,SPY,444.1,448.85,442.83,447.9,7009141,439.1809999999999,449.95823219564426,53.1,451.4,426.97,-0.96,-3.27
2026-06-08 20:26:49.225804,SPY,458.45,458.9,447.35,457.61,4211735,439.97200000000004,450.25830152130527,70.6,454.69,425.25,0.54,-2.51
2026-06-09 20:26:49.225804,SPY,469.35,469.4,464.37,468.83,4525604,441.053,450.98660342243056,74.5,460.44,421.66,2.6,-1.49
2026-06-10 20:26:49.225804,SPY,477.73,480.02,472.79,475.08,4931812,442.62249999999995,451.9314425039039,74.92,467.28,417.97,4.68,-0.25
2026-06-11 20:26:49.225804,SPY,475.97,484.01,474.71,479.12,8644844,444.72650000000004,452.9976604449273,76.15,474.11,415.35,6.58,1.11
2026-06-12 20:26:49.225804,SPY,465.3,470.52,461.49,465.58,7018788,445.91150000000005,453.4910855255184,64.8,476.69,415.14,6.92,2.27
2026-06-13 20:26:49.225804,SPY,466.68,467.33,466.05,466.56,2985359,447.0275,454.00359197549807,69.04,479.14,414.92,7.18,3.26
2026-06-14 20:26:49.225804,SPY,464.97,466.07,465.8,465.9,4329876,448.6405,454.4701177803805,76.46,481.16,416.12,7.25,4.05
2026-06-15 20:26:49.225804,SPY,468.95,475.42,464.4,466.68,9053626,450.177,454.9489366909539,75.04,483.07,417.28,7.28,4.7
2026-06-16 20:26:49.225804,SPY,472.36,474.05,471.92,473.0,8086471,451.77349999999996,455.65682152660276,78.92,485.88,417.66,7.73,5.31
2026-06-17 20:26:49.225804,SPY,459.26,456.5,451.99,455.55,2206126,452.471,455.65263244712816,64.61,486.27,418.67,6.6,5.56
2026-06-18 20:26:49.225804,SPY,454.05,453.46,448.13,452.14,4384343,453.04650000000004,455.51488215508397,57.36,486.39,419.7,5.37,5.53
2026-06-19 20:26:49.225804,SPY,455.74,459.35,452.02,454.01,6423908,453.95250000000004,455.4558671686101,56.03,486.3,421.6,4.49,5.32
2026-06-20 20:26:49.225804,SPY,452.26,457.0,448.85,451.25,5488303,455.14450000000005,455.29093120121365,52.75,485.04,425.25,3.53,4.96
2026-06-21 20:26:49.225804,SPY,440.76,443.56,433.67,442.65,1972425,455.66,454.7952084090092,47.0,484.23,427.09,2.06,4.38
2026-06-22 20:26:49.225804,SPY,447.41,449.29,443.25,448.18,9967365,456.53650000000005,454.535788471401,44.35,482.86,430.21,1.32,3.77
2026-06-23 20:26:49.225804,SPY,451.11,455.04,448.27,450.07,7575385,457.5690000000001,454.3606595117382,37.34,480.86,434.28,0.87,3.19
2026-06-24 20:26:49.225804,SPY,445.43,445.34,442.52,444.23,5609492,457.779,453.96337874657206,29.06,480.47,435.09,0.05,2.56
2026-06-25 20:26:49.225804,SPY,448.67,449.34,443.0,446.34,4058240,457.8765,453.6644227172947,27.15,480.34,435.41,-0.43,1.96
2026-06-26 20:26:49.225804,SPY,450.78,455.26,448.7,451.62,6327955,458.11499999999995,453.5842492774008,39.0,480.18,436.05,-0.38,1.49
2026-06-27 20:26:49.225804,SPY,450.27,457.9,447.5,451.83,8609801,458.31149999999997,453.515455188091,38.26,480.07,436.56,-0.31,1.13
2026-06-28 20:26:49.225804,SPY,458.61,459.94,455.55,457.04,1027774,458.283,453.65367263169526,43.41,480.04,436.52,0.15,0.94
2026-06-29 20:26:49.225804,SPY,456.23,459.66,453.31,457.71,9793175,457.72700000000003,453.8127442931974,43.32,478.91,436.54,0.57,0.86
2026-06-30 20:26:49.225804,SPY,456.97,456.72,454.85,455.38,9652605,456.742,453.8742053013073,36.05,476.3,437.18,0.71,0.83
2026-07-01 20:26:49.225804,SPY,450.45,452.95,444.79,448.3,2136242,455.2009999999999,453.6556090149815,43.13,472.0,438.41,0.24,0.71
2026-07-02 20:26:49.225804,SPY,448.75,449.66,444.78,447.93,1151674,454.3185,453.4310753281195,45.77,470.67,437.97,-0.16,0.54
2026-07-03 20:26:49.225804,SPY,448.67,459.23,447.03,449.31,1142250,453.45599999999996,453.26946453093836,45.23,468.88,438.03,-0.36,0.36
2026-07-04 20:26:49.225804,SPY,455.05,455.24,453.0,454.97,5088528,452.90950000000004,453.3361521963918,53.57,467.21,438.61,-0.06,0.28
2026-07-05 20:26:49.225804,SPY,455.5,455.36,451.82,454.42,1365457,452.29650000000004,453.37865603182746,63.34,465.08,439.51,0.13,0.25
2026-07-06 20:26:49.225804,SPY,457.5,458.49,446.52,457.48,8872552,451.52049999999997,453.53949305018716,61.17,460.26,442.78,0.52,0.3
2026-07-07 20:26:49.225804,SPY,455.55,456.76,448.4,451.58,7061393,451.322,453.46265018547393,51.65,459.85,442.79,0.35,0.31
2026-07-08 20:26:49.225804,SPY,445.11,448.69,440.41,446.88,3027002,451.059,453.20450704094554,52.98,459.8,442.31,-0.16,0.22
2026-07-09 20:26:49.225804,SPY,444.57,446.78,444.8,446.36,8666941,450.6764999999999,452.93609500012417,50.02,459.55,441.81,-0.6,0.05
2026-07-10 20:26:49.225804,SPY,438.33,443.39,439.38,440.05,2561073,450.1165,452.4307579412958,36.84,460.17,440.06,-1.44,-0.25
2026-07-11 20:26:49.225804,SPY,444.2,446.13,442.77,445.25,4140897,450.2465,452.1491595906567,43.28,459.95,440.54,-1.67,-0.53
2026-07-12 20:26:49.225804,SPY,444.38,453.32,447.08,448.29,4258830,450.25199999999995,451.99781999886625,40.65,459.95,440.55,-1.59,-0.74
2026-07-13 20:26:49.225804,SPY,449.07,451.68,447.85,450.2,2810237,450.2585,451.92731725381265,42.18,459.96,440.56,-1.35,-0.86
2026-07-14 20:26:49.225804,SPY,451.31,454.41,452.49,452.49,3647959,450.67150000000004,451.94938324385924,46.99,459.99,441.35,-0.97,-0.88
2026-07-15 20:26:49.225804,SPY,465.67,466.44,462.67,465.52,6584752,451.63050000000004,452.4815642931197,65.97,462.83,440.43,0.38,-0.63
2026-07-16 20:26:49.225804,SPY,463.46,465.88,458.96,462.68,3320105,452.1835,452.8815029482914,63.08,464.42,439.94,1.21,-0.26
2026-07-17 20:26:49.225804,SPY,446.72,451.84,445.37,448.95,9563687,452.03950000000003,452.72732636208394,49.74,464.36,439.71,0.75,-0.06
2026-07-18 20:26:49.225804,SPY,451.98,458.82,445.42,450.36,9995626,451.70550000000003,452.6344900341591,46.43,463.82,439.59,0.49,0.05
2026-07-19 20:26:49.225804,SPY,453.46,454.83,446.37,450.22,5503614,451.331,452.5398041504666,46.72,463.12,439.54,0.27,0.09
2026-07-20 20:26:49.225804,SPY,446.8,448.48,440.87,447.17,4376288,450.9205,452.32922359554635,41.95,462.69,439.15,-0.15,0.04
2026-07-21 20:26:49.225804,SPY,444.09,444.63,438.65,441.31,3028157,450.571,451.89709718003473,41.98,463.06,438.08,-0.94,-0.15
2026-07-22 20:26:49.225804,SPY,439.15,439.84,436.61,438.8,2394720,450.1145,451.3834855259157,43.47,463.64,436.59,-1.75,-0.47
2026-07-23 20:26:49.225804,SPY,443.57,443.0,438.7,440.07,5528578,449.65250000000003,450.9398194268602,44.98,463.9,435.4,-2.26,-0.83
2026-07-24 20:26:49.225804,SPY,439.14,438.92,436.79,437.18,9122774,448.76300000000003,450.4002186650225,47.57,463.81,433.71,-2.87,-1.24
2026-07-25 20:26:49.225804,SPY,449.39,452.49,449.85,452.22,5031663,448.65299999999996,450.47158263894323,55.05,463.56,433.75,-2.11,-1.41
2026-07-26 20:26:49.225804,SPY,446.44,446.45,446.17,446.41,1771059,448.0995,450.31230488839645,48.69,462.44,433.76,-1.96,-1.52
2026-07-27 20:26:49.225804,SPY,443.56,447.24,438.95,441.7,6379726,447.6055,449.97456744179266,44.3,462.12,433.09,-2.19,-1.66
2026-07-28 20:26:49.225804,SPY,428.12,430.44,427.95,428.07,7124739,446.66499999999996,449.11556479701653,35.79,463.61,429.72,-3.44,-2.01
2026-07-29 20:26:49.225804,SPY,429.67,432.47,428.57,429.73,7146858,445.8335,448.3553465696826,26.0,464.4,427.27,-4.24,-2.46
2026-07-30 20:26:49.225804,SPY,420.17,420.25,415.08,418.04,3709798,444.733,447.16650944930285,23.24,466.98,422.48,-5.76,-3.12
2026-07-31 20:26:49.225804,SPY,413.91,418.31,414.19,415.09,7217527,443.225,445.9086071179576,26.69,469.12,417.33,-7.11,-3.92
2026-08-01 20:26:49.225804,SPY,413.69,414.41,412.72,413.66,4911948,441.49350000000004,444.6439558584299,24.74,470.41,412.57,-8.21,-4.78
2026-08-02 20:26:49.225804,SPY,410.3,414.32,408.76,409.77,8652623,439.47200000000004,443.2763497463346,23.52,471.33,407.61,-9.28,-5.68
2026-08-03 20:26:49.225804,SPY,419.36,426.69,419.83,419.92,6813944,437.84349999999995,442.3604144621646,33.68,470.23,405.46,-9.21,-6.38
2026-08-04 20:26:49.225804,SPY,425.88,426.96,424.81,425.91,8100176,435.863,441.7153001695307,40.79,465.88,405.85,-8.57,-6.82
2026-08-05 20:26:49.225804,SPY,435.28,435.35,432.1,433.94,3835373,434.42600000000004,441.4103864373922,47.27,461.66,407.19,-7.33,-6.92
2026-08-06 20:26:49.225804,SPY,429.57,431.79,428.23,428.83,9543905,433.41999999999996,440.91703794965133,43.96,459.87,406.97,-6.68,-6.87
2026-08-07 20:26:49.225804,SPY,434.34,436.25,433.78,435.75,4178042,432.68949999999995,440.7144090104493,49.26,457.95,407.43,-5.55,-6.61
2026-08-08 20:26:49.225804,SPY,436.98,440.26,438.41,438.92,6181511,432.1245,440.64404002964733,42.19,456.21,408.04,-4.34,-6.16
2026-08-09 20:26:49.225804,SPY,442.41,445.09,442.04,443.81,7678164,431.95650000000006,440.7681953226023,48.46,455.65,408.27,-2.96,-5.52
2026-08-10 20:26:49.225804,SPY,450.36,450.88,447.7,450.36,8695170,432.409,441.14434452563756,55.03,457.17,407.65,-1.32,-4.68
2026-08-11 20:26:49.225804,SPY,444.61,446.18,440.61,444.89,2827338,432.7135,441.29123297561256,60.8,457.95,407.47,-0.45,-3.83
2026-08-12 20:26:49.225804,SPY,440.98,446.22,440.97,442.45,8519960,432.8325,441.3366748197062,58.08,458.24,407.43,0.03,-3.06
2026-08-13 20:26:49.225804,SPY,446.87,451.3,445.48,447.94,2735437,433.3705,441.5956287483452,70.63,459.61,407.13,0.85,-2.28
2026-08-14 20:26:49.225804,SPY,429.29,433.42,431.75,431.92,1680985,432.3555,441.21619232684145,59.84,457.05,407.66,0.21,-1.78
2026-08-15 20:26:49.225804,SPY,441.98,442.67,436.48,441.24,4750191,432.09700000000004,441.21712596108296,64.76,456.27,407.92,0.44,-1.34
2026-08-16 20:26:49.225804,SPY,444.73,447.38,441.58,444.81,6777733,432.25249999999994,441.35802298221694,68.81,456.73,407.78,0.91,-0.89
2026-08-17 20:26:49.225804,SPY,442.45,449.62,435.16,444.69,2165309,433.0835,441.4886887476202,64.91,458.08,408.09,1.25,-0.46
2026-08-18 20:26:49.225804,SPY,446.27,447.31,445.51,446.22,9099433,433.908,441.6742303653606,62.91,459.52,408.3,1.63,-0.04
2026-08-19 20:26:49.225804,SPY,442.43,441.62,436.55,440.07,6453847,435.0095,441.61131937064056,53.99,459.62,410.39,1.41,0.25
2026-08-20 20:26:49.225804,SPY,436.81,438.73,435.51,438.1,8891382,436.15999999999997,441.4736205717919,56.3,458.94,413.38,1.07,0.41
2026-08-21 20:26:49.225804,SPY,447.35,447.85,442.99,445.01,1765208,437.72749999999996,441.61230211799614,56.29,458.18,417.27,1.35,0.6
2026-08-22 20:26:49.225804,SPY,452.67,454.13,451.53,453.26,7317517,439.90199999999993,442.06907458395705,59.11,456.77,423.03,2.2,0.92
2026-08-23 20:26:49.225804,SPY,471.06,471.78,462.56,470.69,4599426,442.4405,443.19146381595874,64.73,461.76,423.13,4.24,1.58
2026-08-24 20:26:49.225804,SPY,470.57,471.94,465.43,470.39,4288568,444.6645,444.258073078078,61.79,466.09,423.24,5.76,2.42
2026-08-25 20:26:49.225804,SPY,468.91,467.03,465.4,466.29,4353217,446.28200000000004,445.12207021227107,62.8,469.14,423.43,6.56,3.25
2026-08-26 20:26:49.225804,SPY,463.45,463.51,462.24,463.16,6072954,447.99850000000004,445.8294400078683,62.28,470.49,425.51,6.86,3.97
2026-08-27 20:26:49.225804,SPY,454.75,461.04,452.9,456.84,1004077,449.05300000000005,446.26122667422646,55.23,471.1,427.01,6.52,4.48
2026-08-28 20:26:49.225804,SPY,454.13,457.83,456.1,456.52,7367796,449.933,446.6635315105313,67.72,471.68,428.19,6.15,4.81
2025-04-16 20:26:49.502781,QQQ,390.82,394.15,388.32,388.8,2255485,375.6785,388.8,50.0,388.99,362.36,0.0,0.0
2025-04-17 20:26:49.502781,QQQ,385.18,385.84,378.16,385.66,4570988,375.6785,388.67686274509805,50.0,388.99,362.36,-0.25,-0.05
2025-04-18 20:26:49.502781,QQQ,382.58,385.45,381.44,383.0,9972256,375.6785,388.45424067666283,50.0,388.99,362.36,-0.66,-0.17
2025-04-19 20:26:49.502781,QQQ,380.3,378.37,376.51,377.49,2815618,375.6785,388.02427045404863,50.0,388.99,362.36,-1.41,-0.42
2025-04-20 20:26:49.502781,QQQ,381.2,382.98,377.57,382.19,7361209,375.6785,387.79547553428205,50.0,388.99,362.36,-1.6,-0.66
2025-04-21 20:26:49.502781,QQQ,371.57,370.89,367.75,370.33,8760973,375.6785,387.1105549250945,50.0,388.99,362.36,-2.68,-1.06
2025-04-22 20:26:49.502781,QQQ,378.99,381.25,376.91,379.54,7770939,375.6785,386.81367041822807,50.0,388.99,362.36,-2.77,-1.4
2025-04-23 20:26:49.502781,QQQ,373.55,375.97,373.87,375.7,2586300,375.6785,386.37784020574856,50.0,388.99,362.36,-3.11,-1.74
2025-04-24 20:26:49.502781,QQQ,377.26,379.32,375.81,377.51,7695440,375.6785,386.03008176630743,50.0,388.99,362.36,-3.19,-2.03
2025-04-25 20:26:49.502781,QQQ,378.11,378.02,371.79,376.35,3610869,375.6785,385.65047071664833,50.0,388.99,362.36,-3.32,-2.29
2025-04-26 20:26:49.502781,QQQ,383.91,389.4,382.2,384.2,4187637,375.6785,385.5935895120739,50.0,388.99,362.36,-2.75,-2.38
2025-04-27 20:26:49.502781,QQQ,374.35,374.11,369.49,373.52,6989571,375.6785,385.12011541356117,50.0,388.99,362.36,-3.12,-2.53
2025-04-28 20:26:49.502781,QQQ,372.28,372.51,367.81,372.0,9025996,375.6785,384.60560108361756,50.0,388.99,362.36,-3.5,-2.72
2025-04-29 20:26:49.502781,QQQ,370.24,373.61,366.82,370.17,5680918,375.6785,384.03949908033843,35.84,388.99,362.36,-3.91,-2.96
2025-04-30 20:26:49.502781,QQQ,375.54,378.26,371.46,376.17,1809613,375.6785,383.73089127326637,41.2,388.99,362.36,-3.7,-3.11
2025-05-01 20:26:49.502781,QQQ,370.82,372.87,369.92,370.62,7002928,375.6785,383.2167386743148,39.86,388.99,362.36,-3.94,-3.28
2025-05-02 20:26:49.502781,QQQ,366.87,372.27,368.22,369.88,5456121,375.6785,382.69372931453773,40.92,388.99,362.36,-4.14,-3.45
2025-05-03 20:26:49.502781,QQQ,364.89,367.17,361.14,365.54,9384882,375.6785,382.02103404730093,41.6,388.99,362.36,-4.6,-3.68
2025-05-04 20:26:49.502781,QQQ,363.26,366.43,360.21,365.9,7478893,375.6785,381.3888366336813,37.8,388.99,362.36,-4.88,-3.92
2025-05-05 20:26:49.502781,QQQ,369.4,372.27,365.54,369.0,6085149,375.6785,380.90299990294875,48.85,388.99,362.36,-4.79,-4.09
2025-05-06 20:26:49.502781,QQQ,364.07,367.75,362.52,363.56,3327430,374.4165,380.22288225969584,35.26,387.27,361.56,-5.1,-4.29
2025-05-07 20:26:49.502781,QQQ,368.33,371.11,367.97,369.51,9722361,373.60900000000004,379.80276922990384,44.51,385.48,361.74,-4.81,-4.4
2025-05-08 20:26:49.502781,QQQ,375.5,374.68,373.61,374.3,2998376,373.174,379.5869743581429,47.29,384.2,362.14,-4.15,-4.35
2025-05-09 20:26:49.502781,QQQ,377.66,382.37,375.58,377.06,8901191,373.15250000000003,379.4878773244903,50.58,384.15,362.16,-3.36,-4.15
2025-05-10 20:26:49.502781,QQQ,382.39,384.89,379.86,381.94,5096498,373.14,379.5840389980397,48.05,384.09,362.19,-2.32,-3.78
2025-05-11 20:26:49.502781,QQQ,377.94,380.64,374.16,378.48,1329095,373.5475,379.5407433510578,54.89,384.67,362.43,-1.75,-3.38
2025-05-12 20:26:49.502781,QQQ,378.7,381.93,377.87,377.98,2790716,373.4695,379.4795377294477,56.02,384.43,362.51,-1.33,-2.97
2025-05-13 20:26:49.502781,QQQ,374.83,375.06,367.19,373.25,1129410,373.34700000000004,379.23524213221447,52.93,384.26,362.43,-1.35,-2.64
2025-05-14 20:26:49.502781,QQQ,371.03,373.91,370.12,372.01,9555602,373.072,378.95189930350017,45.65,383.82,362.33,-1.46,-2.41
2025-05-15 20:26:49.502781,QQQ,373.67,379.13,373.32,374.9,9203771,372.9995,378.7930012915982,54.74,383.67,362.33,-1.3,-2.19
2025-05-16 20:26:49.502781,QQQ,373.23,376.28,370.31,371.46,6039721,372.3625,378.50543261349634,51.65,381.65,363.07,-1.43,-2.03
2025-05-17 20:26:49.502781,QQQ,366.14,371.95,368.52,369.57,3064146,372.165,378.1550234913985,54.44,381.52,362.81,-1.66,-1.96
2025-05-18 20:26:49.502781,QQQ,362.37,366.94,362.76,366.2,5807075,371.875,377.6861990407554,50.31,381.6,362.15,-2.1,-1.99
2025-05-19 20:26:49.502781,QQQ,359.45,363.19,360.22,362.08,7792910,371.4705,377.0741912352356,43.0,382.13,360.82,-2.75,-2.14
2025-05-20 20:26:49.502781,QQQ,359.12,359.69,355.06,358.86,3578840,370.605,376.3599092260107,45.03,382.4,358.81,-3.48,-2.41
2025-05-21 20:26:49.502781,QQQ,359.15,360.06,358.38,358.93,4802317,370.02049999999997,375.6763833740103,37.21,382.92,357.12,-4.01,-2.73
2025-05-22 20:26:49.502781,QQQ,354.26,355.49,346.3,353.55,2667736,369.204,374.8086820652256,25.27,384.06,354.35,-4.8,-3.14
2025-05-23 20:26:49.502781,QQQ,354.95,355.84,353.52,354.84,8028138,368.669,374.0255964940403,22.55,384.8,352.54,-5.27,-3.57
2025-05-24 20:26:49.502781,QQQ,365.47,368.43,362.64,363.23,8546506,368.5355,373.6022397687839,28.73,384.8,352.27,-4.91,-3.84
2025-05-25 20:26:49.502781,QQQ,369.44,368.19,366.7,367.13,3554177,368.442,373.3484264445178,37.23,384.72,352.16,-4.26,-3.92
2025-05-26 20:26:49.502781,QQQ,367.99,367.54,359.9,366.29,1107605,368.57849999999996,373.07162540747794,36.94,384.73,352.43,-3.76,-3.89
2025-05-27 20:26:49.502781,QQQ,360.28,364.07,360.21,361.95,4656825,368.2005,372.6354832346357,37.27,384.61,351.79,-3.68,-3.85
2025-05-28 20:26:49.502781,QQQ,358.88,362.85,356.98,358.36,1324116,367.4035,372.0756603626892,35.39,384.11,350.69,-3.86,-3.85
2025-05-29 20:26:49.502781,QQQ,365.73,369.98,366.68,367.0,5514317,366.9005,371.87661485827,42.47,382.98,350.82,-3.27,-3.73
2025-05-30 20:26:49.502781,QQQ,366.67,373.95,362.86,367.4,2183135,366.1735,371.7010613344163,45.89,380.62,351.72,-2.74,-3.54
2025-05-31 20:26:49.502781,QQQ,362.82,369.26,359.8,364.31,5540115,365.46500000000003,371.4112157918902,44.81,378.71,352.22,-2.53,-3.33
2025-06-01 20:26:49.502781,QQQ,365.43,366.22,363.7,365.41,5042929,364.8365,371.1758739961298,49.18,376.71,352.97,-2.26,-3.12
2025-06-02 20:26:49.502781,QQQ,377.17,380.05,372.81,376.35,9435328,364.9915,371.3787808982423,62.93,377.39,352.59,-1.14,-2.72
2025-06-03 20:26:49.502781,QQQ,377.24,381.07,372.31,377.12,4976529,365.247,371.60392674537013,67.31,378.44,352.05,-0.2,-2.22
2025-06-04 20:26:49.502781,QQQ,378.69,384.02,377.78,380.5,7626725,365.527,371.9527923631988,69.24,379.78,351.27,0.82,-1.61
2025-06-05 20:26:49.502781,QQQ,379.9,382.78,379.08,382.24,7607814,366.066,372.35621227052434,77.37,381.98,350.15,1.74,-0.94
2025-06-06 20:26:49.502781,QQQ,379.36,385.12,379.69,380.52,7760630,366.6135,372.67636080893516,74.3,383.74,349.48,2.31,-0.29
2025-06-07 20:26:49.502781,QQQ,373.52,377.72,368.76,374.68,2337359,367.0375,372.7549348948593,61.38,384.54,349.53,2.26,0.22
2025-06-08 20:26:49.502781,QQQ,374.19,377.42,371.26,373.02,2611949,367.58450000000005,372.7653296048648,56.13,385.12,350.05,2.06,0.59
2025-06-09 20:26:49.502781,QQQ,371.6,372.51,369.54,372.08,6096262,368.2455,372.7384539340858,56.01,385.39,351.1,1.81,0.83
2025-06-10 20:26:49.502781,QQQ,374.98,378.36,370.35,375.26,3515342,369.062,372.8373380935334,64.16,385.89,352.24,1.85,1.04
2025-06-11 20:26:49.502781,QQQ,379.55,380.47,378.94,379.79,2615594,370.37399999999997,373.10999150163013,72.36,386.17,354.58,2.22,1.27
2025-06-12 20:26:49.502781,QQQ,386.56,389.4,379.82,384.87,9950732,371.8755,373.57116830548773,70.14,387.15,356.6,2.88,1.59
2025-06-13 20:26:49.502781,QQQ,389.07,389.23,385.27,386.54,2834858,373.04100000000005,374.07974994056667,70.97,389.08,357.0,3.51,1.98
2025-06-14 20:26:49.502781,QQQ,392.13,392.62,390.87,391.46,4500847,374.25750000000005,374.76132837426997,78.6,392.01,356.51,4.35,2.45
2025-06-15 20:26:49.502781,QQQ,387.16,390.19,387.01,387.54,2555560,375.32000000000005,375.26245275174955,72.0,393.6,357.04,4.65,2.89
2025-06-16 20:26:49.502781,QQQ,396.69,394.92,393.89,394.48,5925003,376.9465,376.01608205560257,69.58,395.99,357.9,5.38,3.39
2025-06-17 20:26:49.502781,QQQ,398.14,401.85,396.63,397.44,7557246,378.9005,376.8562357004809,70.96,397.93,359.87,6.13,3.94
2025-06-18 20:26:49.502781,QQQ,395.29,397.69,395.51,395.95,9567796,380.348,377.6050107710503,66.58,399.96,360.73,6.53,4.46
2025-06-19 20:26:49.502781,QQQ,400.41,404.02,396.68,398.8,9103961,381.918,378.43618681924437,67.36,402.19,361.65,6.99,4.96
2025-06-20 20:26:49.502781,QQQ,398.86,411.15,397.7,398.53,6489770,383.629,379.2241794929995,69.47,403.41,363.85,7.26,5.42
2025-06-21 20:26:49.502781,QQQ,402.66,407.09,404.94,404.98,4551688,385.60749999999996,380.23421166974464,82.33,405.63,365.59,7.89,5.92
2025-06-22 20:26:49.502781,QQQ,414.8,414.12,408.86,413.76,7082218,387.47799999999995,381.5489484670096,87.74,410.61,364.35,9.0,6.53
2025-06-23 20:26:49.502781,QQQ,427.16,431.42,425.83,426.65,3112812,389.9545,383.3176171545779,91.38,418.41,361.5,10.8,7.39
2025-06-24 20:26:49.502781,QQQ,415.52,418.9,415.76,418.63,7759212,391.861,384.70241648184935,80.64,422.66,361.06,11.44,8.2
2025-06-25 20:26:49.502781,QQQ,406.96,412.0,403.76,410.49,5087221,393.2735,385.7136942668749,70.64,424.8,361.75,11.17,8.79
2025-06-26 20:26:49.502781,QQQ,408.01,409.89,406.21,407.79,3558876,394.63700000000006,386.5794317466053,65.92,426.2,363.08,10.61,9.16
2025-06-27 20:26:49.502781,QQQ,409.96,410.06,403.75,408.85,2540925,396.3455,387.45278736438553,65.63,427.04,365.65,10.14,9.35
2025-06-28 20:26:49.502781,QQQ,415.01,420.14,406.15,414.0,1239871,398.3945,388.4938545265665,65.74,427.99,368.8,10.06,9.49
2025-06-29 20:26:49.502781,QQQ,413.71,416.44,410.77,415.97,8601377,400.589,389.57135042748547,70.4,428.42,372.75,10.04,9.6
2025-06-30 20:26:49.502781,QQQ,404.07,406.29,401.81,404.63,6409255,402.0575,390.161885704839,56.85,427.24,376.88,9.01,9.48
2025-07-01 20:26:49.502781,QQQ,404.14,404.27,399.28,403.07,5368240,403.2215,390.66808626543354,53.87,426.12,380.33,7.98,9.18
2025-07-02 20:26:49.502781,QQQ,405.37,408.36,404.22,407.88,3684437,404.37199999999996,391.34306327463224,57.85,425.64,383.1,7.46,8.84
2025-07-03 20:26:49.502781,QQQ,409.47,409.93,402.82,409.33,6132553,405.51149999999996,392.0484333422937,57.06,425.14,385.89,7.08,8.49
2025-07-04 20:26:49.502781,QQQ,414.19,417.48,410.99,413.84,8066563,406.6305,392.90300458377243,59.71,425.42,387.85,7.07,8.2
2025-07-05 20:26:49.502781,QQQ,414.25,415.3,410.65,412.72,2204645,407.8895,393.6801416589186,55.27,424.54,391.24,6.88,7.94
2025-07-06 20:26:49.502781,QQQ,407.69,413.8,411.19,411.73,4853353,408.752,394.3879792409218,48.46,424.22,393.28,6.58,7.67
2025-07-07 20:26:49.502781,QQQ,413.19,416.63,412.0,412.95,9433801,409.5275,395.11590162363075,37.32,424.14,394.91,6.37,7.41
2025-07-08 20:26:49.502781,QQQ,418.82,415.69,415.27,415.46,5753384,410.503,395.9137094030962,46.73,423.85,397.15,6.33,7.19
2025-07-09 20:26:49.502781,QQQ,415.73,420.64,411.33,416.77,5244556,411.40149999999994,396.73160315199436,57.53,423.82,398.98,6.33,7.02
2025-07-10 20:26:49.502781,QQQ,417.08,417.71,416.27,417.61,1063261,412.3555,397.5503638127005,62.32,423.48,401.24,6.33,6.88
2025-07-11 20:26:49.502781,QQQ,415.49,419.69,413.24,413.91,6727083,412.802,398.1919181729868,55.96,423.38,402.23,5.96,6.7
2025-07-12 20:26:49.502781,QQQ,414.97,418.82,416.21,416.24,6120399,412.92600000000004,398.8996860877716,52.82,423.61,402.24,5.79,6.52
2025-07-13 20:26:49.502781,QQQ,419.03,417.57,416.18,417.1,6136987,412.4485000000001,399.6134238882512,51.47,421.23,403.66,5.66,6.34
2025-07-14 20:26:49.502781,QQQ,424.76,432.37,417.86,423.84,4450532,412.709,400.56348569655506,78.29,422.51,402.9,6.02,6.28
2025-07-15 20:26:49.502781,QQQ,428.39,433.16,426.32,431.1,1016557,413.73949999999996,401.7609960613961,85.35,426.46,401.02,6.83,6.39
2025-07-16 20:26:49.502781,QQQ,432.55,433.45,431.59,432.38,2402050,414.96899999999994,402.96174131389034,83.91,429.84,400.1,7.48,6.61
2025-07-17 20:26:49.502781,QQQ,427.79,432.06,428.34,430.3,8719939,416.0415,404.0338298898162,78.53,432.1,399.98,7.74,6.83
2025-07-18 20:26:49.502781,QQQ,428.29,432.51,425.99,426.67,4101023,416.675,404.9215228353136,67.88,433.38,399.97,7.56,6.98
2025-07-19 20:26:49.502781,QQQ,426.46,429.46,428.7,429.34,9126197,417.34350000000006,405.8791101751052,72.21,434.98,399.71,7.55,7.09
2025-07-20 20:26:49.502781,QQQ,426.85,434.97,428.74,429.97,1405593,418.61049999999994,406.8238509525521,74.61,436.04,401.18,7.51,7.18
2025-07-21 20:26:49.502781,QQQ,426.14,430.35,427.76,428.08,8833760,419.86100000000005,407.65742542500107,70.05,436.14,403.58,7.24,7.19
2025-07-22 20:26:49.502781,QQQ,427.13,431.89,427.99,428.51,2693630,420.89250000000004,408.47517344755005,68.3,436.58,405.2,6.98,7.15
2025-07-23 20:26:49.502781,QQQ,427.24,426.59,421.07,425.0,4095430,421.67600000000004,409.1232058613717,60.87,436.48,406.88,6.41,7.0
2025-07-24 20:26:49.502781,QQQ,429.26,434.05,428.11,429.3,2210953,422.44899999999996,409.9144526903375,64.15,437.14,407.76,6.24,6.85
2025-07-25 20:26:49.502781,QQQ,427.3,430.47,426.35,426.81,4186469,423.1535,410.5770231730694,66.08,437.22,409.09,5.84,6.65
2025-07-26 20:26:49.502781,QQQ,436.14,436.0,427.37,434.28,1913538,424.28100000000006,411.50655167608625,69.94,438.1,410.46,6.05,6.53
2025-07-27 20:26:49.502781,QQQ,435.66,440.2,432.41,436.88,5752553,425.4775000000001,412.50158886525935,71.05,439.31,411.64,6.36,6.49
2025-07-28 20:26:49.502781,QQQ,439.63,442.48,435.93,440.65,9334113,426.73699999999997,413.60544812544526,69.1,441.3,412.17,6.82,6.56
2025-07-29 20:26:49.502781,QQQ,432.71,439.26,432.95,434.18,9544132,427.60749999999996,414.41229329699644,53.56,441.74,413.48,6.6,6.57
2025-07-30 20:26:49.502781,QQQ,436.74,437.17,434.63,435.37,2954501,428.4955,415.23416414809464,53.47,442.2,414.79,6.44,6.54
2025-07-31 20:26:49.502781,QQQ,442.9,441.26,433.78,440.03,6072495,429.80150000000003,416.2065498677772,60.64,442.61,417.0,6.61,6.56
2025-08-01 20:26:49.502781,QQQ,434.86,434.65,433.33,434.41,5874826,430.7099999999999,416.9204106572762,58.11,441.95,419.47,6.22,6.49
2025-08-02 20:26:49.502781,QQQ,431.9,437.65,430.52,432.98,4177977,431.504,417.55019847463797,53.92,440.76,422.25,5.74,6.34
2025-08-03 20:26:49.502781,QQQ,432.44,438.44,429.42,433.34,7310721,431.979,418.16940637759336,53.65,440.53,423.43,5.32,6.13
2025-08-04 20:26:49.502781,QQQ,423.44,426.48,423.22,425.33,1827853,431.69050000000004,418.4502139706289,47.37,440.74,422.64,4.29,5.77
2025-08-05 20:26:49.502781,QQQ,428.61,430.8,423.77,427.36,1379306,431.43949999999995,418.79961734432976,48.93,440.68,422.19,3.6,5.33
2025-08-06 20:26:49.502781,QQQ,430.72,435.28,430.97,432.56,8117421,431.55250000000007,419.3392401935717,56.8,440.79,422.31,3.43,4.95
2025-08-07 20:26:49.502781,QQQ,427.17,429.88,426.9,427.6,8613957,431.599,419.66319155852966,48.49,440.75,422.45,2.86,4.53
2025-08-08 20:26:49.502781,QQQ,427.84,436.54,429.78,429.85,7588541,431.6245,420.06267424250893,52.71,440.75,422.5,2.56,4.14
2025-08-09 20:26:49.502781,QQQ,419.05,425.36,420.81,422.26,9822615,431.23900000000003,420.1488438800576,39.29,441.26,421.21,1.7,3.65
2025-08-10 20:26:49.502781,QQQ,417.91,426.33,414.4,422.2,4031804,430.94500000000005,420.22928137495734,36.31,441.68,420.21,0.99,3.12
2025-08-11 20:26:49.502781,QQQ,411.53,416.49,411.92,413.0,4565085,430.16949999999997,419.94578014456687,26.58,443.56,416.78,-0.31,2.43
2025-08-12 20:26:49.502781,QQQ,420.0,422.37,418.36,419.63,6961823,429.901,419.9333966094858,37.71,443.93,415.88,-0.79,1.79
2025-08-13 20:26:49.502781,QQQ,421.64,424.25,416.11,422.18,1717162,429.54499999999996,420.02149870323143,39.11,443.99,415.1,-0.96,1.24
2025-08-14 20:26:49.502781,QQQ,421.82,423.52,419.86,422.19,8267013,429.314,420.1065379697714,34.04,444.09,414.54,-1.07,0.78
2025-08-15 20:26:49.502781,QQQ,416.05,423.94,414.02,417.84,3603240,428.492,420.0176541278196,34.83,443.92,413.07,-1.5,0.32
2025-08-16 20:26:49.502781,QQQ,423.86,429.42,416.89,425.45,2382057,427.9205,420.23068729927763,43.81,442.88,412.96,-1.21,0.02
2025-08-17 20:26:49.502781,QQQ,435.5,437.51,434.52,437.37,5731955,427.75649999999996,420.90281720910986,52.78,442.19,413.33,-0.02,0.01
2025-08-18 20:26:49.502781,QQQ,426.77,429.44,425.47,426.41,3208046,427.36800000000005,421.11878516169384,50.72,441.49,413.25,0.04,0.01
2025-08-19 20:26:49.502781,QQQ,437.5,434.61,433.09,433.95,7281786,427.297,421.62197005731366,54.08,441.26,413.34,0.69,0.15
2025-08-20 20:26:49.502781,QQQ,443.77,446.85,443.59,444.02,5444071,427.4965,422.50032417271314,56.69,442.31,412.68,1.99,0.52
2025-08-21 20:26:49.502781,QQQ,443.83,446.63,445.34,446.27,1382035,428.08949999999993,423.43246832280283,61.25,444.89,411.29,3.17,1.05
2025-08-22 20:26:49.502781,QQQ,441.32,441.69,437.59,439.08,8269007,428.3945,424.04609701602624,55.25,445.78,411.01,3.48,1.53
2025-08-23 20:26:49.502781,QQQ,442.76,449.9,444.06,444.53,5570187,428.954,424.84938732912326,62.98,447.68,410.23,4.12,2.05
2025-08-24 20:26:49.502781,QQQ,444.58,447.43,437.25,443.59,6798493,429.867,425.5843133162165,62.34,449.6,410.14,4.5,2.54
2025-08-25 20:26:49.502781,QQQ,439.28,442.61,439.41,440.06,9786666,430.50199999999995,426.1519873038158,66.7,450.71,410.3,4.46,2.93
2025-08-26 20:26:49.502781,QQQ,432.93,432.92,425.05,432.79,1029048,430.5135,426.4123015271956,58.06,450.72,410.3,3.8,3.1
2025-08-27 20:26:49.502781,QQQ,442.26,437.07,436.1,436.27,7078717,430.947,426.79887793789385,58.53,451.26,410.63,3.52,3.18
2025-08-28 20:26:49.502781,QQQ,439.94,441.89,440.23,441.25,7017284,431.517,427.3655886069961,60.89,452.34,410.7,3.66,3.28
2025-08-29 20:26:49.502781,QQQ,436.6,439.38,436.09,437.62,8766354,432.285,427.7677223871139,61.39,452.8,411.77,3.43,3.31
2025-08-30 20:26:49.502781,QQQ,441.62,443.05,440.35,440.96,8986672,433.22299999999996,428.2850666072271,59.39,453.51,412.94,3.49,3.35
2025-08-31 20:26:49.502781,QQQ,434.15,435.96,433.57,434.19,5138846,434.28249999999997,428.51663262262997,47.95,452.2,416.37,2.95,3.27
2025-09-01 20:26:49.502781,QQQ,438.49,442.42,438.29,439.21,5811050,435.26149999999996,428.93598036291905,58.96,451.9,418.62,2.89,3.19
2025-09-02 20:26:49.502781,QQQ,438.45,441.09,436.62,439.66,2887700,436.1355,429.3565301526085,54.44,451.68,420.59,2.85,3.12
2025-09-03 20:26:49.502781,QQQ,439.72,442.15,435.45,438.69,1080288,436.96049999999997,429.7225485779964,45.18,451.07,422.85,2.71,3.04
2025-09-04 20:26:49.502781,QQQ,440.13,441.99,437.78,438.24,8730518,437.98049999999995,430.0565662808201,42.49,448.85,427.11,2.53,2.94
2025-09-05 20:26:49.502781,QQQ,442.02,447.61,441.92,443.71,3899396,438.8935,430.59199505412124,54.47,448.3,429.48,2.8,2.91
2025-09-06 20:26:49.502781,QQQ,446.48,451.53,447.57,448.52,1742529,439.4509999999999,431.29505407160667,53.9,449.76,429.14,3.36,3.0
2025-09-07 20:26:49.502781,QQQ,455.31,455.76,447.57,452.0,2856545,440.73049999999995,432.1070127354653,57.84,450.56,430.9,4.04,3.21
2025-09-08 20:26:49.502781,QQQ,450.45,455.69,451.01,453.03,8636031,441.6845,432.92752203995684,62.68,452.41,430.96,4.61,3.49
2025-09-09 20:26:49.502781,QQQ,454.99,460.59,450.13,453.7,5401066,442.16850000000005,433.74212901878207,73.47,454.14,430.2,5.06,3.8
2025-09-10 20:26:49.502781,QQQ,458.58,461.87,456.14,457.77,6294479,442.7434999999999,434.6843984690259,73.81,456.51,428.97,5.67,4.18
2025-09-11 20:26:49.502781,QQQ,457.4,461.3,456.38,459.43,5004899,443.76099999999997,435.6548142153386,71.74,459.29,428.24,6.22,4.59
2025-09-12 20:26:49.502781,QQQ,465.38,464.59,463.56,463.97,7091310,444.733,436.76521365787437,80.83,462.7,426.76,6.95,5.06
2025-09-13 20:26:49.502781,QQQ,460.12,467.42,460.57,462.16,9218391,445.6615,437.7610876320754,75.73,465.23,426.09,7.29,5.5
2025-09-14 20:26:49.502781,QQQ,445.04,450.22,445.29,446.99,2684244,446.008,438.12300576415083,62.9,465.4,426.61,6.26,5.66
2025-09-15 20:26:49.502781,QQQ,451.12,459.36,451.17,453.64,4989806,447.0505,438.7315153420273,64.08,465.68,428.42,5.92,5.71
2025-09-16 20:26:49.502781,QQQ,469.34,472.3,461.19,467.78,2560601,448.62600000000003,439.87067160312426,71.66,468.69,428.56,6.71,5.91
2025-09-17 20:26:49.502781,QQQ,469.98,471.9,469.48,470.83,8379090,450.105,441.0847629128057,73.99,472.15,428.06,7.5,6.23
2025-09-18 20:26:49.502781,QQQ,472.4,471.36,468.39,470.36,6334027,451.742,442.232811426029,73.96,474.72,428.76,7.99,6.58
2025-09-19 20:26:49.502781,QQQ,468.12,473.66,468.31,469.65,1836727,453.17650000000003,443.30799529167496,70.83,476.89,429.46,8.23,6.91
2025-09-20 20:26:49.502781,QQQ,470.2,469.2,468.68,469.05,5436781,454.91949999999997,444.31748567239356,67.68,477.87,431.97,8.28,7.18
2025-09-21 20:26:49.502781,QQQ,471.98,469.93,465.11,469.34,6062278,456.42600000000004,445.2987607440644,65.8,478.99,433.86,8.24,7.4
2025-09-22 20:26:49.502781,QQQ,462.12,467.21,462.09,462.28,4005957,457.5570000000001,445.96469169527757,57.6,478.81,436.3,7.56,7.43
2025-09-23 20:26:49.502781,QQQ,457.08,459.54,456.15,459.15,2969068,458.58000000000004,446.48176260918825,54.3,477.89,439.27,6.68,7.28
2025-09-24 20:26:49.502781,QQQ,452.4,463.14,450.38,453.02,7456822,459.3190000000001,446.7381640754946,46.37,476.35,442.29,5.43,6.91
2025-09-25 20:26:49.502781,QQQ,457.05,456.42,452.52,454.76,5335386,459.8714999999999,447.05274587645556,46.43,475.42,444.32,4.53,6.43
2025-09-26 20:26:49.502781,QQQ,454.41,456.62,453.02,453.07,8209459,460.09900000000005,447.28871662639847,41.3,475.07,445.13,3.64,5.87
2025-09-27 20:26:49.502781,QQQ,455.65,458.89,453.23,456.36,1570069,460.317,447.6444532292848,45.48,474.92,445.72,3.16,5.33
2025-09-28 20:26:49.502781,QQQ,452.25,457.17,450.48,455.43,5620856,460.437,447.9497687889207,58.46,474.82,446.05,2.68,4.8
2025-09-29 20:26:49.502781,QQQ,463.19,463.09,458.04,461.87,7937452,460.8455,448.49566020896305,58.28,474.89,446.81,2.78,4.4
2025-09-30 20:26:49.502781,QQQ,466.44,468.41,459.99,463.42,9389072,461.12800000000004,449.08092843606255,44.12,475.13,447.12,2.95,4.11
2025-10-01 20:26:49.502781,QQQ,481.04,481.89,471.2,477.88,7224821,462.0505,450.2103037915111,57.27,477.9,446.21,4.21,4.13
2025-10-02 20:26:49.502781,QQQ,466.47,466.85,460.73,465.67,4816292,462.1355,450.8165663879224,46.11,478.04,446.23,4.17,4.14
2025-10-03 20:26:49.502781,QQQ,461.33,468.68,461.55,461.68,3674213,462.1115,451.24258339231767,43.73,478.02,446.2,3.77,4.06
2025-10-04 20:26:49.502781,QQQ,466.2,468.0,460.56,467.67,3277678,463.14549999999997,451.8867958083052,49.0,477.53,448.76,3.9,4.03
2025-10-05 20:26:49.502781,QQQ,483.42,486.12,479.01,484.53,1986083,464.68999999999994,453.1669214628815,58.89,481.25,448.13,5.3,4.28
2025-10-06 20:26:49.502781,QQQ,479.86,486.37,478.04,483.04,2296440,465.453,454.3384147388469,62.99,483.91,447.0,6.21,4.67
2025-10-07 20:26:49.502781,QQQ,487.65,487.0,480.81,483.52,9055251,466.0875,455.4827906314411,65.77,486.13,446.05,6.9,5.12
2025-10-08 20:26:49.502781,QQQ,482.14,483.42,480.62,482.19,4889942,466.6789999999999,456.5301321753062,70.13,487.91,445.45,7.25,5.54
2025-10-09 20:26:49.502781,QQQ,496.04,492.61,487.47,491.36,6399372,467.76449999999994,457.89600934490204,72.91,491.69,443.84,8.17,6.07
2025-10-10 20:26:49.502781,QQQ,489.44,489.67,485.87,489.59,7264007,468.7915,459.1389109392196,72.84,494.63,442.95,8.67,6.59
2025-10-11 20:26:49.502781,QQQ,491.21,495.01,489.18,494.41,2870372,470.04499999999996,460.52209090238745,73.35,498.31,441.78,9.34,7.14
2025-10-12 20:26:49.502781,QQQ,496.08,494.24,491.56,492.42,8601586,471.55199999999996,461.7729892983723,72.4,501.26,441.85,9.59,7.63
2025-10-13 20:26:49.502781,QQQ,482.33,485.53,478.9,483.99,3667804,472.794,462.64424462000477,63.08,502.39,443.2,9.02,7.91
2025-10-14 20:26:49.502781,QQQ,485.43,490.16,485.34,486.28,9886077,474.457,463.57113698784775,63.4,503.1,445.82,8.64,8.05
2025-10-15 20:26:49.502781,QQQ,493.1,494.56,489.84,489.87,8576480,476.2125,464.6024649491086,58.06,504.06,448.36,8.54,8.15
2025-10-16 20:26:49.502781,QQQ,501.83,508.92,496.26,498.92,9509562,478.50499999999994,465.94825063737886,73.33,505.88,451.13,9.08,8.34
2025-10-17 20:26:49.502781,QQQ,494.31,506.0,497.95,498.35,7870330,480.60450000000003,467.21890747512873,77.03,507.26,453.95,9.36,8.54
2025-10-18 20:26:49.502781,QQQ,494.29,499.79,493.02,494.29,4068781,482.5475,468.2805189466923,70.2,507.05,458.04,9.14,8.66
2025-10-19 20:26:49.502781,QQQ,496.18,500.14,496.3,498.35,5420056,484.3715,469.4597142821162,63.01,507.81,460.94,9.2,8.77
2025-10-20 20:26:49.502781,QQQ,501.28,502.72,500.14,500.21,6221409,486.21099999999996,470.66560783968026,66.06,508.47,463.96,9.28,8.87
2025-10-21 20:26:49.502781,QQQ,505.99,505.36,500.89,502.35,2504590,487.4345,471.9081330224379,67.08,510.44,464.43,9.41,8.98
2025-10-22 20:26:49.502781,QQQ,500.99,502.59,498.09,502.03,6958136,489.25249999999994,473.0893827078325,68.33,510.71,467.79,9.38,9.06
2025-10-23 20:26:49.502781,QQQ,513.41,514.14,507.19,510.36,8291316,491.68649999999997,474.55097554281946,67.83,510.9,472.47,9.91,9.23
2025-10-24 20:26:49.502781,QQQ,511.27,513.92,505.38,513.17,4196403,493.9615,476.06544709015986,71.7,511.94,475.98,10.44,9.47
2025-10-25 20:26:49.502781,QQQ,531.68,529.17,527.05,527.1,6430207,496.09000000000003,478.06680210623205,75.77,518.82,473.36,11.85,9.95
2025-10-26 20:26:49.502781,QQQ,533.72,536.06,532.44,535.48,8422176,498.712,480.3183000628504,80.84,526.61,470.81,13.49,10.66
2025-10-27 20:26:49.502781,QQQ,539.6,541.76,534.64,540.6,4739945,501.566,482.6822882956798,92.56,534.2,468.93,15.02,11.53
2025-10-28 20:26:49.502781,QQQ,529.38,529.3,528.08,528.75,7899110,503.89400000000006,484.488865225261,77.92,537.34,470.45,15.11,12.24
2025-10-29 20:26:49.502781,QQQ,530.39,537.73,530.62,533.38,5681734,505.995,486.40616462819196,78.21,541.35,470.64,15.38,12.87
2025-10-30 20:26:49.502781,QQQ,540.03,541.99,530.48,536.7,2282962,508.3505,488.3784718976747,76.46,545.34,471.36,15.67,13.43
2025-10-31 20:26:49.502781,QQQ,540.65,548.1,539.59,542.97,6827884,510.7785,490.51931613698156,78.94,550.21,471.34,16.23,13.99
2025-11-01 20:26:49.502781,QQQ,552.45,553.13,546.31,551.1,5907869,513.7125,492.89502922964897,85.0,556.02,471.4,17.13,14.62
2025-11-02 20:26:49.502781,QQQ,545.43,551.72,545.89,548.26,6536133,516.926,495.0662045539765,81.22,559.49,474.36,17.41,15.18
2025-11-03 20:26:49.502781,QQQ,555.01,560.19,551.9,554.76,9055938,520.35,497.40713770872253,82.25,563.55,477.15,17.95,15.73
2025-11-04 20:26:49.502781,QQQ,550.64,550.93,549.86,550.67,7945214,523.3900000000001,499.4958774064197,77.92,566.11,480.67,17.84,16.15
2025-11-05 20:26:49.502781,QQQ,565.12,572.56,565.61,566.0,6980136,526.744,502.1038822140111,81.5,571.84,481.64,18.78,16.68
2025-11-06 20:26:49.502781,QQQ,556.95,557.99,554.91,555.86,9548989,529.6195,504.2119652644421,72.01,574.43,484.81,18.49,17.04
2025-11-07 20:26:49.502781,QQQ,540.25,542.78,537.69,542.67,6979323,532.0385,505.7201234893659,62.97,573.95,490.13,17.0,17.03
2025-11-08 20:26:49.502781,QQQ,533.83,536.32,521.13,530.6,5560787,533.651,506.6958049211555,51.56,572.47,494.83,14.68,16.56
2025-11-09 20:26:49.502781,QQQ,524.71,529.75,521.99,524.29,9543484,534.855,507.38577335562,44.9,570.69,499.02,12.18,15.69
2025-11-10 20:26:49.502781,QQQ,510.65,517.91,514.07,516.42,8794343,535.5585,507.74005675343886,39.26,569.19,501.93,9.47,14.44
2025-11-11 20:26:49.502781,QQQ,535.07,537.12,522.62,530.81,7944528,536.9975,508.6447604101668,50.9,566.84,507.16,8.38,13.23
2025-11-12 20:26:49.502781,QQQ,529.57,531.12,524.05,528.61,5133723,537.9100000000001,509.42771098231714,47.88,565.34,510.48,7.25,12.03
2025-11-13 20:26:49.502781,QQQ,522.29,528.64,516.21,519.07,4409584,538.205,509.8058399634028,42.58,564.62,511.79,5.53,10.73
2025-11-14 20:26:49.502781,QQQ,526.97,527.48,525.53,527.34,6656627,538.217,510.493454082485,43.53,564.61,511.82,4.77,9.54
2025-11-15 20:26:49.502781,QQQ,518.54,523.74,520.77,523.27,1883349,537.6065000000001,510.9944950988581,38.09,564.82,510.39,3.8,8.39
2025-11-16 20:26:49.502781,QQQ,513.71,515.76,510.82,514.58,5060831,536.3055,511.13510313419704,36.27,565.34,507.27,2.3,7.17
2025-11-17 20:26:49.502781,QQQ,518.5,527.3,518.46,521.06,6435687,535.921,511.5243147759933,36.26,565.58,506.27,1.62,6.06
2025-11-18 20:26:49.502781,QQQ,525.7,527.05,524.68,525.78,9601132,535.541,512.0833612553661,39.9,565.53,505.56,1.45,5.14
2025-11-19 20:26:49.502781,QQQ,521.81,526.2,520.36,522.82,5835889,534.847,512.5044059120185,30.53,565.36,504.34,1.06,4.32
2025-11-20 20:26:49.502781,QQQ,533.77,534.65,529.58,533.32,3349591,534.3645,513.3207037193903,39.87,564.64,504.09,1.57,3.77
2025-11-21 20:26:49.502781,QQQ,530.71,535.3,533.95,534.48,4671377,533.5335,514.1504800441201,45.87,562.77,504.3,2.06,3.43
2025-11-22 20:26:49.502781,QQQ,546.92,555.88,545.06,546.8,5538731,533.4605,515.4308533757232,58.14,562.55,504.38,3.39,3.42
2025-11-23 20:26:49.502781,QQQ,549.82,555.01,546.93,550.83,2236565,533.264,516.8190552041262,63.65,561.79,504.74,4.72,3.68
2025-11-24 20:26:49.502781,QQQ,564.5,565.34,561.64,563.07,6603828,533.884,518.632817745141,72.96,564.47,503.3,6.69,4.28
2025-11-25 20:26:49.502781,QQQ,560.32,564.22,562.95,564.14,4127982,533.7909999999999,520.4174131276844,68.88,563.97,503.61,8.24,5.07
2025-11-26 20:26:49.502781,QQQ,553.95,560.54,550.28,554.9,5958133,533.7429999999999,521.7696714364027,63.79,563.78,503.71,8.62,5.78
2025-11-27 20:26:49.502781,QQQ,578.08,575.57,571.64,574.27,6523980,535.323,523.8285078506615,76.26,570.26,500.38,10.36,6.7
2025-11-28 20:26:49.502781,QQQ,567.47,570.66,569.67,570.16,9758947,537.301,525.6454291114198,71.21,575.45,499.16,11.29,7.62
2025-11-29 20:26:49.502781,QQQ,570.49,568.94,564.54,568.81,7838554,539.5269999999999,527.3381573815602,73.18,579.62,499.43,11.77,8.45
2025-11-30 20:26:49.502781,QQQ,566.53,564.14,562.14,563.53,1032705,541.8824999999999,528.7574453273814,75.81,581.8,501.97,11.6,9.08
2025-12-01 20:26:49.502781,QQQ,562.14,566.88,549.04,562.16,5659984,543.45,530.06734943219,72.9,583.99,502.91,11.22,9.51
2025-12-02 20:26:49.502781,QQQ,566.5,568.63,559.31,564.27,6533643,545.233,531.408629846614,72.09,586.16,504.31,10.96,9.8
2025-12-03 20:26:49.502781,QQQ,568.42,569.35,560.84,566.06,8780221,547.5825,532.7675071075311,75.16,587.57,507.6,10.78,9.99
2025-12-04 20:26:49.502781,QQQ,575.08,586.67,565.59,571.49,5037017,549.79,534.286036240569,73.6,589.95,509.63,10.95,10.19
2025-12-05 20:26:49.502781,QQQ,585.22,588.9,585.71,586.08,1038719,552.9304999999999,536.3171720742722,77.36,594.16,511.7,12.12,10.57
2025-12-06 20:26:49.502781,QQQ,585.07,587.11,579.18,585.33,1207081,556.468,538.2392437576341,73.29,595.95,516.99,12.84,11.03
2025-12-07 20:26:49.502781,QQQ,577.48,580.3,575.52,575.63,5102931,559.1965,539.7055479240014,64.03,595.81,522.58,12.48,11.32
2025-12-08 20:26:49.502781,QQQ,564.8,568.47,562.72,566.49,1365217,561.232,540.7559185936484,52.0,594.39,528.07,11.33,11.32
2025-12-09 20:26:49.502781,QQQ,561.61,564.59,558.97,561.5,8238173,563.1659999999999,541.5694119821328,48.52,590.97,535.36,9.9,11.04
2025-12-10 20:26:49.502781,QQQ,547.3,560.68,546.51,548.83,3125493,563.9415,541.8541409240099,46.72,588.97,538.91,7.66,10.36
2025-12-11 20:26:49.502781,QQQ,550.18,560.74,548.42,555.35,1583749,564.985,542.383390299539,38.15,586.31,543.66,6.33,9.55
2025-12-12 20:26:49.502781,QQQ,552.48,552.06,550.82,551.74,9036672,565.232,542.7503161701453,38.39,585.77,544.7,4.94,8.63
2025-12-13 20:26:49.502781,QQQ,553.32,554.02,546.38,549.58,5445075,565.1695,543.018146908571,38.0,585.89,544.44,3.61,7.63
2025-12-14 20:26:49.502781,QQQ,548.95,556.62,546.61,549.77,1550966,564.5045,543.282925461176,40.83,586.34,542.67,2.55,6.61
2025-12-15 20:26:49.502781,QQQ,539.62,542.08,536.22,539.44,4183720,563.2695,543.1322225019142,36.47,587.82,538.72,0.86,5.46
2025-12-16 20:26:49.502781,QQQ,532.27,533.83,525.25,533.24,7845253,562.1865,542.7442922077214,32.38,589.98,534.39,-0.96,4.18
2025-12-17 20:26:49.502781,QQQ,536.86,541.59,535.15,538.45,2098950,560.3955,542.5758885917323,34.91,589.5,531.29,-1.97,2.95
2025-12-18 20:26:49.502781,QQQ,543.59,545.6,537.78,543.3,8539956,559.0525,542.6042851175467,34.5,588.73,529.37,-2.34,1.89
2025-12-19 20:26:49.502781,QQQ,542.49,540.19,532.57,540.18,8964381,557.621,542.509215112937,21.11,588.07,527.17,-2.86,0.94
2025-12-20 20:26:49.502781,QQQ,559.02,555.54,553.1,554.11,1560995,557.15,542.9641478536062,33.15,587.51,526.79,-2.12,0.33
2025-12-21 20:26:49.502781,QQQ,546.18,547.54,541.21,544.38,1847772,556.2610000000001,543.0196714671903,33.14,587.04,525.48,-2.3,-0.2
2025-12-22 20:26:49.502781,QQQ,539.91,548.65,537.55,541.99,4228385,555.147,542.9792921939671,35.74,586.31,523.98,-2.6,-0.68
2025-12-23 20:26:49.502781,QQQ,537.38,540.47,538.01,540.46,2833161,553.867,542.8804964216548,37.24,585.25,522.49,-2.92,-1.13
2025-12-24 20:26:49.502781,QQQ,522.86,525.52,513.88,520.14,5412594,551.2995,541.9887122482565,34.08,584.93,517.67,-4.77,-1.86
2025-12-25 20:26:49.502781,QQQ,535.18,536.38,532.03,534.5,5898205,548.7205,541.6950372581289,39.35,578.85,518.59,-5.01,-2.49
2025-12-26 20:26:49.502781,QQQ,536.11,539.96,533.14,537.43,5300064,546.3255,541.527780895065,42.64,571.39,521.26,-4.92,-2.97
2025-12-27 20:26:49.502781,QQQ,527.66,532.78,525.07,529.9,6218734,544.039,541.0717894874153,40.41,566.0,522.08,-5.38,-3.45
2025-12-28 20:26:49.502781,QQQ,543.63,549.54,538.86,545.39,2932917,542.984,541.2411310761441,48.14,562.27,523.7,-4.45,-3.65
2025-12-29 20:26:49.502781,QQQ,552.76,553.14,542.69,550.04,1798137,542.411,541.5861847594326,54.72,559.99,524.84,-3.3,-3.58
2025-12-30 20:26:49.502781,QQQ,553.49,553.74,551.99,553.54,6622767,542.6465000000001,542.0549618276902,59.27,560.7,524.59,-2.08,-3.28
2025-12-31 20:26:49.502781,QQQ,546.03,550.07,546.75,549.11,2352716,542.3344999999999,542.3316299913103,54.9,559.67,525.0,-1.46,-2.92
2026-01-01 20:26:49.502781,QQQ,552.05,556.9,550.11,550.13,5673191,542.254,542.6374484230237,53.25,559.42,525.09,-0.87,-2.51
2026-01-02 20:26:49.502781,QQQ,539.49,543.77,538.56,538.82,8634707,541.716,542.4877445632973,49.4,558.59,524.85,-1.3,-2.27
2026-01-03 20:26:49.502781,QQQ,544.36,549.75,540.8,545.0,9224695,541.4775,542.5862643843444,45.68,558.0,524.96,-1.13,-2.04
2026-01-04 20:26:49.502781,QQQ,543.7,549.76,540.47,542.38,7377074,541.6245000000001,542.5781755849583,48.98,558.12,525.13,-1.2,-1.87
2026-01-05 20:26:49.502781,QQQ,541.8,546.25,542.17,543.6,4070395,542.1424999999999,542.6182471306463,50.83,558.18,526.11,-1.13,-1.72
2026-01-06 20:26:49.502781,QQQ,555.07,561.26,551.65,552.94,7526453,542.867,543.0230217529738,55.95,559.5,526.24,-0.33,-1.44
2026-01-07 20:26:49.502781,QQQ,552.17,557.55,551.72,555.34,7642547,543.4689999999999,543.5060405077592,70.23,561.01,525.93,0.5,-1.06
2026-01-08 20:26:49.502781,QQQ,555.56,558.63,556.32,557.57,4300665,544.3385000000001,544.0575683309843,65.41,562.89,525.79,1.32,-0.58
2026-01-09 20:26:49.502781,QQQ,556.84,569.53,559.7,559.93,3368600,544.6295,544.68001663173,65.15,563.99,525.27,2.13,-0.04
2026-01-10 20:26:49.502781,QQQ,553.55,556.12,553.5,554.48,2198333,545.1344999999999,545.0643297049955,67.02,564.99,525.28,2.31,0.43
2026-01-11 20:26:49.502781,QQQ,559.45,561.23,555.76,561.15,5236469,546.0925,545.6951403047997,62.43,567.12,525.06,2.96,0.94
2026-01-12 20:26:49.502781,QQQ,572.67,576.86,572.13,573.5,3894519,547.7445,546.7855269595134,66.5,571.87,523.62,4.42,1.63
2026-01-13 20:26:49.502781,QQQ,579.8,584.21,578.34,579.79,3677629,550.7270000000001,548.0798200199247,67.77,575.23,526.22,6.01,2.51
2026-01-14 20:26:49.502781,QQQ,588.46,587.61,586.69,587.16,4324105,553.36,549.6123760975747,74.77,581.56,525.16,7.78,3.56
2026-01-15 20:26:49.502781,QQQ,580.63,585.09,575.13,580.29,7020412,555.503,550.8154201721796,68.24,585.09,525.92,8.53,4.56
2026-01-16 20:26:49.502781,QQQ,574.15,574.24,568.12,573.57,8516741,557.6865,551.7077566360158,72.26,585.72,529.65,8.48,5.34
2026-01-17 20:26:49.502781,QQQ,566.05,566.3,555.14,562.44,9380794,558.539,552.1286289247995,60.5,586.03,531.05,7.46,5.76
2026-01-18 20:26:49.502781,QQQ,571.74,576.63,567.05,572.35,1599506,559.6545,552.921623868925,66.59,587.5,531.81,7.37,6.09
2026-01-19 20:26:49.502781,QQQ,567.22,573.03,566.49,570.55,9869040,560.505,553.6129327368103,64.83,588.6,532.41,7.07,6.28
2026-01-20 20:26:49.502781,QQQ,584.16,591.07,573.45,581.95,5804051,562.147,554.7241902765433,65.61,591.26,533.03,7.66,6.56
2026-01-21 20:26:49.502781,QQQ,580.13,579.02,573.96,575.9,3462490,563.4354999999999,555.5546141872671,60.64,592.59,534.28,7.55,6.76
2026-01-22 20:26:49.502781,QQQ,573.06,577.7,572.22,572.63,2581083,565.126,556.2242371603155,57.71,592.11,538.14,7.12,6.83
2026-01-23 20:26:49.502781,QQQ,575.54,575.26,571.4,573.61,3721194,566.5565,556.9060317814797,57.11,592.04,541.07,6.78,6.82
2026-01-24 20:26:49.502781,QQQ,579.68,583.55,572.46,581.2,2706360,568.4975,557.8587364175,63.58,592.07,544.92,7.05,6.87
2026-01-25 20:26:49.502781,QQQ,582.34,587.58,576.8,581.91,8867701,570.413,558.801923224657,61.23,591.57,549.25,7.23,6.94
2026-01-26 20:26:49.502781,QQQ,585.33,592.9,580.3,583.84,4579996,571.958,559.7838085883959,56.3,592.24,551.68,7.44,7.04
2026-01-27 20:26:49.502781,QQQ,585.08,587.96,584.04,584.2,2202588,573.4010000000001,560.7413062908117,52.9,592.79,554.01,7.55,7.14
2026-01-28 20:26:49.502781,QQQ,584.59,586.08,579.87,585.85,4140934,574.815,561.7259609460741,49.07,593.45,556.18,7.69,7.25
2026-01-29 20:26:49.502781,QQQ,580.84,579.83,574.04,577.08,4156698,575.6725,562.3280801246594,47.78,592.96,558.39,7.0,7.2
2026-01-30 20:26:49.502781,QQQ,578.35,581.93,573.33,577.95,2033964,576.846,562.9407044334963,53.3,590.97,562.72,6.46,7.05
2026-01-31 20:26:49.502781,QQQ,578.82,586.3,573.59,576.67,4667407,577.6220000000001,563.4791081812024,62.58,589.67,565.58,5.85,6.81
2026-02-01 20:26:49.502781,QQQ,577.37,578.11,576.3,576.44,2862465,577.769,563.9873784486063,54.36,589.67,565.86,5.3,6.51
2026-02-02 20:26:49.502781,QQQ,582.63,582.58,576.72,580.6,6593613,577.8095000000001,564.6388538035628,60.2,589.75,565.87,5.13,6.23
2026-02-03 20:26:49.502781,QQQ,577.52,575.6,574.88,575.37,5148122,577.22,565.0596830661682,42.36,588.35,566.09,4.53,5.89
2026-02-04 20:26:49.502781,QQQ,574.42,579.99,572.95,574.92,7147379,576.9515,565.4463621616126,48.69,588.03,565.87,3.96,5.51
2026-02-05 20:26:49.502781,QQQ,574.68,578.4,571.13,572.77,6555735,576.9114999999999,565.7335636454709,50.19,588.05,565.77,3.31,5.07
2026-02-06 20:26:49.502781,QQQ,581.29,581.42,573.53,576.31,2741450,577.605,566.1483258554524,53.47,586.44,568.77,3.04,4.66
2026-02-07 20:26:49.502781,QQQ,587.5,586.11,581.37,582.84,8435293,578.1295,566.8029013121014,52.17,586.89,569.37,3.31,4.39
2026-02-08 20:26:49.502781,QQQ,577.15,578.73,573.85,575.39,5141971,578.3715,567.1396502802543,42.69,586.5,570.24,2.9,4.09
2026-02-09 20:26:49.502781,QQQ,584.22,581.8,570.86,580.3,1322212,578.289,567.6557424261266,46.28,586.3,570.28,2.93,3.86
2026-02-10 20:26:49.502781,QQQ,594.25,601.27,592.21,597.38,1362902,579.363,568.8213995858863,60.25,590.97,567.75,4.28,3.94
2026-02-11 20:26:49.502781,QQQ,589.0,589.2,577.47,585.55,6133666,580.009,569.4774231315379,49.8,591.48,568.54,4.35,4.03
2026-02-12 20:26:49.502781,QQQ,579.24,585.85,577.2,579.07,4569850,580.2819999999999,569.8536026165757,51.38,591.36,569.2,3.84,3.99
2026-02-13 20:26:49.502781,QQQ,568.17,572.97,565.5,572.26,3691605,579.835,569.9479711414159,46.36,591.47,568.2,2.85,3.76
2026-02-14 20:26:49.502781,QQQ,570.65,570.69,567.35,570.27,3408738,579.253,569.9605997241055,45.94,591.59,566.91,1.88,3.38
2026-02-15 20:26:49.502781,QQQ,585.74,584.57,581.29,583.46,9139365,579.234,570.489987970219,53.82,591.54,566.92,2.16,3.14
2026-02-16 20:26:49.502781,QQQ,582.17,587.32,579.28,583.79,9267687,579.2135000000001,571.0115570694261,51.81,591.49,566.94,2.37,2.99
2026-02-17 20:26:49.502781,QQQ,582.9,586.99,572.78,578.42,6296054,578.842,571.302084243174,51.73,590.72,566.97,2.09,2.81
2026-02-18 20:26:49.502781,QQQ,586.8,584.62,577.19,583.65,5551534,579.1705,571.7863162336378,54.7,591.2,567.14,2.26,2.7
2026-02-19 20:26:49.502781,QQQ,576.08,586.24,575.71,579.04,6233154,579.225,572.070774420554,53.29,591.24,567.21,2.0,2.56
2026-02-20 20:26:49.502781,QQQ,590.72,591.02,582.47,588.34,6637763,579.8085,572.7087832668069,55.95,592.42,567.19,2.51,2.55
2026-02-21 20:26:49.502781,QQQ,591.33,596.08,584.15,591.06,4907414,580.5395,573.4284388249713,54.22,594.0,567.08,3.1,2.66
2026-02-22 20:26:49.502781,QQQ,601.45,603.42,600.29,602.78,3890267,581.6485,574.5794804396783,63.48,598.38,564.91,4.47,3.02
2026-02-23 20:26:49.502781,QQQ,596.75,600.2,596.28,597.51,1426045,582.7555,575.4787165008673,58.44,600.63,564.88,5.06,3.43
2026-02-24 20:26:49.502781,QQQ,622.27,635.29,622.63,623.38,1414092,585.1785,577.3571982067158,61.74,610.27,560.09,7.54,4.25
2026-02-25 20:26:49.502781,QQQ,627.71,632.02,627.84,630.78,3848926,588.079,579.4522100417465,71.28,619.69,556.47,9.98,5.4
2026-02-26 20:26:49.502781,QQQ,635.63,642.64,632.54,636.77,1322755,591.1020000000001,581.6999665106977,77.27,628.93,553.28,12.26,6.77
2026-02-27 20:26:49.502781,QQQ,638.32,637.7,632.34,636.56,1734415,593.788,583.8513403730233,82.41,636.46,551.11,13.88,8.19
2026-02-28 20:26:49.502781,QQQ,634.03,632.08,627.67,630.43,8378617,596.54,585.677954476042,79.11,641.27,551.81,14.51,9.46
2026-03-01 20:26:49.502781,QQQ,626.77,623.29,620.75,623.13,2728391,598.6814999999999,587.1466621436482,70.35,644.23,553.13,14.26,10.42
2026-03-02 20:26:49.502781,QQQ,620.77,623.97,618.89,622.19,8370883,599.922,588.5209106870345,69.58,646.66,553.19,13.82,11.1
2026-03-03 20:26:49.502781,QQQ,615.3,619.78,609.13,615.59,3299276,601.424,589.5824436012684,68.72,648.14,554.7,12.79,11.44
2026-03-04 20:26:49.502781,QQQ,616.12,618.85,613.28,618.24,8162467,603.3824999999999,590.7062693423952,67.88,649.44,557.33,12.05,11.56
2026-03-05 20:26:49.502781,QQQ,613.96,614.77,607.17,611.44,4331570,605.3415,591.519356819164,66.38,649.1,561.59,10.8,11.41
2026-03-06 20:26:49.502781,QQQ,612.89,622.23,610.08,616.96,8116662,607.6759999999999,592.5170291007655,65.04,648.43,566.92,10.13,11.15
2026-03-07 20:26:49.502781,QQQ,622.01,625.81,622.48,625.42,8273847,609.774,593.8073416850492,67.03,649.59,569.96,10.16,10.95
2026-03-08 20:26:49.502781,QQQ,618.0,622.41,618.65,619.57,9983858,611.5629999999999,594.8176420111257,58.84,649.64,573.48,9.61,10.68
2026-03-09 20:26:49.502781,QQQ,630.77,632.45,625.81,630.14,2334753,614.1490000000001,596.2028325204934,66.27,649.69,578.61,9.91,10.53
2026-03-10 20:26:49.502781,QQQ,627.5,628.39,626.7,628.3,1879893,616.3815,597.4615449706702,53.23,649.38,583.39,9.88,10.4
2026-03-11 20:26:49.502781,QQQ,638.77,641.75,636.51,638.69,9853973,619.364,599.078347128683,54.99,648.73,590.0,10.58,10.44
2026-03-12 20:26:49.502781,QQQ,642.94,643.57,641.24,642.82,3782575,622.088,600.7937060648131,53.91,649.37,594.81,11.33,10.61
2026-03-13 20:26:49.502781,QQQ,653.75,656.13,652.79,653.14,4531947,625.192,602.8465019054087,59.47,651.73,598.66,12.62,11.02
2026-03-14 20:26:49.502781,QQQ,641.76,644.62,639.29,644.43,5488451,627.2745,604.4772273208829,57.77,652.93,601.62,12.79,11.37
2026-03-15 20:26:49.502781,QQQ,642.84,644.3,640.48,643.72,3961670,629.585,606.0161595828091,62.33,652.08,607.09,12.72,11.64
2026-03-16 20:26:49.502781,QQQ,658.57,657.84,655.26,657.05,4384416,631.2685,608.0174866579931,68.18,656.66,605.88,13.58,12.03
2026-03-17 20:26:49.502781,QQQ,652.42,656.46,650.16,651.69,9086930,632.3140000000001,609.7301342400326,69.07,659.29,605.34,13.67,12.36
2026-03-18 20:26:49.502781,QQQ,636.56,636.01,629.95,633.79,8733872,632.165,610.6736583874823,57.08,659.07,605.26,12.16,12.32
2026-03-19 20:26:49.502781,QQQ,615.35,618.11,616.83,617.19,6999851,631.1965,610.9292011958164,52.4,658.82,603.57,9.52,11.76
2026-03-20 20:26:49.502781,QQQ,598.51,598.23,595.74,596.35,1237156,629.4925000000001,610.3574678155883,42.37,661.22,597.77,5.67,10.54
2026-03-21 20:26:49.502781,QQQ,582.75,582.71,579.02,579.35,4826672,627.3035,609.1414886855653,33.95,666.13,588.48,1.24,8.68
2026-03-22 20:26:49.502781,QQQ,575.94,583.17,576.11,576.27,9788592,625.0074999999999,607.8524106978961,34.62,670.04,579.98,-2.49,6.45
2026-03-23 20:26:49.502781,QQQ,587.42,589.97,586.76,586.8,6111095,623.568,607.0268259646452,34.6,671.61,575.53,-4.55,4.25
2026-03-24 20:26:49.502781,QQQ,583.96,586.23,581.91,583.43,4611641,621.8275,606.1014602405415,34.23,673.09,570.56,-6.38,2.12
2026-03-25 20:26:49.502781,QQQ,587.53,593.17,573.02,586.28,7622399,620.5695,605.3241480742458,30.55,674.09,567.05,-7.51,0.2
2026-03-26 20:26:49.502781,QQQ,586.51,588.45,581.65,585.61,9175756,619.0020000000001,604.551044228197,28.21,674.76,563.24,-8.36,-1.52
2026-03-27 20:26:49.502781,QQQ,589.34,596.65,580.4,585.9,6141583,617.0260000000001,603.819630729052,22.27,674.6,559.45,-8.91,-2.99
2026-03-28 20:26:49.502781,QQQ,585.96,588.64,581.03,584.76,4612099,615.2855000000001,603.0721942298735,23.75,674.61,555.96,-9.34,-4.26
2026-03-29 20:26:49.502781,QQQ,585.59,588.33,580.25,583.57,9599990,612.957,602.3074022992903,23.65,673.47,552.44,-9.65,-5.34
2026-03-30 20:26:49.502781,QQQ,588.31,588.54,587.48,587.53,7048837,610.9185,601.727896326769,16.83,672.0,549.84,-9.48,-6.17
2026-03-31 20:26:49.502781,QQQ,575.85,582.98,571.64,578.26,8072415,607.8969999999999,600.8075866668958,16.22,669.17,546.62,-9.97,-6.93
2026-04-01 20:26:49.502781,QQQ,587.65,589.09,578.71,586.63,5045010,605.0875,600.2516028760372,26.22,664.75,545.42,-9.58,-7.46
2026-04-02 20:26:49.502781,QQQ,593.84,596.65,593.26,594.38,5129441,602.1495,600.021343939722,37.37,657.48,546.82,-8.54,-7.68
2026-04-03 20:26:49.502781,QQQ,591.5,593.18,581.15,593.0,7834889,599.578,599.7459971185565,47.64,651.3,547.86,-7.74,-7.69
2026-04-04 20:26:49.502781,QQQ,597.74,604.87,598.04,599.89,1657112,597.3865000000001,599.7516442903778,66.91,644.77,550.01,-6.48,-7.45
2026-04-05 20:26:49.502781,QQQ,594.14,597.51,588.08,594.31,9379850,594.2495,599.5382464750688,64.26,632.41,556.09,-5.86,-7.13
2026-04-06 20:26:49.502781,QQQ,588.69,601.59,587.76,590.13,9382815,591.1714999999999,599.1692956329093,52.93,618.1,564.25,-5.64,-6.83
2026-04-07 20:26:49.502781,QQQ,596.46,596.39,586.19,591.63,9365323,589.0635,598.8736369806385,57.45,607.06,571.07,-5.28,-6.52
2026-04-08 20:26:49.502781,QQQ,594.07,591.97,588.29,590.3,8421768,587.7189999999999,598.5374159225743,53.76,599.97,575.47,-5.05,-6.23
2026-04-09 20:26:49.502781,QQQ,586.24,589.75,583.92,586.86,3802089,587.2445,598.0794780432576,51.11,598.8,575.69,-5.09,-6.0
2026-04-10 20:26:49.502781,QQQ,583.29,583.26,578.05,581.64,1537658,587.359,597.4347926297964,46.52,598.63,576.09,-5.47,-5.89
2026-04-11 20:26:49.502781,QQQ,580.05,581.9,575.18,577.38,1799462,587.4145000000001,596.648330173726,44.26,598.47,576.36,-6.05,-5.92
2026-04-12 20:26:49.502781,QQQ,584.76,585.97,584.05,585.17,2008295,587.333,596.198199578678,51.13,598.43,576.24,-5.82,-5.9
2026-04-13 20:26:49.502781,QQQ,574.05,572.07,569.47,569.84,6916145,586.6535,595.1645446932397,39.25,600.16,573.15,-6.79,-6.08
2026-04-14 20:26:49.502781,QQQ,574.96,579.24,568.64,572.84,4836729,585.9815,594.2890723523284,46.44,600.83,571.13,-7.23,-6.31
2026-04-15 20:26:49.502781,QQQ,570.96,573.57,569.49,571.19,9084243,585.2605,593.3832263777273,38.86,601.52,569.0,-7.63,-6.57
2026-04-16 20:26:49.502781,QQQ,573.04,578.9,572.97,577.2,7780192,584.8255,592.7485900491889,37.29,601.48,568.18,-7.37,-6.73
2026-04-17 20:26:49.502781,QQQ,579.31,582.79,581.46,581.55,3853999,584.665,592.309429655103,41.88,601.38,567.95,-6.74,-6.74
2026-04-18 20:26:49.502781,QQQ,560.48,560.93,558.56,559.77,8545779,583.475,591.0333735901971,26.52,603.57,563.38,-7.91,-6.97
2026-04-19 20:26:49.502781,QQQ,563.55,566.55,560.93,564.54,4930048,582.3254999999999,589.9944177631306,32.41,604.01,560.64,-8.35,-7.25
2026-04-20 20:26:49.502781,QQQ,567.25,567.74,561.25,567.29,4457484,581.777,589.1040484390863,36.27,604.43,559.13,-8.39,-7.47
2026-04-21 20:26:49.502781,QQQ,565.89,572.5,565.32,567.68,8785864,580.8295,588.2638896767693,35.41,604.2,557.46,-8.28,-7.64
2026-04-22 20:26:49.502781,QQQ,564.78,571.94,563.96,564.22,2430823,579.3215,587.3209920423861,34.51,602.9,555.74,-8.39,-7.79
2026-04-23 20:26:49.502781,QQQ,570.1,578.72,567.86,571.15,6584980,578.229,586.6868354917043,41.04,601.15,555.3,-7.82,-7.79
2026-04-24 20:26:49.502781,QQQ,564.58,574.55,561.08,568.11,1337766,576.64,585.9583321390884,42.09,597.56,555.72,-7.53,-7.74
2026-04-25 20:26:49.502781,QQQ,582.16,583.19,575.31,582.96,7733059,576.0725,585.8407504865752,52.9,595.54,556.6,-6.03,-7.4
2026-04-26 20:26:49.502781,QQQ,586.41,590.82,581.53,587.76,4779498,575.954,585.9160151733761,51.39,595.09,556.82,-4.4,-6.8
2026-04-27 20:26:49.502781,QQQ,601.9,608.6,601.28,605.66,8656254,576.6555,586.6902890881456,68.72,598.97,554.34,-1.65,-5.77
2026-04-28 20:26:49.502781,QQQ,602.74,602.87,596.63,599.33,8701392,577.107,587.1859640258654,63.38,600.9,553.31,0.02,-4.61
2026-04-29 20:26:49.502781,QQQ,584.97,585.92,582.77,585.15,9614104,577.0215000000001,587.1061222993609,56.26,600.68,553.36,0.2,-3.65
2026-04-30 20:26:49.502781,QQQ,590.42,594.88,590.65,591.2,8739467,577.4995,587.2666665229153,56.27,601.93,553.07,0.82,-2.76
2026-05-01 20:26:49.502781,QQQ,600.25,599.94,597.0,598.45,1238342,578.553,587.705228620056,57.38,604.71,552.39,1.87,-1.83
2026-05-02 20:26:49.502781,QQQ,598.78,604.01,595.14,598.97,7798381,579.2429999999999,588.146984360446,71.03,606.83,551.66,2.72,-0.92
2026-05-03 20:26:49.502781,QQQ,588.36,587.0,576.42,586.56,9932661,580.0790000000001,588.0847496796442,60.92,607.48,552.68,2.36,-0.26
2026-05-04 20:26:49.502781,QQQ,579.7,583.53,581.25,583.15,2097899,580.5945,587.8912300843641,57.81,607.81,553.38,1.78,0.14
2026-05-05 20:26:49.502781,QQQ,585.95,592.0,585.56,588.39,3213682,581.4545,587.910789688899,59.73,608.5,554.41,1.72,0.46
2026-05-06 20:26:49.502781,QQQ,588.39,588.82,584.07,587.11,8475114,581.95,587.8793861716872,60.98,609.03,554.87,1.56,0.68
2026-05-07 20:26:49.502781,QQQ,589.89,588.55,582.99,586.39,8189389,582.192,587.8209788708367,57.78,609.35,555.04,1.35,0.81
2026-05-08 20:26:49.502781,QQQ,585.26,593.17,575.9,585.19,7569736,583.463,587.7178032288432,58.88,608.49,558.43,1.08,0.87
2026-05-09 20:26:49.502781,QQQ,578.39,579.0,575.19,577.89,3313766,584.1305,587.3323991806533,47.14,607.71,560.55,0.27,0.75
2026-05-10 20:26:49.502781,QQQ,571.96,578.44,572.35,573.85,7551746,584.4585,586.8036776441571,42.08,607.22,561.7,-0.69,0.46
2026-05-11 20:26:49.502781,QQQ,562.76,564.63,557.61,562.83,9006248,584.216,585.8635334228177,23.55,607.81,560.62,-2.31,-0.09
2026-05-12 20:26:49.502781,QQQ,575.37,577.9,569.98,577.01,3848153,584.8555,585.5163360336876,37.43,606.81,562.9,-2.42,-0.56
2026-05-13 20:26:49.502781,QQQ,573.07,587.45,570.89,573.44,5769286,584.97,585.042754228445,42.51,606.64,563.3,-2.77,-1.0
2026-05-14 20:26:49.502781,QQQ,579.14,579.68,565.45,577.47,9212751,585.438,584.7457834743883,40.99,605.95,564.92,-2.69,-1.34
2026-05-15 20:26:49.502781,QQQ,565.01,576.64,557.21,569.56,8463405,584.7679999999999,584.1502625538241,31.2,606.46,563.07,-3.22,-1.72
2026-05-16 20:26:49.502781,QQQ,576.58,578.75,571.03,576.09,4099670,584.1845000000001,583.8341738262232,36.19,606.17,562.2,-3.08,-1.99
2026-05-17 20:26:49.502781,QQQ,559.73,565.86,555.66,561.54,8188354,581.9785,582.9598924997046,35.28,603.74,560.22,-4.1,-2.41
2026-05-18 20:26:49.502781,QQQ,567.49,575.6,565.63,568.97,3149095,580.4605,582.4112692644221,42.03,601.35,559.58,-4.26,-2.78
2026-05-19 20:26:49.502781,QQQ,571.49,571.15,565.93,568.9,6290737,579.6479999999999,581.881415567778,38.38,601.02,558.27,-4.34,-3.09
2026-05-20 20:26:49.502781,QQQ,586.7,593.02,584.93,586.01,5788146,579.3885,582.0433208396299,49.45,600.29,558.48,-2.99,-3.07
2026-05-21 20:26:49.502781,QQQ,577.87,577.77,574.84,575.72,5665519,578.2520000000001,581.79534747337,45.12,597.17,559.33,-2.72,-3.0
2026-05-22 20:26:49.502781,QQQ,572.48,577.49,570.9,576.54,3262409,577.1305,581.5892554155909,46.03,593.34,560.92,-2.41,-2.88
2026-05-23 20:26:49.502781,QQQ,578.76,582.55,578.31,579.71,3787654,576.7879999999999,581.5155591247834,50.87,592.44,561.13,-1.89,-2.68
2026-05-24 20:26:49.502781,QQQ,588.85,593.44,588.73,589.92,9804686,577.1265,581.8451450414585,57.25,593.63,560.62,-0.64,-2.28
2026-05-25 20:26:49.502781,QQQ,585.31,586.87,582.34,586.7,2602419,577.042,582.0355315104209,61.58,593.32,560.76,0.09,-1.8
2026-05-26 20:26:49.502781,QQQ,588.66,591.54,587.23,587.62,2777085,577.0675,582.2545302747181,55.91,593.41,560.72,0.73,-1.3
2026-05-27 20:26:49.502781,QQQ,572.69,579.43,568.71,570.65,9584227,576.2805000000001,581.7994506561017,48.65,592.25,560.31,-0.13,-1.06
2026-05-28 20:26:49.502781,QQQ,561.84,567.07,557.78,564.34,9918563,575.238,581.1147663166468,43.78,591.48,559.0,-1.31,-1.11
2026-05-29 20:26:49.502781,QQQ,565.91,576.29,566.54,568.1,5994872,574.7485,580.604383323837,49.28,591.24,558.26,-1.91,-1.27
2026-05-30 20:26:49.502781,QQQ,574.18,579.16,576.5,577.07,1258445,574.9095,580.4657800562356,50.47,591.42,558.39,-1.65,-1.35
2026-05-31 20:26:49.502781,QQQ,577.68,580.39,571.48,575.04,6074936,575.52,580.2530043677558,57.39,591.03,560.01,-1.59,-1.4
2026-06-01 20:26:49.502781,QQQ,590.67,596.96,587.13,591.89,3048127,576.264,580.7093571376478,61.38,593.41,559.12,-0.18,-1.15
2026-06-02 20:26:49.502781,QQQ,606.49,611.82,602.4,606.74,2256838,577.929,581.7301666616615,66.38,599.75,556.11,2.12,-0.5
2026-06-03 20:26:49.502781,QQQ,605.66,608.18,601.86,606.46,5995917,579.3785,582.6999640474787,60.36,604.65,554.11,3.87,0.38
2026-06-04 20:26:49.502781,QQQ,584.47,590.28,576.55,586.73,4988523,580.237,582.8580046730677,55.09,605.27,555.2,3.62,1.02
2026-06-05 20:26:49.502781,QQQ,573.53,575.89,569.86,572.67,9051996,580.066,582.4584750780456,48.41,605.27,554.87,2.26,1.27
2026-06-06 20:26:49.502781,QQQ,567.62,567.65,562.38,566.75,6725180,580.3264999999999,581.842456447534,44.78,604.82,555.84,0.7,1.16
2026-06-07 20:26:49.502781,QQQ,577.97,577.19,564.63,575.8,9374489,580.668,581.6054973711601,44.26,604.68,556.66,0.19,0.96
2026-06-08 20:26:49.502781,QQQ,577.98,580.33,568.55,578.5,4435014,581.148,581.4837131605263,46.65,604.54,557.75,0.01,0.77
2026-06-09 20:26:49.502781,QQQ,561.5,567.44,557.93,562.17,5927925,579.956,580.7263126444273,40.77,604.7,555.21,-1.44,0.33
2026-06-10 20:26:49.502781,QQQ,559.29,565.01,554.44,560.6,8619071,579.2,579.9370454819007,45.89,605.37,553.03,-2.69,-0.27
2026-06-11 20:26:49.502781,QQQ,576.91,576.06,571.07,573.49,7829896,579.0475,579.684220168885,53.55,605.32,552.78,-2.6,-0.74
2026-06-12 20:26:49.502781,QQQ,573.04,577.04,567.2,570.74,1484278,578.599,579.3334664367718,51.03,605.13,552.07,-2.72,-1.14
2026-06-13 20:26:49.502781,QQQ,564.96,567.78,559.46,565.05,6328985,577.3555,578.7733304980749,45.18,603.98,550.73,-3.24,-1.56
2026-06-14 20:26:49.502781,QQQ,583.11,585.75,578.98,581.6,1365362,577.1005,578.8841802824641,52.36,603.45,550.76,-2.29,-1.7
2026-06-15 20:26:49.502781,QQQ,580.88,583.0,580.75,582.25,9781488,576.832,579.0161732125636,46.08,602.83,550.83,-1.47,-1.66
2026-06-16 20:26:49.502781,QQQ,583.37,579.94,568.58,578.61,6332248,577.23,579.0002448512867,37.42,603.08,551.38,-1.1,-1.55
2026-06-17 20:26:49.502781,QQQ,580.27,585.7,578.17,581.65,6676007,578.0955,579.1041568179028,39.17,603.27,552.92,-0.55,-1.35
2026-06-18 20:26:49.502781,QQQ,581.13,584.34,580.73,582.01,4727023,578.7909999999999,579.2181114524949,47.52,603.57,554.01,-0.09,-1.09
2026-06-19 20:26:49.502781,QQQ,577.92,580.99,577.99,578.78,7346353,578.8765,579.2009306112207,53.62,603.65,554.11,0.01,-0.87
2026-06-20 20:26:49.502781,QQQ,592.78,596.46,582.55,588.78,1807206,579.5635,579.5765803911728,62.45,604.64,554.48,0.89,-0.52
2026-06-21 20:26:49.502781,QQQ,598.53,602.3,595.29,598.18,3597332,579.8779999999999,580.3061262581857,62.6,605.75,554.0,2.32,0.05
2026-06-22 20:26:49.502781,QQQ,608.05,609.68,603.73,605.42,7962510,579.812,581.2909840519824,64.42,605.41,554.22,3.99,0.84
2026-06-23 20:26:49.502781,QQQ,604.52,604.88,603.63,604.79,8928654,579.7284999999999,582.2125140891596,77.45,604.96,554.49,5.21,1.71
2026-06-24 20:26:49.502781,QQQ,611.73,615.83,610.34,614.71,4982756,581.1275,583.4869253013495,81.46,610.72,551.53,6.89,2.75
2026-06-25 20:26:49.502781,QQQ,616.43,622.21,613.92,614.52,5332127,583.22,584.7039086228652,77.99,616.04,550.4,8.12,3.82
2026-06-26 20:26:49.502781,QQQ,617.19,623.35,611.13,618.74,3063944,585.8195000000001,586.0386573043215,82.1,621.28,550.36,9.32,4.92
2026-06-27 20:26:49.502781,QQQ,624.6,632.68,625.38,627.91,8888165,588.425,587.6806707433677,90.17,628.18,548.67,10.89,6.11
2026-06-28 20:26:49.502781,QQQ,634.17,639.93,628.52,635.23,1130338,591.2615,589.5453503220592,88.86,635.84,546.69,12.58,7.41
2026-06-29 20:26:49.502781,QQQ,653.08,653.81,646.67,651.43,2434771,595.7245,591.9721993290373,90.91,645.6,545.85,15.05,8.94
2026-06-30 20:26:49.502781,QQQ,660.39,661.37,644.68,655.77,3561439,600.483,594.4740738651535,95.25,654.25,546.71,17.16,10.58
2026-07-01 20:26:49.502781,QQQ,637.32,641.96,639.22,640.88,4012934,603.8525,596.2939141057358,80.5,658.93,548.78,17.43,11.95
2026-07-02 20:26:49.502781,QQQ,625.35,635.62,628.35,630.9,2453504,606.8605,597.651015513354,72.9,660.88,552.84,16.65,12.89
2026-07-03 20:26:49.502781,QQQ,645.45,652.38,640.41,643.06,2423291,610.761,599.4317600030264,77.79,663.32,558.2,16.81,13.67
2026-07-04 20:26:49.502781,QQQ,641.13,641.08,635.85,640.36,3932972,613.699,601.0367890225156,73.8,665.96,561.44,16.54,14.25
2026-07-05 20:26:49.502781,QQQ,642.59,651.35,632.95,644.04,1309406,616.7885,602.7231894530051,72.34,668.53,565.05,16.43,14.68
2026-07-06 20:26:49.502781,QQQ,637.79,638.34,631.69,636.73,3949735,619.6945,604.0567898666128,65.24,668.87,570.52,15.57,14.86
2026-07-07 20:26:49.502781,QQQ,647.75,649.18,644.61,645.87,4284312,622.9055,605.6965235973339,68.47,669.96,575.85,15.45,14.98
2026-07-08 20:26:49.502781,QQQ,647.59,648.95,638.03,642.68,4535443,625.939,607.1468560052816,63.38,669.59,582.28,14.93,14.97
2026-07-09 20:26:49.502781,QQQ,655.7,662.0,652.99,656.05,8091688,629.8025,609.0646263580157,67.65,669.37,590.24,15.41,15.06
2026-07-10 20:26:49.502781,QQQ,654.81,652.46,647.0,651.47,4004587,632.937,610.7275821871132,63.87,668.56,597.32,15.25,15.1
2026-07-11 20:26:49.502781,QQQ,660.7,663.13,661.17,661.9,4278899,636.1229999999999,612.7343436699715,64.25,670.01,602.24,15.78,15.23
2026-07-12 20:26:49.502781,QQQ,667.0,670.69,667.37,668.37,4692298,639.2705,614.9161341142864,63.99,672.84,605.7,16.54,15.49
2026-07-13 20:26:49.502781,QQQ,663.08,666.78,660.96,661.96,9096167,642.129,616.7609916000007,54.85,672.96,611.29,16.43,15.68
2026-07-14 20:26:49.502781,QQQ,669.38,677.48,672.36,672.37,8849064,645.012,618.9417370274517,57.24,675.83,614.19,16.98,15.94
2026-07-15 20:26:49.502781,QQQ,660.82,666.53,657.18,664.28,5299724,647.5,620.7197081244144,60.84,675.9,619.1,16.58,16.07
2026-07-16 20:26:49.502781,QQQ,659.53,662.3,649.64,657.0,2850929,649.4129999999999,622.142464668555,62.4,674.63,624.2,15.5,15.96
2026-07-17 20:26:49.502781,QQQ,658.64,665.94,655.89,663.86,2499659,651.2104999999999,623.7784464462587,60.41,675.06,627.36,15.02,15.77
2026-07-18 20:26:49.502781,QQQ,658.68,660.74,657.65,658.38,4047564,652.3679999999999,625.135370115033,58.77,675.18,629.56,14.03,15.42
2026-07-19 20:26:49.502781,QQQ,652.38,659.11,646.94,653.23,9822971,652.458,626.2371203066003,54.41,675.26,629.65,12.69,14.87
2026-07-20 20:26:49.502781,QQQ,649.4,650.91,643.42,650.37,8837157,652.188,627.1835077455572,56.84,674.96,629.42,11.27,14.15
2026-07-21 20:26:49.502781,QQQ,638.24,644.37,638.65,641.66,6745561,652.227,627.7512133241628,47.88,674.92,629.54,9.33,13.19
2026-07-22 20:26:49.502781,QQQ,645.97,652.91,646.88,651.27,8632320,653.2455,628.6735186839995,54.06,673.62,632.88,8.47,12.25
2026-07-23 20:26:49.502781,QQQ,655.3,664.1,640.46,657.03,6667926,653.9440000000001,629.7855375591369,50.5,673.79,634.09,8.16,11.43
2026-07-24 20:26:49.502781,QQQ,653.59,663.46,653.26,656.65,3321986,654.7585,630.8390458901512,52.76,673.57,635.94,7.8,10.7
2026-07-25 20:26:49.502781,QQQ,654.8,656.31,649.19,655.92,8366418,655.3525000000001,631.8226127179885,46.45,673.48,637.23,7.36,10.03
2026-07-26 20:26:49.502781,QQQ,660.51,661.33,649.5,660.27,1582742,656.5295,632.9381965329693,45.07,672.49,640.57,7.28,9.48
2026-07-27 20:26:49.502781,QQQ,674.87,680.43,674.74,676.88,9889599,658.08,634.6614045120685,58.08,675.63,640.53,8.47,9.28
2026-07-28 20:26:49.502781,QQQ,682.42,687.11,677.44,685.36,3810338,660.214,636.6495847272815,57.19,680.1,640.33,9.97,9.42
2026-07-29 20:26:49.502781,QQQ,681.6,685.66,666.53,680.81,6879778,661.452,638.3813657183686,59.52,683.24,639.66,10.68,9.67
2026-07-30 20:26:49.502781,QQQ,686.35,689.06,682.7,688.45,7262222,663.301,640.3448415725502,68.04,687.65,638.95,11.71,10.08
2026-07-31 20:26:49.502781,QQQ,684.94,687.68,684.72,687.58,3750143,664.585,642.1972007265679,64.61,691.22,637.95,12.33,10.53
2026-08-01 20:26:49.502781,QQQ,685.12,690.55,683.35,685.94,5132736,665.4635,643.9126046196436,67.82,693.74,637.19,12.53,10.93
2026-08-02 20:26:49.502781,QQQ,704.99,717.13,696.75,704.18,6401014,667.5745,646.2760318894616,78.17,700.64,634.51,14.01,11.55
2026-08-03 20:26:49.502781,QQQ,706.28,708.54,695.01,700.37,9491540,668.9745,648.3973639722278,77.36,705.13,632.82,14.7,12.18
2026-08-04 20:26:49.502781,QQQ,700.5,697.77,695.55,696.0,3468119,670.5605,650.2641340125326,81.22,708.58,632.54,14.72,12.68
2026-08-05 20:26:49.502781,QQQ,674.26,692.13,669.39,677.68,6396595,671.5945,651.3392660120412,63.79,709.18,634.01,13.12,12.77
2026-08-06 20:26:49.502781,QQQ,661.37,667.16,661.24,664.89,1477371,671.646,651.8706673449024,53.82,709.19,634.1,10.69,12.36
2026-08-07 20:26:49.502781,QQQ,669.49,671.43,660.12,669.32,6817640,672.193,652.5549549000042,55.93,709.24,635.15,9.01,11.69
2026-08-08 20:26:49.502781,QQQ,664.63,664.36,658.89,663.15,7556418,672.689,652.97044686471,53.22,708.92,636.45,7.11,10.77
2026-08-09 20:26:49.502781,QQQ,667.81,671.26,666.56,668.16,5165868,673.5785,653.5661156151135,53.49,708.35,638.81,5.93,9.8
2026-08-10 20:26:49.502781,QQQ,663.89,663.29,655.91,658.17,4105186,674.404,653.7466601007953,41.2,706.68,642.13,4.15,8.67
2026-08-11 20:26:49.502781,QQQ,654.52,652.37,647.25,651.45,3747973,674.413,653.6565949988034,33.78,706.66,642.16,2.17,7.37
2026-08-12 20:26:49.502781,QQQ,662.14,658.1,656.67,657.82,8896235,674.4525,653.819865783164,39.19,706.61,642.29,1.1,6.12
2026-08-13 20:26:49.502781,QQQ,670.41,672.52,670.18,671.53,3902490,675.1965,654.514380850491,42.48,706.29,644.1,1.34,5.16
2026-08-14 20:26:49.502781,QQQ,674.9,678.52,670.14,677.33,1268200,676.267,655.4091110132167,45.63,706.02,646.52,1.98,4.53
2026-08-15 20:26:49.502781,QQQ,685.98,690.03,687.23,688.93,3155987,677.7,656.723655679365,51.17,706.96,648.44,3.38,4.3
2026-08-16 20:26:49.502781,QQQ,705.34,710.93,699.37,705.66,9840692,679.139,658.6427280056644,50.59,710.95,647.33,5.78,4.59
2026-08-17 20:26:49.502781,QQQ,712.58,719.22,710.4,716.18,3750908,680.68,660.8990916132855,55.96,716.49,644.87,8.43,5.36
2026-08-18 20:26:49.502781,QQQ,705.6,709.7,690.32,707.39,2332781,682.009,662.7222644911959,54.16,719.76,644.25,9.71,6.23
2026-08-19 20:26:49.502781,QQQ,705.41,707.54,697.47,706.63,2342404,682.9179999999999,664.4441364719333,62.12,722.17,643.66,10.54,7.09
2026-08-20 20:26:49.502781,QQQ,715.79,713.78,701.66,713.1,2025306,684.194,666.3522095514654,71.32,725.68,642.71,11.59,7.99
2026-08-21 20:26:49.502781,QQQ,707.94,711.47,708.21,709.28,8940796,685.3610000000001,668.0356523141531,67.77,728.34,642.38,11.97,8.79
2026-08-22 20:26:49.502781,QQQ,709.99,718.11,713.16,714.01,9757877,685.8525,669.8385679096766,72.91,729.95,641.76,12.51,9.53
2026-08-23 20:26:49.502781,QQQ,697.56,706.03,692.3,698.82,3182785,685.775,670.9750946583167,62.65,729.77,641.78,11.58,9.94
2026-08-24 20:26:49.502781,QQQ,691.62,691.74,690.01,691.1,8488116,685.53,671.7643066325004,63.84,729.34,641.72,10.1,9.97
2026-08-25 20:26:49.502781,QQQ,698.01,709.14,692.92,696.45,2633421,686.4685,672.732373039069,69.14,730.37,642.56,9.26,9.83
2026-08-26 20:26:49.502781,QQQ,672.95,675.82,674.31,675.44,3215885,686.996,672.8385544885173,56.66,730.05,643.94,6.81,9.23
2026-08-27 20:26:49.502781,QQQ,667.13,667.29,655.31,665.41,7660542,686.8005,672.5472386262226,47.62,730.23,643.37,4.02,8.19
2026-08-28 20:26:49.502781,QQQ,669.19,666.49,658.14,665.5,4104819,686.918,672.2708763271551,45.18,730.09,643.75,1.8,6.91
2025-04-16 20:26:49.694488,AAPL,174.42,174.4,173.78,174.06,4370194,167.1535,174.06,50.0,174.16,160.15,0.0,0.0
2025-04-17 20:26:49.694488,AAPL,173.98,176.03,173.52,173.99,8455844,167.1535,174.0572549019608,50.0,174.16,160.15,-0.01,-0.0
2025-04-18 20:26:49.694488,AAPL,169.44,170.53,168.17,168.98,2906339,167.1535,173.85814686658978,50.0,174.16,160.15,-0.41,-0.08
2025-04-19 20:26:49.694488,AAPL,173.62,173.06,172.46,172.93,4021108,167.1535,173.82174895025292,50.0,174.16,160.15,-0.41,-0.15
2025-04-20 20:26:49.694488,AAPL,168.11,170.24,167.76,168.75,2496872,167.1535,173.62285683455676,50.0,174.16,160.15,-0.73,-0.27
2025-04-21 20:26:49.694488,AAPL,166.36,167.09,166.11,166.85,1273703,167.1535,173.3572546057506,50.0,174.16,160.15,-1.13,-0.44
2025-04-22 20:26:49.694488,AAPL,167.39,169.41,167.83,168.08,8268169,167.1535,173.15030344474079,50.0,174.16,160.15,-1.33,-0.62
2025-04-23 20:26:49.694488,AAPL,165.74,168.03,164.97,165.27,4423531,167.1535,172.8412719371039,50.0,174.16,160.15,-1.7,-0.83
2025-04-24 20:26:49.694488,AAPL,162.79,163.38,162.59,162.93,9767962,167.1535,172.45259460623706,50.0,174.16,160.15,-2.15,-1.1
2025-04-25 20:26:49.694488,AAPL,160.59,163.53,159.97,160.95,4544199,167.1535,172.001512464816,50.0,174.16,160.15,-2.64,-1.41
2025-04-26 20:26:49.694488,AAPL,161.34,162.64,161.53,162.25,2944977,167.1535,171.6191002112938,50.0,174.16,160.15,-2.89,-1.7
2025-04-27 20:26:49.694488,AAPL,167.7,168.66,167.33,167.55,5524500,167.1535,171.45952765398818,50.0,174.16,160.15,-2.63,-1.89
2025-04-28 20:26:49.694488,AAPL,167.61,169.44,167.14,167.71,6526590,167.1535,171.31248735383176,50.0,174.16,160.15,-2.39,-1.99
2025-04-29 20:26:49.694488,AAPL,165.18,165.37,163.98,165.19,8539672,167.1535,171.07238981054422,36.46,174.16,160.15,-2.37,-2.06
2025-04-30 20:26:49.694488,AAPL,166.17,168.86,166.39,166.49,1572627,167.1535,170.8926882493464,38.88,174.16,160.15,-2.22,-2.1
2025-05-01 20:26:49.694488,AAPL,164.15,165.85,164.26,165.19,3674802,167.1535,170.6690534160387,37.53,174.16,160.15,-2.19,-2.11
2025-05-02 20:26:49.694488,AAPL,165.95,166.64,164.92,165.21,2616230,167.1535,170.45497288991953,43.78,174.16,160.15,-2.13,-2.12
2025-05-03 20:26:49.694488,AAPL,167.9,169.0,167.92,167.98,6859944,167.1535,170.35791512953054,41.5,174.16,160.15,-1.84,-2.06
2025-05-04 20:26:49.694488,AAPL,166.4,167.17,165.34,166.31,9844043,167.1535,170.19917335974503,45.41,174.16,160.15,-1.73,-2.0
2025-05-05 20:26:49.694488,AAPL,165.82,169.07,164.83,166.4,3936048,167.1535,170.0501861691668,49.09,174.16,160.15,-1.61,-1.92
2025-05-06 20:26:49.694488,AAPL,165.24,164.7,161.93,164.45,4904028,166.673,169.83057102527792,42.89,172.96,160.38,-1.66,-1.87
2025-05-07 20:26:49.694488,AAPL,163.53,165.3,161.97,164.15,8080272,166.18099999999998,169.60780353409055,47.57,171.53,160.83,-1.7,-1.83
2025-05-08 20:26:49.694488,AAPL,164.41,165.98,164.15,164.8,7068215,165.972,169.41926221902818,54.39,171.19,160.76,-1.66,-1.8
2025-05-09 20:26:49.694488,AAPL,161.97,163.6,162.49,162.62,6300154,165.4565,169.15262448494866,53.88,169.73,161.19,-1.79,-1.8
2025-05-10 20:26:49.694488,AAPL,161.13,164.38,160.94,161.92,5643140,165.115,168.86899215220558,49.21,169.37,160.86,-1.92,-1.82
2025-05-11 20:26:49.694488,AAPL,161.87,162.26,160.61,161.45,3118803,164.845,168.57805128349165,31.03,169.31,160.38,-2.04,-1.87
2025-05-12 20:26:49.694488,AAPL,159.72,162.41,160.05,160.09,5402610,164.4455,168.2451865272763,27.95,169.12,159.77,-2.22,-1.94
2025-05-13 20:26:49.694488,AAPL,156.81,160.13,156.6,157.54,5791196,164.05900000000003,167.82537529091255,27.9,169.64,158.48,-2.54,-2.06
2025-05-14 20:26:49.694488,AAPL,154.35,155.22,153.82,154.52,8515930,163.6385,167.30359586773952,18.55,170.66,156.62,-3.0,-2.25
2025-05-15 20:26:49.694488,AAPL,154.0,154.97,153.78,154.25,8403569,163.3035,166.79169014743601,19.61,171.42,155.19,-3.35,-2.47
2025-05-16 20:26:49.694488,AAPL,153.68,153.83,153.4,153.74,2917496,162.878,166.27985916126207,18.98,172.05,153.71,-3.62,-2.7
2025-05-17 20:26:49.694488,AAPL,158.18,159.88,157.26,158.63,7892358,162.432,165.97986468434982,27.32,171.51,153.35,-3.41,-2.84
2025-05-18 20:26:49.694488,AAPL,153.49,154.15,151.53,153.42,9016645,161.7175,165.4873209712381,23.31,171.29,152.15,-3.62,-3.0
2025-05-19 20:26:49.694488,AAPL,152.63,154.11,152.73,153.72,2958596,161.14399999999998,165.02585740373857,23.97,171.2,151.09,-3.72,-3.14
2025-05-20 20:26:49.694488,AAPL,153.93,155.0,153.16,154.57,6400020,160.548,164.61582378006256,28.76,170.68,150.42,-3.68,-3.25
2025-05-21 20:26:49.694488,AAPL,157.94,158.09,157.2,157.57,2148393,160.167,164.33951696515814,37.33,170.14,150.2,-3.37,-3.27
2025-05-22 20:26:49.694488,AAPL,159.18,161.68,156.29,158.73,9892922,159.843,164.11953590770096,38.53,169.54,150.15,-3.0,-3.22
2025-05-23 20:26:49.694488,AAPL,155.76,157.74,156.38,156.94,7570455,159.291,163.837985479948,39.11,168.27,150.31,-2.82,-3.14
2025-05-24 20:26:49.694488,AAPL,157.16,157.2,156.77,157.0,7448212,158.82549999999998,163.56982918661672,40.33,167.22,150.43,-2.64,-3.04
2025-05-25 20:26:49.694488,AAPL,158.15,160.46,156.66,158.25,7566188,158.41799999999998,163.3612084342004,43.9,166.01,150.82,-2.37,-2.91
2025-05-26 20:26:49.694488,AAPL,158.27,160.8,153.83,157.62,1931027,158.0765,163.13606300540823,45.15,165.12,151.03,-2.18,-2.76
2025-05-27 20:26:49.694488,AAPL,158.63,161.15,159.18,159.38,2783465,157.838,162.98876641696086,53.72,164.32,151.36,-1.87,-2.58
2025-05-28 20:26:49.694488,AAPL,155.53,157.01,153.75,155.36,7387450,157.36599999999999,162.6895991064918,51.63,163.04,151.69,-1.92,-2.45
2025-05-29 20:26:49.694488,AAPL,159.66,160.14,158.89,159.19,3395803,157.1945,162.55235992584508,58.44,162.39,152.0,-1.64,-2.29
2025-05-30 20:26:49.694488,AAPL,161.57,162.56,161.69,162.53,9790249,157.225,162.55148306600802,63.7,162.54,151.91,-1.13,-2.06
2025-05-31 20:26:49.694488,AAPL,161.34,163.01,160.63,161.84,8557195,157.2445,162.5235817693018,55.75,162.63,151.86,-0.77,-1.8
2025-06-01 20:26:49.694488,AAPL,163.81,163.69,162.85,163.27,1991764,157.40349999999998,162.55285307246646,70.43,163.3,151.51,-0.37,-1.51
2025-06-02 20:26:49.694488,AAPL,163.22,165.88,161.42,163.44,4784017,157.6985,162.587643148056,70.27,164.19,151.21,-0.04,-1.22
2025-06-03 20:26:49.694488,AAPL,162.14,161.87,161.03,161.64,4333057,158.0545,162.55048067166166,64.18,164.59,151.52,0.08,-0.96
2025-06-04 20:26:49.694488,AAPL,161.93,164.26,160.87,161.9,4824177,158.43699999999998,162.52497162571413,59.76,164.93,151.94,0.19,-0.73
2025-06-05 20:26:49.694488,AAPL,163.25,164.4,163.47,164.22,6216997,158.961,162.5914433266665,61.76,165.55,152.37,0.46,-0.49
2025-06-06 20:26:49.694488,AAPL,163.42,163.57,161.27,163.42,4527726,159.2005,162.6239357452286,64.49,166.08,152.32,0.61,-0.27
2025-06-07 20:26:49.694488,AAPL,162.81,163.7,162.05,162.63,3293986,159.661,162.6241735591412,62.19,166.13,153.19,0.65,-0.09
2025-06-08 20:26:49.694488,AAPL,162.1,162.96,161.76,162.52,5412641,160.101,162.62008832152785,59.73,166.05,154.16,0.67,0.06
2025-06-09 20:26:49.694488,AAPL,164.17,164.33,161.78,163.57,3868842,160.551,162.6573397598993,63.3,166.08,155.02,0.75,0.2
2025-06-10 20:26:49.694488,AAPL,165.61,168.86,164.48,166.55,4561383,161.0,162.80999310264835,65.2,166.95,155.05,1.05,0.37
2025-06-11 20:26:49.694488,AAPL,165.05,165.97,163.07,165.16,3932044,161.32150000000001,162.90215023587783,73.38,167.45,155.19,1.17,0.53
2025-06-12 20:26:49.694488,AAPL,166.11,168.24,166.16,166.39,6055291,161.794,163.0389286580003,69.61,167.96,155.63,1.34,0.69
2025-06-13 20:26:49.694488,AAPL,166.34,167.32,166.19,166.95,1562313,162.29149999999998,163.19230400474538,64.18,168.43,156.15,1.5,0.85
2025-06-14 20:26:49.694488,AAPL,161.76,165.14,162.04,162.77,6712486,162.5175,163.1757430633828,52.44,168.36,156.68,1.28,0.94
2025-06-15 20:26:49.694488,AAPL,160.51,162.44,161.66,161.89,9335377,162.731,163.12532176677956,46.27,168.11,157.35,1.02,0.96
2025-06-16 20:26:49.694488,AAPL,160.8,162.18,160.81,161.65,5837183,162.8445,163.06746601121958,45.19,168.02,157.67,0.79,0.92
2025-06-17 20:26:49.694488,AAPL,161.44,162.71,160.7,161.62,1653827,163.1575,163.01070263823058,49.94,167.01,159.3,0.59,0.86
2025-06-18 20:26:49.694488,AAPL,161.98,163.14,161.96,162.42,4894485,163.31900000000002,162.9875378288882,51.5,166.72,159.92,0.5,0.78
2025-06-19 20:26:49.694488,AAPL,157.79,158.71,157.29,157.95,1317335,163.08999999999997,162.78998732579456,33.93,167.25,158.93,0.06,0.64
2025-06-20 20:26:49.694488,AAPL,157.9,160.15,156.15,158.11,3388293,162.9035,162.6064584110575,35.93,167.6,158.21,-0.27,0.46
2025-06-21 20:26:49.694488,AAPL,156.34,157.19,155.72,156.69,3174973,162.5745,162.3744404341533,34.77,168.02,157.13,-0.64,0.24
2025-06-22 20:26:49.694488,AAPL,153.73,155.13,153.5,153.65,9489463,162.08499999999998,162.0323055151669,30.23,168.81,155.36,-1.16,-0.04
2025-06-23 20:26:49.694488,AAPL,155.29,156.38,153.8,154.83,9445026,161.74450000000002,161.74986216163094,30.63,169.22,154.27,-1.47,-0.33
2025-06-24 20:26:49.694488,AAPL,155.49,156.58,155.97,156.48,6664130,161.4735,161.5432009003905,26.28,169.31,153.64,-1.55,-0.57
2025-06-25 20:26:49.694488,AAPL,155.22,155.14,154.75,155.13,7272317,161.01899999999998,161.2917028258654,26.33,169.23,152.81,-1.71,-0.8
2025-06-26 20:26:49.694488,AAPL,155.92,157.97,156.31,157.01,1340727,160.69850000000002,161.12379291112558,28.53,169.01,152.39,-1.67,-0.97
2025-06-27 20:26:49.694488,AAPL,157.54,156.6,156.02,156.24,7119825,160.379,160.9322716204932,25.71,168.87,151.89,-1.68,-1.11
2025-06-28 20:26:49.694488,AAPL,155.81,156.69,155.94,156.44,8495370,160.075,160.75610410596406,32.48,168.68,151.47,-1.65,-1.22
2025-06-29 20:26:49.694488,AAPL,153.84,155.47,152.34,154.14,7927065,159.6035,160.49664904298507,30.12,168.43,150.78,-1.79,-1.34
2025-06-30 20:26:49.694488,AAPL,158.1,158.17,154.95,157.62,1143685,159.15699999999998,160.3838392765935,41.14,167.39,150.93,-1.6,-1.39
2025-07-01 20:26:49.694488,AAPL,152.17,152.09,151.54,151.98,3245647,158.498,160.0542769520212,32.99,166.81,150.18,-1.89,-1.49
2025-07-02 20:26:49.694488,AAPL,152.35,152.01,149.19,151.84,1722032,157.7705,159.73214844409884,30.89,165.72,149.82,-2.1,-1.61
2025-07-03 20:26:49.694488,AAPL,154.17,154.45,153.01,153.37,1416394,157.09150000000002,159.4826524266832,40.74,163.99,150.2,-2.12,-1.71
2025-07-04 20:26:49.694488,AAPL,148.93,150.22,147.27,149.16,8118734,156.411,159.07784252759757,34.46,163.62,149.2,-2.45,-1.86
2025-07-05 20:26:49.694488,AAPL,149.94,149.29,148.65,148.83,1074668,155.75799999999998,158.67596635004475,35.81,163.24,148.27,-2.71,-2.03
2025-07-06 20:26:49.694488,AAPL,148.29,149.22,146.89,148.73,6500067,155.112,158.28592845396457,40.06,162.69,147.54,-2.88,-2.2
2025-07-07 20:26:49.694488,AAPL,150.27,150.63,149.41,150.49,5614321,154.5555,157.98020576949537,41.44,161.74,147.37,-2.85,-2.33
2025-07-08 20:26:49.694488,AAPL,153.66,153.83,152.27,153.18,2141885,154.0935,157.79196240598574,43.75,160.27,147.92,-2.58,-2.38
2025-07-09 20:26:49.694488,AAPL,150.91,155.41,152.14,152.38,5774526,153.815,157.57972858614318,44.68,159.75,147.88,-2.4,-2.38
2025-07-10 20:26:49.694488,AAPL,149.11,150.08,149.3,149.54,7626959,153.3865,157.2644451121768,36.06,159.26,147.52,-2.45,-2.4
2025-07-11 20:26:49.694488,AAPL,152.28,153.09,150.86,152.46,8059148,153.175,157.07603549993456,43.47,158.85,147.5,-2.24,-2.37
2025-07-12 20:26:49.694488,AAPL,155.57,155.57,152.63,155.11,1588621,153.248,156.9989360685646,47.88,158.98,147.51,-1.83,-2.26
2025-07-13 20:26:49.694488,AAPL,153.7,155.17,153.32,154.18,7039190,153.2155,156.8883895560719,50.07,158.92,147.51,-1.57,-2.12
2025-07-14 20:26:49.694488,AAPL,155.47,155.0,153.43,154.99,4474377,153.141,156.8139429068142,45.19,158.7,147.58,-1.28,-1.95
2025-07-15 20:26:49.694488,AAPL,155.18,156.27,154.72,155.87,5889629,153.17800000000003,156.77692553791954,58.61,158.8,147.55,-0.97,-1.76
2025-07-16 20:26:49.694488,AAPL,157.73,157.48,156.41,157.16,1488126,153.1855,156.79194806584425,61.2,158.83,147.54,-0.61,-1.53
2025-07-17 20:26:49.694488,AAPL,158.1,157.99,156.64,157.67,3920793,153.257,156.82638147502684,59.46,159.1,147.41,-0.28,-1.28
2025-07-18 20:26:49.694488,AAPL,160.46,161.82,160.56,160.83,8410165,153.47650000000002,156.983386123065,76.93,160.1,146.85,0.23,-0.98
2025-07-19 20:26:49.694488,AAPL,156.84,158.05,155.67,157.06,3952630,153.6225,156.98639058882716,66.39,160.43,146.81,0.33,-0.71
2025-07-20 20:26:49.694488,AAPL,159.24,159.93,158.46,159.41,2514504,153.712,157.08143409514767,69.52,160.79,146.64,0.59,-0.45
2025-07-21 20:26:49.694488,AAPL,160.02,160.98,159.54,160.31,9109486,154.12849999999997,157.20804452278892,68.53,161.74,146.52,0.86,-0.19
2025-07-22 20:26:49.694488,AAPL,159.48,160.64,159.74,159.89,3263249,154.531,157.31321924738546,63.85,162.47,146.59,1.03,0.05
2025-07-23 20:26:49.694488,AAPL,163.41,163.7,162.06,162.57,3171384,154.99099999999999,157.51936751219387,69.51,163.68,146.3,1.36,0.31
2025-07-24 20:26:49.694488,AAPL,157.66,159.63,157.26,157.44,8375132,155.405,157.5162550607353,63.91,163.7,147.11,1.2,0.49
2025-07-25 20:26:49.694488,AAPL,160.3,160.83,158.68,160.05,7616043,155.966,157.61561760737314,63.51,163.9,148.03,1.26,0.65
2025-07-26 20:26:49.694488,AAPL,159.94,161.08,160.25,160.97,5589641,156.578,157.74716201492714,61.12,164.04,149.12,1.38,0.79
2025-07-27 20:26:49.694488,AAPL,158.46,158.79,156.38,158.53,7307819,156.98,157.77786154375354,57.8,163.91,150.05,1.25,0.88
2025-07-28 20:26:49.694488,AAPL,160.19,161.66,159.06,159.54,5937698,157.298,157.84696501262596,58.1,164.07,150.52,1.22,0.95
2025-07-29 20:26:49.694488,AAPL,158.97,160.84,158.9,158.93,5043471,157.6255,157.88943697291512,55.5,164.02,151.23,1.14,0.99
2025-07-30 20:26:49.694488,AAPL,164.4,168.11,163.33,164.79,9347752,158.38799999999998,158.16004728770278,61.79,164.35,152.43,1.52,1.1
2025-07-31 20:26:49.694488,AAPL,168.99,169.24,169.09,169.1,3231047,159.21999999999997,158.5890650411262,65.8,166.25,152.19,2.15,1.31
2025-08-01 20:26:49.694488,AAPL,170.7,171.11,168.95,170.2,6290662,159.9745,159.04439582382713,63.73,168.27,151.68,2.71,1.59
2025-08-02 20:26:49.694488,AAPL,168.42,169.38,168.35,168.58,2819053,160.6945,159.41834108563785,68.02,169.36,152.03,2.98,1.87
2025-08-03 20:26:49.694488,AAPL,165.83,167.39,165.22,167.28,5579675,161.30900000000003,159.72664143522067,62.73,170.02,152.6,3.06,2.1
2025-08-04 20:26:49.694488,AAPL,166.04,168.03,165.9,166.59,9039727,161.84499999999997,159.99579275148653,60.23,170.46,153.23,3.03,2.29
2025-08-05 20:26:49.694488,AAPL,165.42,165.38,164.41,165.37,1417009,162.2555,160.20654597691845,58.7,170.71,153.8,2.88,2.41
2025-08-06 20:26:49.694488,AAPL,162.32,163.38,162.33,163.38,4464713,162.541,160.3309951542942,51.31,170.73,154.35,2.57,2.44
2025-08-07 20:26:49.694488,AAPL,162.06,163.02,159.87,162.1,5369304,162.6045,160.40036789334147,58.64,170.76,154.45,2.19,2.39
2025-08-08 20:26:49.694488,AAPL,161.8,162.54,160.0,161.55,1447230,162.829,160.44545150536732,53.01,170.57,155.08,1.83,2.28
2025-08-09 20:26:49.694488,AAPL,161.83,160.8,160.07,160.45,5397704,162.881,160.44562987770584,48.96,170.54,155.22,1.43,2.11
2025-08-10 20:26:49.694488,AAPL,159.85,159.01,157.62,158.97,5830508,162.81400000000002,160.38776203936442,50.91,170.59,155.04,0.99,1.88
2025-08-11 20:26:49.694488,AAPL,157.2,157.87,156.58,157.0,4336386,162.6695,160.25490862605602,44.94,170.78,154.56,0.48,1.6
2025-08-12 20:26:49.694488,AAPL,161.52,163.3,161.52,162.71,4897206,162.6765,160.35118671915185,56.26,170.78,154.57,0.52,1.39
2025-08-13 20:26:49.694488,AAPL,159.62,159.7,156.95,159.48,7339718,162.7785,160.31702253408707,40.36,170.66,154.9,0.3,1.17
2025-08-14 20:26:49.694488,AAPL,156.35,160.02,156.59,157.3,6472565,162.641,160.19870792490718,26.79,170.81,154.47,-0.06,0.92
2025-08-15 20:26:49.694488,AAPL,157.6,159.14,157.02,158.3,7305064,162.5075,160.1242487905971,26.5,170.88,154.14,-0.26,0.69
2025-08-16 20:26:49.694488,AAPL,158.31,158.71,156.8,157.65,4972805,162.4635,160.02721942625996,27.56,170.93,154.0,-0.46,0.46
2025-08-17 20:26:49.694488,AAPL,158.11,158.83,158.45,158.64,6366492,162.4185,159.97281866444584,32.03,170.96,153.88,-0.54,0.26
2025-08-18 20:26:49.694488,AAPL,160.86,161.69,159.73,160.47,2378266,162.49550000000002,159.99231597172246,37.85,170.93,154.06,-0.44,0.12
2025-08-19 20:26:49.694488,AAPL,163.45,163.82,163.07,163.36,2881106,162.424,160.12438201204708,46.26,170.8,154.05,-0.14,0.07
2025-08-20 20:26:49.694488,AAPL,165.71,165.24,164.65,165.14,4827267,162.22600000000003,160.32107291353543,53.3,170.11,154.34,0.25,0.1
2025-08-21 20:26:49.694488,AAPL,162.78,163.98,161.05,162.94,1018123,161.863,160.42377593653404,51.52,168.82,154.91,0.37,0.16
2025-08-22 20:26:49.694488,AAPL,165.39,166.44,164.73,165.53,5844090,161.7105,160.62402001745428,56.72,168.16,155.26,0.67,0.26
2025-08-23 20:26:49.694488,AAPL,162.54,162.1,159.45,161.59,6842220,161.426,160.66190158539726,51.76,167.32,155.53,0.58,0.32
2025-08-24 20:26:49.694488,AAPL,161.81,162.8,161.0,161.4,4472174,161.16649999999998,160.69084662126406,53.9,166.54,155.8,0.49,0.36
2025-08-25 20:26:49.694488,AAPL,160.55,162.06,159.57,160.35,8299774,160.9155,160.67748008709682,55.54,165.91,155.92,0.33,0.35
2025-08-26 20:26:49.694488,AAPL,158.05,159.82,157.41,158.07,9049245,160.65,160.5752259660342,41.34,165.66,155.64,0.02,0.29
2025-08-27 20:26:49.694488,AAPL,159.76,161.54,158.77,159.43,3169144,160.5165,160.5303151438368,49.9,165.51,155.53,-0.11,0.21
2025-08-28 20:26:49.694488,AAPL,158.99,159.7,158.71,159.08,1849853,160.393,160.47344004015693,53.85,165.4,155.39,-0.25,0.11
2025-08-29 20:26:49.694488,AAPL,161.78,161.83,160.26,161.41,6310706,160.44099999999997,160.5101678817194,56.37,165.47,155.42,-0.16,0.06
2025-08-30 20:26:49.694488,AAPL,158.11,158.65,156.14,158.19,1334855,160.402,160.41918090596573,51.0,165.49,155.32,-0.35,-0.02
2025-08-31 20:26:49.694488,AAPL,159.01,162.21,159.08,160.12,8600446,160.558,160.40744832141806,52.65,165.39,155.73,-0.34,-0.09
2025-09-01 20:26:49.694488,AAPL,160.2,162.96,160.44,161.29,7145886,160.487,160.44205819116635,51.5,165.23,155.75,-0.24,-0.12
2025-09-02 20:26:49.694488,AAPL,161.18,162.92,161.37,161.63,9542792,160.59449999999998,160.48864414445396,46.5,165.34,155.85,-0.12,-0.12
2025-09-03 20:26:49.694488,AAPL,159.79,158.67,158.42,158.54,6713740,160.6565,160.4122267270244,37.33,165.25,156.07,-0.28,-0.15
2025-09-04 20:26:49.694488,AAPL,158.91,161.09,157.55,158.05,6960869,160.644,160.31959038478814,39.95,165.26,156.03,-0.44,-0.21
2025-09-05 20:26:49.694488,AAPL,154.5,155.39,154.04,154.76,1747361,160.49949999999998,160.1015672324435,28.49,165.66,155.34,-0.82,-0.33
2025-09-06 20:26:49.694488,AAPL,149.92,150.72,149.8,150.41,3652444,160.08800000000002,159.72150577234768,28.03,166.92,153.26,-1.46,-0.56
2025-09-07 20:26:49.694488,AAPL,157.14,158.65,157.09,157.47,3532686,159.938,159.63321142833405,43.92,166.86,153.01,-1.38,-0.72
2025-09-08 20:26:49.694488,AAPL,159.51,160.6,158.64,159.66,7633930,159.753,159.63426196055624,48.97,166.49,153.02,-1.12,-0.8
2025-09-09 20:26:49.694488,AAPL,164.52,166.86,163.25,163.74,1952432,159.683,159.7952712954364,58.04,166.21,153.16,-0.59,-0.76
2025-09-10 20:26:49.694488,AAPL,162.45,163.97,162.38,162.83,4428945,159.6775,159.91428026424282,54.89,166.19,153.16,-0.23,-0.65
2025-09-11 20:26:49.694488,AAPL,163.48,165.61,163.64,164.47,5436524,159.62449999999998,160.09293594015486,57.47,165.95,153.3,0.18,-0.49
2025-09-12 20:26:49.694488,AAPL,165.78,168.46,166.04,166.13,1406363,159.8515,160.32968355034487,56.66,166.77,152.93,0.63,-0.26
2025-09-13 20:26:49.694488,AAPL,166.76,168.34,166.43,167.59,9196113,160.161,160.6144018424882,63.96,167.88,152.44,1.1,0.01
2025-09-14 20:26:49.694488,AAPL,168.66,168.08,165.82,167.66,5886144,160.5265,160.89069980944944,61.86,168.95,152.11,1.45,0.3
2025-09-15 20:26:49.694488,AAPL,167.08,168.9,166.78,167.19,7903057,160.98250000000002,161.13773118947105,59.49,169.82,152.15,1.68,0.57
2025-09-16 20:26:49.694488,AAPL,162.58,163.48,161.56,162.53,1212882,161.1375,161.19232996635455,51.27,169.97,152.31,1.46,0.75
2025-09-17 20:26:49.694488,AAPL,163.93,164.25,161.61,163.97,1329829,161.382,161.3012582029681,58.04,170.24,152.52,1.39,0.88
2025-09-18 20:26:49.694488,AAPL,163.7,167.05,164.03,165.0,2318956,161.5615,161.44630690089093,60.13,170.57,152.55,1.41,0.99
2025-09-19 20:26:49.694488,AAPL,167.79,168.8,165.91,167.64,3512346,162.034,161.68919682634618,69.13,171.29,152.78,1.61,1.11
2025-09-20 20:26:49.694488,AAPL,167.38,167.3,166.19,167.06,6771413,162.381,161.89981655864634,77.85,171.85,152.91,1.7,1.23
2025-09-21 20:26:49.694488,AAPL,170.92,171.63,169.9,171.21,5692349,162.877,162.2649217916406,75.46,173.11,152.64,2.09,1.4
2025-09-22 20:26:49.694488,AAPL,170.45,170.51,169.9,170.22,8262279,163.3065,162.57688564294884,70.48,174.03,152.58,2.29,1.58
2025-09-23 20:26:49.694488,AAPL,167.1,168.76,166.88,167.35,8651324,163.747,162.76406659812733,57.35,174.37,153.12,2.19,1.7
2025-09-24 20:26:49.694488,AAPL,169.52,170.74,168.15,169.6,5280728,164.3245,163.03214241780861,63.06,174.9,153.75,2.27,1.81
2025-09-25 20:26:49.694488,AAPL,169.09,169.43,168.21,168.57,4243704,165.01500000000001,163.24931330338475,58.1,174.73,155.3,2.22,1.9
2025-09-26 20:26:49.694488,AAPL,165.45,165.85,164.39,165.72,1822979,165.7805,163.34620297776183,49.23,172.64,158.92,1.93,1.9
2025-09-27 20:26:49.694488,AAPL,166.4,166.38,165.07,166.07,8586085,166.2105,163.45301854726137,47.01,171.85,160.57,1.71,1.86
2025-09-28 20:26:49.694488,AAPL,167.94,169.08,167.22,167.89,7294483,166.622,163.6270178199178,50.42,171.38,161.87,1.66,1.82
2025-09-29 20:26:49.694488,AAPL,168.51,168.75,167.09,168.51,6761719,166.8605,163.81850731717591,52.42,171.48,162.24,1.66,1.79
2025-09-30 20:26:49.694488,AAPL,169.39,171.26,169.65,169.74,3632210,167.206,164.05072271650235,65.12,171.59,162.82,1.73,1.78
2025-10-01 20:26:49.694488,AAPL,179.24,180.26,178.08,179.76,4679220,167.9705,164.66677280605128,74.34,174.92,161.02,2.57,1.94
2025-10-02 20:26:49.694488,AAPL,181.88,181.95,180.61,181.89,2504155,168.7585,165.34219348032377,75.19,178.02,159.5,3.36,2.22
2025-10-03 20:26:49.694488,AAPL,186.74,187.22,185.36,185.86,5644093,169.672,166.14681334384048,76.13,181.65,157.69,4.27,2.63
2025-10-04 20:26:49.694488,AAPL,181.15,182.73,179.3,180.88,5697849,170.333,166.72458536957222,67.6,183.27,157.4,4.53,3.01
2025-10-05 20:26:49.694488,AAPL,182.74,183.75,181.22,181.87,9607297,171.067,167.31852319821644,64.76,184.89,157.25,4.76,3.36
2025-10-06 20:26:49.694488,AAPL,183.91,184.44,183.38,183.9,9400265,172.1355,167.96877719044326,68.42,186.47,157.8,5.05,3.7
2025-10-07 20:26:49.694488,AAPL,181.89,183.8,181.01,183.04,1820901,173.089,168.5598055359161,72.33,187.67,158.5,5.15,3.99
2025-10-08 20:26:49.694488,AAPL,181.76,181.74,180.6,180.9,8538373,173.884,169.04373473058607,66.13,188.34,159.42,5.0,4.19
2025-10-09 20:26:49.694488,AAPL,181.93,182.25,181.33,181.97,7676640,174.6005,169.55064709409248,69.11,189.18,160.02,4.91,4.33
2025-10-10 20:26:49.694488,AAPL,182.05,182.15,179.88,181.25,6679984,175.31,170.00944524726532,73.58,189.72,160.9,4.73,4.41
2025-10-11 20:26:49.694488,AAPL,180.37,180.25,179.08,179.83,1806934,175.741,170.3945650414902,70.24,190.15,161.33,4.42,4.42
2025-10-12 20:26:49.694488,AAPL,183.41,183.37,181.95,182.79,2065472,176.3695,170.8806605300592,71.2,190.86,161.88,4.36,4.4
2025-10-13 20:26:49.694488,AAPL,186.61,187.56,183.61,186.27,4193417,177.3155,171.48416403868436,73.37,191.8,162.83,4.54,4.43
2025-10-14 20:26:49.694488,AAPL,184.92,188.48,185.9,187.13,8431277,178.192,172.09772623324577,73.11,192.83,163.55,4.7,4.49
2025-10-15 20:26:49.694488,AAPL,186.65,188.51,183.53,186.02,7407172,179.0645,172.64369775351062,60.9,193.37,164.76,4.68,4.52
2025-10-16 20:26:49.694488,AAPL,187.64,188.17,186.3,187.42,8827676,180.14950000000002,173.22316058670629,59.88,193.45,166.85,4.73,4.57
2025-10-17 20:26:49.694488,AAPL,190.24,191.14,185.85,189.66,7428874,181.329,173.8677425244825,57.24,193.5,169.15,4.89,4.63
2025-10-18 20:26:49.694488,AAPL,192.09,192.92,190.77,191.4,7135667,182.5045,174.55528203332634,72.85,193.72,171.29,5.1,4.72
2025-10-19 20:26:49.694488,AAPL,187.9,189.32,186.53,187.66,2006173,183.462,175.06919254182333,61.23,192.75,174.17,4.9,4.76
2025-10-20 20:26:49.694488,AAPL,187.35,187.73,186.36,186.85,3737763,184.3175,175.53118499116357,56.01,191.1,177.54,4.63,4.73
2025-10-21 20:26:49.694488,AAPL,186.77,190.59,186.25,187.85,5676200,184.722,176.01427577582385,59.74,191.32,178.13,4.45,4.68
2025-10-22 20:26:49.694488,AAPL,189.63,192.64,189.16,189.55,3291533,185.105,176.54508849049742,67.84,191.9,178.31,4.39,4.62
2025-10-23 20:26:49.694488,AAPL,192.72,192.89,190.92,192.17,5083105,185.4205,177.15783011832104,69.77,192.91,177.93,4.5,4.6
2025-10-24 20:26:49.694488,AAPL,194.78,194.42,193.83,194.27,1538961,186.09,177.8288956038771,73.95,194.24,177.94,4.7,4.62
2025-10-25 20:26:49.694488,AAPL,190.64,192.14,190.2,191.31,8527986,186.56199999999998,178.35756636450938,69.99,194.77,178.35,4.57,4.61
2025-10-26 20:26:49.694488,AAPL,188.13,189.9,186.1,189.52,8417257,186.84300000000002,178.79530886001882,62.21,195.05,178.63,4.27,4.54
2025-10-27 20:26:49.694488,AAPL,185.96,187.62,186.2,186.41,6988634,187.0115,179.09392419884162,50.26,195.03,178.99,3.74,4.38
2025-10-28 20:26:49.694488,AAPL,191.24,191.34,190.83,191.2,2913959,187.5265,179.5686722694753,56.54,195.21,179.85,3.67,4.24
2025-10-29 20:26:49.694488,AAPL,191.96,191.8,189.24,191.75,7482290,188.0155,180.04637139616256,59.38,195.45,180.58,3.61,4.11
2025-10-30 20:26:49.694488,AAPL,194.57,195.12,192.49,193.3,9598407,188.618,180.56612153748952,59.58,195.69,181.55,3.65,4.02
2025-10-31 20:26:49.694488,AAPL,197.14,198.31,194.09,196.16,1838117,189.4345,181.17764618307817,60.38,195.98,182.89,3.87,3.99
2025-11-01 20:26:49.694488,AAPL,194.77,197.09,194.93,195.35,4665589,190.0625,181.73342476413393,56.5,196.33,183.79,3.93,3.98
2025-11-02 20:26:49.694488,AAPL,192.81,194.75,191.32,192.33,3979107,190.3655,182.1489767341679,57.87,196.44,184.29,3.69,3.92
2025-11-03 20:26:49.694488,AAPL,190.95,193.42,190.29,191.27,5379748,190.5725,182.50666392106328,57.39,196.47,184.68,3.38,3.81
2025-11-04 20:26:49.694488,AAPL,191.55,191.33,190.54,190.95,2179058,190.81900000000002,182.83777513984512,55.3,196.31,185.33,3.07,3.66
2025-11-05 20:26:49.694488,AAPL,194.51,197.07,192.9,195.04,2171002,191.2,183.31629376181198,58.68,196.76,185.64,3.12,3.56
2025-11-06 20:26:49.694488,AAPL,198.5,200.84,196.75,197.48,1070925,191.591,183.8717332221331,58.44,197.76,185.43,3.31,3.51
2025-11-07 20:26:49.694488,AAPL,194.17,195.95,194.39,194.6,5530450,191.751,184.29244956636316,50.51,198.06,185.44,3.2,3.44
2025-11-08 20:26:49.694488,AAPL,196.19,197.27,196.35,196.47,5805713,192.1915,184.7700005637607,58.29,198.53,185.85,3.22,3.4
2025-11-09 20:26:49.694488,AAPL,197.83,199.73,198.16,198.56,7163397,192.777,185.31078485537793,64.38,199.2,186.35,3.37,3.39
2025-11-10 20:26:49.694488,AAPL,196.37,196.34,195.61,195.73,7096803,193.171,185.71938152771608,64.96,199.28,187.06,3.23,3.36
2025-11-11 20:26:49.694488,AAPL,195.56,196.9,195.45,195.51,9574135,193.469,186.1033273501586,58.1,199.41,187.52,3.06,3.3
2025-11-12 20:26:49.694488,AAPL,190.96,191.33,189.69,190.64,9055207,193.39249999999998,186.28123608152492,48.2,199.45,187.34,2.5,3.14
2025-11-13 20:26:49.694488,AAPL,192.15,192.71,190.89,191.58,8095642,193.25799999999998,186.48903074499452,47.16,199.35,187.17,2.11,2.93
2025-11-14 20:26:49.694488,AAPL,190.18,191.81,189.9,190.82,4456175,193.2335,186.65887267656336,40.53,199.36,187.11,1.72,2.69
2025-11-15 20:26:49.694488,AAPL,188.6,190.99,186.72,187.35,1938131,193.125,186.685975708855,37.04,199.6,186.65,1.12,2.38
2025-11-16 20:26:49.694488,AAPL,186.19,186.0,185.32,185.62,5261893,193.08549999999997,186.6441727398803,38.65,199.74,186.43,0.5,2.0
2025-11-17 20:26:49.694488,AAPL,186.48,186.51,185.31,186.31,6680922,192.84099999999998,186.63106792655168,41.51,200.11,185.57,0.06,1.61
2025-11-18 20:26:49.694488,AAPL,184.96,188.16,183.97,184.96,3074990,192.5015,186.56553585100065,40.09,200.58,184.42,-0.39,1.21
2025-11-19 20:26:49.694488,AAPL,185.61,186.78,182.33,185.8,2455791,192.1265,186.53551483723592,32.88,200.73,183.53,-0.68,0.83
2025-11-20 20:26:49.694488,AAPL,186.9,187.54,186.97,187.3,9655791,191.6835,186.5654946475404,30.45,200.32,183.05,-0.77,0.51
2025-11-21 20:26:49.694488,AAPL,185.88,185.28,183.44,185.2,2944293,191.176,186.5119458378329,31.39,200.1,182.26,-1.0,0.21
2025-11-22 20:26:49.694488,AAPL,184.61,184.92,183.58,184.47,6586303,190.783,186.43186953046694,25.12,200.17,181.4,-1.23,-0.08
2025-11-23 20:26:49.694488,AAPL,190.09,191.21,189.88,190.11,5583816,190.725,186.5761099410369,34.73,200.11,181.34,-0.95,-0.25
2025-11-24 20:26:49.694488,AAPL,190.08,193.7,189.2,190.5,4348231,190.7025,186.72998798256486,39.64,200.09,181.32,-0.68,-0.34
2025-11-25 20:26:49.694488,AAPL,188.48,189.48,186.74,188.35,8017434,190.368,186.79351786560153,36.82,199.58,181.16,-0.64,-0.4
2025-11-26 20:26:49.694488,AAPL,190.12,188.95,185.44,188.58,6408445,189.923,186.86357598851913,45.43,198.53,181.32,-0.58,-0.43
2025-11-27 20:26:49.694488,AAPL,185.52,185.32,184.42,185.18,4182672,189.452,186.79755340073407,37.19,198.01,180.89,-0.79,-0.51
2025-11-28 20:26:49.694488,AAPL,186.69,189.3,188.1,188.18,2090065,189.0375,186.85176699286214,45.15,196.94,181.13,-0.72,-0.55
2025-11-29 20:26:49.694488,AAPL,187.48,190.65,187.21,189.22,4086129,188.5705,186.944638875495,53.77,195.09,182.05,-0.56,-0.55
2025-11-30 20:26:49.694488,AAPL,192.71,192.61,190.2,192.16,2171840,188.392,187.14916284116185,62.58,194.25,182.54,-0.2,-0.48
2025-12-01 20:26:49.694488,AAPL,193.59,194.7,193.32,194.66,7512406,188.34949999999998,187.44370547484178,65.01,194.0,182.7,0.28,-0.33
2025-12-02 20:26:49.694488,AAPL,196.01,196.64,195.76,195.79,8533223,188.60700000000003,187.77101114249507,69.63,195.1,182.11,0.75,-0.11
2025-12-03 20:26:49.694488,AAPL,199.02,198.95,196.94,198.53,6811826,188.9545,188.19293227416193,71.58,196.73,181.18,1.32,0.17
2025-12-04 20:26:49.694488,AAPL,199.69,199.79,197.19,199.13,5069368,189.37,188.6218368908615,70.69,198.36,180.38,1.8,0.5
2025-12-05 20:26:49.694488,AAPL,198.95,199.0,195.89,197.39,8654494,189.872,188.9656864245532,71.59,199.49,180.26,2.02,0.8
2025-12-06 20:26:49.694488,AAPL,194.37,195.91,194.13,194.68,6665424,190.325,189.1897771530021,66.9,199.95,180.7,1.96,1.03
2025-12-07 20:26:49.694488,AAPL,193.73,193.67,190.12,193.55,1466205,190.68699999999998,189.36076628425693,56.69,200.22,181.15,1.79,1.19
2025-12-08 20:26:49.694488,AAPL,186.57,189.09,185.5,187.01,4354209,190.78950000000003,189.26857937114883,44.52,200.11,181.47,1.12,1.17
2025-12-09 20:26:49.694488,AAPL,190.89,192.31,189.18,191.88,5891141,191.0935,189.37098802326065,55.11,200.12,182.07,0.97,1.13
2025-12-10 20:26:49.694488,AAPL,186.87,187.57,185.81,187.45,5251831,191.101,189.29565515960337,48.54,200.11,182.09,0.49,1.0
2025-12-11 20:26:49.694488,AAPL,188.41,188.95,186.99,187.32,4129499,191.207,189.21817848667774,53.01,199.97,182.44,0.09,0.82
2025-12-12 20:26:49.694488,AAPL,185.08,185.03,181.92,184.0,9147118,191.1835,189.0135440362198,44.17,200.03,182.34,-0.48,0.56
2025-12-13 20:26:49.694488,AAPL,178.4,179.48,178.32,178.97,8777769,190.62650000000002,188.6196795642112,37.13,201.02,180.23,-1.33,0.18
2025-12-14 20:26:49.694488,AAPL,179.42,179.46,178.06,178.84,8488965,190.0435,188.23616271855585,32.0,201.7,178.39,-1.98,-0.25
2025-12-15 20:26:49.694488,AAPL,178.04,179.6,177.32,178.15,9622835,189.5335,187.84062692567133,26.54,202.34,176.73,-2.53,-0.71
2025-12-16 20:26:49.694488,AAPL,178.47,178.24,177.25,177.83,9875667,188.99599999999998,187.44805332074304,23.88,202.83,175.16,-2.96,-1.16
2025-12-17 20:26:49.694488,AAPL,178.63,180.26,177.26,179.25,9278203,188.6995,187.1265610336551,20.84,203.12,174.28,-3.15,-1.56
2025-12-18 20:26:49.694488,AAPL,178.02,178.45,176.59,177.79,6303904,188.18,186.76042138527646,18.54,203.4,172.96,-3.37,-1.92
2025-12-19 20:26:49.694488,AAPL,178.9,179.1,176.13,178.79,5437222,187.6585,186.4478558407558,21.97,203.44,171.88,-3.43,-2.22
2025-12-20 20:26:49.694488,AAPL,179.52,180.99,179.81,180.14,3605108,187.0575,186.2004889450399,27.15,203.03,171.09,-3.33,-2.44
2025-12-21 20:26:49.694488,AAPL,178.98,179.82,178.76,179.37,2025255,186.293,185.9326266334697,27.46,202.2,170.39,-3.28,-2.61
2025-12-22 20:26:49.694488,AAPL,178.39,178.75,178.38,178.74,7210521,185.4405,185.65056284392188,33.82,201.03,169.86,-3.25,-2.74
2025-12-23 20:26:49.694488,AAPL,180.17,180.84,179.31,180.15,4098321,184.5215,185.4348544971014,23.45,198.98,170.06,-3.07,-2.8
2025-12-24 20:26:49.694488,AAPL,181.57,180.47,180.12,180.36,6100775,183.583,185.2358405952543,30.16,196.4,170.77,-2.89,-2.82
2025-12-25 20:26:49.694488,AAPL,181.99,182.69,179.72,180.82,9106180,182.7545,185.06267037583257,32.14,193.83,171.68,-2.67,-2.79
2025-12-26 20:26:49.694488,AAPL,176.17,176.9,174.09,175.04,6304791,181.7725,184.6696244787411,28.32,191.84,171.71,-2.93,-2.82
2025-12-27 20:26:49.694488,AAPL,175.68,175.9,173.05,175.25,3224823,180.85750000000002,184.3002274403591,38.26,189.66,172.05,-3.09,-2.87
2025-12-28 20:26:49.694488,AAPL,176.93,176.85,173.76,176.23,7053621,180.3185,183.98374793289403,42.18,188.85,171.79,-3.09,-2.92
2025-12-29 20:26:49.694488,AAPL,175.29,179.12,174.95,175.97,3236330,179.523,183.66948330807466,43.3,186.3,172.74,-3.08,-2.95
2025-12-30 20:26:49.694488,AAPL,176.91,178.05,175.97,176.85,1596675,178.993,183.40205259011097,47.09,184.74,173.24,-2.97,-2.95
2025-12-31 20:26:49.694488,AAPL,182.48,182.57,180.39,181.65,5754120,178.7095,183.33334464540073,55.94,183.14,174.28,-2.47,-2.86
2026-01-01 20:26:49.694488,AAPL,182.22,184.91,181.76,181.94,5591344,178.6065,183.2787036789144,60.9,182.59,174.62,-2.02,-2.69
2026-01-02 20:26:49.694488,AAPL,183.23,184.42,182.11,183.69,4743903,178.8425,183.29483294640795,62.39,183.43,174.25,-1.51,-2.45
2026-01-03 20:26:49.694488,AAPL,181.99,181.61,180.86,181.61,3434762,178.98100000000002,183.22876106615666,53.58,183.73,174.23,-1.26,-2.21
2026-01-04 20:26:49.694488,AAPL,179.73,181.31,178.55,179.55,8121643,179.051,183.08449592630737,50.41,183.79,174.31,-1.21,-2.01
2026-01-05 20:26:49.694488,AAPL,178.58,179.67,177.65,178.42,8660619,179.0805,182.90157451743258,49.28,183.8,174.36,-1.25,-1.86
2026-01-06 20:26:49.694488,AAPL,175.63,176.0,175.44,175.99,3853064,178.91750000000002,182.63053237949404,41.08,183.83,174.0,-1.46,-1.78
2026-01-07 20:26:49.694488,AAPL,176.53,176.64,173.91,176.03,6538435,178.8295,182.37168797245508,40.65,183.89,173.77,-1.6,-1.74
2026-01-08 20:26:49.694488,AAPL,173.75,176.55,172.73,173.84,5443248,178.582,182.03711197353527,35.97,184.11,173.05,-1.87,-1.77
2026-01-09 20:26:49.694488,AAPL,172.98,174.8,172.91,173.48,9426203,178.249,181.7015389549653,45.99,184.17,172.32,-2.09,-1.83
2026-01-10 20:26:49.694488,AAPL,170.15,170.19,170.05,170.13,1820812,177.787,181.24775311359411,38.67,184.7,170.87,-2.5,-1.97
2026-01-11 20:26:49.694488,AAPL,166.74,166.69,166.03,166.34,1012676,177.16699999999997,180.66313534443358,30.54,185.75,168.59,-3.1,-2.19
2026-01-12 20:26:49.694488,AAPL,165.77,166.14,164.68,164.85,5584641,176.402,180.04301238974992,29.13,186.46,166.34,-3.66,-2.49
2026-01-13 20:26:49.694488,AAPL,163.26,162.99,161.77,162.49,8154899,175.5085,179.3546589627009,24.47,187.14,163.88,-4.24,-2.84
2026-01-14 20:26:49.694488,AAPL,159.98,162.66,159.2,161.09,1180362,174.522,178.63839782690872,8.41,187.52,161.52,-4.75,-3.22
2026-01-15 20:26:49.694488,AAPL,160.49,160.44,159.66,159.79,7881326,173.7595,177.89924497095154,6.96,188.33,159.19,-5.21,-3.62
2026-01-16 20:26:49.694488,AAPL,159.46,161.61,158.53,159.07,8779663,172.95049999999998,177.16084320738483,0.16,188.9,157.0,-5.56,-4.01
2026-01-17 20:26:49.694488,AAPL,161.79,162.81,161.04,161.46,9277923,172.212,176.54512386591878,9.72,188.87,155.55,-5.59,-4.32
2026-01-18 20:26:49.694488,AAPL,165.56,165.05,164.21,164.61,3240268,171.644,176.0770797927455,21.38,188.54,154.75,-5.29,-4.52
2026-01-19 20:26:49.694488,AAPL,167.49,167.52,165.96,166.34,2538908,171.1185,175.69523352636335,27.38,187.99,154.25,-4.86,-4.59
2026-01-20 20:26:49.694488,AAPL,166.05,165.77,163.98,165.57,8577829,170.3145,175.29816554493735,29.19,186.59,154.04,-4.53,-4.57
2026-01-21 20:26:49.694488,AAPL,169.07,171.09,168.5,169.11,4055766,169.673,175.05549238631235,37.88,185.0,154.34,-3.94,-4.45
2026-01-22 20:26:49.694488,AAPL,165.3,166.44,162.88,165.62,7739021,168.7695,174.6854730770452,36.23,182.69,154.85,-3.7,-4.3
2026-01-23 20:26:49.694488,AAPL,161.29,161.52,160.98,161.1,1848747,167.744,174.152709426965,31.79,180.67,154.82,-3.84,-4.21
2026-01-24 20:26:49.694488,AAPL,162.06,162.99,160.95,161.76,4877905,166.8545,173.666720821986,36.63,178.76,154.95,-3.85,-4.14
2026-01-25 20:26:49.694488,AAPL,161.42,162.51,160.68,161.82,7736721,166.02450000000002,173.20214353484928,41.81,176.8,155.25,-3.81,-4.07
2026-01-26 20:26:49.694488,AAPL,162.74,163.2,161.11,161.57,2932222,165.30349999999999,172.74598104328658,43.77,175.16,155.45,-3.76,-4.01
2026-01-27 20:26:49.694488,AAPL,162.75,163.87,161.39,161.7,9731221,164.58700000000002,172.3128053160989,48.36,173.16,156.01,-3.66,-3.94
2026-01-28 20:26:49.694488,AAPL,158.73,159.81,156.16,158.13,4240530,163.80149999999998,171.75661687233028,44.37,171.65,155.95,-3.83,-3.92
2026-01-29 20:26:49.694488,AAPL,156.92,156.99,154.66,155.67,1342110,162.911,171.12576915184673,42.49,170.16,155.66,-4.11,-3.96
2026-01-30 20:26:49.694488,AAPL,159.04,159.56,156.46,158.42,6295795,162.32549999999998,170.62750369491158,48.9,168.99,155.66,-4.07,-3.98
2026-01-31 20:26:49.694488,AAPL,160.58,161.99,160.49,160.75,3242617,162.046,170.24015060883664,48.79,168.46,155.63,-3.8,-3.94
2026-02-01 20:26:49.694488,AAPL,159.85,160.64,158.94,159.21,1018494,161.764,169.80759568299993,40.29,168.16,155.37,-3.67,-3.89
2026-02-02 20:26:49.694488,AAPL,164.98,164.34,161.06,163.6,7510859,161.8195,169.5641605581764,45.5,168.26,155.38,-3.18,-3.75
2026-02-03 20:26:49.694488,AAPL,161.16,161.98,159.05,161.25,1499763,161.8275,169.23811504609105,43.26,168.26,155.39,-2.94,-3.59
2026-02-04 20:26:49.694488,AAPL,159.28,161.2,158.69,160.04,2461821,161.83999999999997,168.8774046521267,34.74,168.26,155.42,-2.82,-3.43
2026-02-05 20:26:49.694488,AAPL,161.44,160.76,159.91,160.75,9119125,161.924,168.55868290106292,40.96,168.23,155.61,-2.64,-3.27
2026-02-06 20:26:49.694488,AAPL,157.14,161.47,155.72,158.17,1517773,161.7595,168.15128357160947,44.14,168.29,155.23,-2.67,-3.15
2026-02-07 20:26:49.694488,AAPL,156.58,158.34,156.38,157.17,4758059,161.3875,167.7206450001738,40.94,168.08,154.7,-2.74,-3.07
2026-02-08 20:26:49.694488,AAPL,157.13,156.91,156.31,156.85,8864251,160.91299999999998,167.29434519624542,40.29,167.47,154.36,-2.8,-3.02
2026-02-09 20:26:49.694488,AAPL,155.85,157.72,155.18,156.05,4722850,160.437,166.85339048266718,39.44,166.95,153.92,-2.87,-2.99
2026-02-10 20:26:49.694488,AAPL,159.15,158.39,157.05,158.01,5460555,159.882,166.50659085589592,43.4,165.04,154.73,-2.74,-2.94
2026-02-11 20:26:49.694488,AAPL,159.43,161.06,158.59,159.37,7115628,159.5695,166.2267245478216,52.41,163.96,155.18,-2.49,-2.85
2026-02-12 20:26:49.694488,AAPL,157.47,159.77,156.79,157.02,6269971,159.3655,165.8656765263384,52.63,163.83,154.9,-2.46,-2.77
2026-02-13 20:26:49.694488,AAPL,156.35,156.35,155.36,155.6,6625212,159.0575,165.46310097628592,44.2,163.68,154.44,-2.52,-2.72
2026-02-14 20:26:49.694488,AAPL,156.13,156.77,155.85,156.05,9085640,158.76899999999998,165.09395976152962,39.53,163.38,154.15,-2.51,-2.68
2026-02-15 20:26:49.694488,AAPL,156.34,156.21,155.79,155.97,8350517,158.489,164.73615741794023,42.28,163.07,153.91,-2.47,-2.64
2026-02-16 20:26:49.694488,AAPL,153.26,155.56,153.95,154.33,4753030,158.1205,164.32807281331515,24.57,162.8,153.44,-2.55,-2.62
2026-02-17 20:26:49.694488,AAPL,156.61,157.38,152.55,155.3,3496459,157.97899999999998,163.97403074220475,32.34,162.82,153.14,-2.5,-2.6
2026-02-18 20:26:49.694488,AAPL,157.24,158.88,156.62,157.13,5489259,158.052,163.70563737976534,41.67,162.79,153.31,-2.29,-2.53
2026-02-19 20:26:49.694488,AAPL,155.71,157.18,154.96,155.83,9302496,157.92249999999999,163.39678885506868,36.38,162.76,153.09,-2.2,-2.47
2026-02-20 20:26:49.694488,AAPL,157.25,158.07,157.11,157.6,9325168,157.76500000000001,163.16946380192874,48.35,162.42,153.11,-1.96,-2.37
2026-02-21 20:26:49.694488,AAPL,154.32,154.71,153.83,154.16,4828664,157.5125,162.81615149597076,42.36,162.38,152.65,-2.03,-2.3
2026-02-22 20:26:49.694488,AAPL,150.49,152.11,146.82,150.81,1171993,156.873,162.34532202554053,36.71,161.73,152.02,-2.33,-2.31
2026-02-23 20:26:49.694488,AAPL,152.08,154.34,150.19,151.92,1742649,156.4065,161.9364858676762,41.03,161.29,151.53,-2.44,-2.33
2026-02-24 20:26:49.694488,AAPL,149.86,150.64,149.39,150.23,9916078,155.916,161.4774079905124,32.91,161.21,150.62,-2.64,-2.39
2026-02-25 20:26:49.694488,AAPL,147.4,148.68,147.91,148.22,2529122,155.2895,160.9575096379433,26.19,161.12,149.46,-2.93,-2.5
2026-02-26 20:26:49.694488,AAPL,147.3,149.05,145.92,147.74,2051610,154.768,160.43917592665142,28.46,161.33,148.21,-3.16,-2.63
2026-02-27 20:26:49.694488,AAPL,145.95,146.72,145.22,146.41,5325287,154.23,159.88901216482196,28.58,161.67,146.79,-3.41,-2.79
2026-02-28 20:26:49.694488,AAPL,147.37,148.13,145.69,147.13,9030408,153.744,159.38865874659368,29.47,161.71,145.78,-3.51,-2.93
2026-03-01 20:26:49.694488,AAPL,144.34,145.82,143.84,144.25,2504433,153.154,158.7949858545704,26.1,162.09,144.22,-3.78,-3.1
2026-03-02 20:26:49.694488,AAPL,143.28,143.8,142.6,143.56,5314003,152.4315,158.19753542890098,27.15,162.03,142.83,-4.0,-3.28
2026-03-03 20:26:49.694488,AAPL,150.25,150.86,149.52,150.05,3840034,151.96550000000002,157.87802423561075,40.98,161.03,142.9,-3.61,-3.35
2026-03-04 20:26:49.694488,AAPL,149.97,150.71,149.57,150.34,9533381,151.63150000000002,157.5824154420574,37.68,160.4,142.86,-3.24,-3.33
2026-03-05 20:26:49.694488,AAPL,146.44,147.69,146.41,146.46,4355875,151.1745,157.14624228746692,34.45,160.03,142.32,-3.22,-3.3
2026-03-06 20:26:49.694488,AAPL,147.57,147.9,146.55,147.74,9173201,150.75900000000001,156.77737004089957,33.37,159.43,142.09,-3.07,-3.26
2026-03-07 20:26:49.694488,AAPL,149.17,150.4,148.76,148.92,9760235,150.4065,156.46923788243294,40.43,158.75,142.06,-2.82,-3.17
2026-03-08 20:26:49.694488,AAPL,151.33,153.71,151.26,151.86,3402978,150.283,156.28848345567087,51.95,158.45,142.11,-2.36,-3.01
2026-03-09 20:26:49.694488,AAPL,152.14,154.01,150.44,152.23,6689063,150.12949999999998,156.129327241723,50.59,158.01,142.25,-1.94,-2.79
2026-03-10 20:26:49.694488,AAPL,150.9,151.21,149.88,150.92,8436769,149.81900000000002,155.9250398989103,51.33,157.0,142.64,-1.7,-2.58
2026-03-11 20:26:49.694488,AAPL,153.28,156.39,151.98,153.95,1382640,149.725,155.847587353855,60.66,156.62,142.83,-1.24,-2.31
2026-03-12 20:26:49.694488,AAPL,155.57,157.37,155.05,155.54,5810791,149.62199999999999,155.83552510468422,63.94,156.07,143.18,-0.75,-2.0
2026-03-13 20:26:49.694488,AAPL,151.74,153.02,151.6,151.76,9724060,149.502,155.67570059077502,58.79,155.67,143.33,-0.65,-1.73
2026-03-14 20:26:49.694488,AAPL,153.97,153.62,153.33,153.4,8378278,149.63150000000002,155.58645743035248,60.0,156.02,143.24,-0.44,-1.47
2026-03-15 20:26:49.694488,AAPL,152.29,156.24,152.6,152.97,5222363,149.684,155.48385125661318,65.09,156.17,143.2,-0.3,-1.24
2026-03-16 20:26:49.694488,AAPL,154.49,155.67,154.93,155.4,4656869,149.9425,155.4805629720401,69.32,156.92,142.97,0.0,-0.99
2026-03-17 20:26:49.694488,AAPL,153.66,155.2,154.24,154.65,8675750,150.264,155.44799187509736,59.24,157.49,143.04,0.18,-0.76
2026-03-18 20:26:49.694488,AAPL,156.54,156.94,155.32,156.41,9146761,150.6975,155.48571768391707,61.51,158.32,143.08,0.46,-0.51
2026-03-19 20:26:49.694488,AAPL,156.55,157.13,155.13,156.89,8279450,151.2215,155.54078757866543,72.7,159.04,143.4,0.71,-0.27
2026-03-20 20:26:49.694488,AAPL,157.6,158.81,158.01,158.23,4818053,151.7765,155.646246889306,72.77,159.94,143.61,1.01,-0.01
2026-03-21 20:26:49.694488,AAPL,158.39,159.4,156.86,158.24,6365074,152.476,155.74796269756854,71.32,160.31,144.64,1.23,0.24
2026-03-22 20:26:49.694488,AAPL,157.94,158.27,157.18,157.4,2799640,153.168,155.8127484741345,64.02,160.08,146.26,1.32,0.45
2026-03-23 20:26:49.694488,AAPL,158.79,158.72,156.99,157.6,6955032,153.5455,155.8828367692665,63.71,160.57,146.53,1.39,0.64
2026-03-24 20:26:49.694488,AAPL,159.84,159.56,157.09,159.05,6189058,153.981,156.00703924890314,70.6,161.24,146.72,1.55,0.82
2026-03-25 20:26:49.694488,AAPL,159.62,160.94,157.66,160.03,2305664,154.6595,156.16480241561283,67.19,161.48,147.84,1.73,1.0
2026-03-26 20:26:49.694488,AAPL,164.67,164.64,162.24,163.72,8982117,155.4585,156.46108467382408,70.68,162.6,148.31,2.15,1.23
2026-03-27 20:26:49.694488,AAPL,164.26,165.53,164.66,164.75,5269573,156.25,156.7861401768114,88.14,163.84,148.66,2.54,1.49
2026-03-28 20:26:49.694488,AAPL,166.55,167.52,165.11,166.27,3238607,156.9705,157.15805624830898,88.05,165.48,148.46,2.93,1.78
2026-03-29 20:26:49.694488,AAPL,171.78,173.58,170.64,171.25,5287878,157.9215,157.71068149347334,92.59,168.26,147.58,3.61,2.15
2026-03-30 20:26:49.694488,AAPL,170.47,171.52,171.46,171.47,5748743,158.949,158.25026261137634,91.74,170.38,147.51,4.11,2.54
2026-03-31 20:26:49.694488,AAPL,172.91,173.92,172.61,172.82,6662034,159.8925,158.8216248619106,95.77,172.63,147.15,4.56,2.94
2026-04-01 20:26:49.694488,AAPL,171.51,172.87,169.94,171.44,9755610,160.6875,159.31646310262,88.6,174.24,147.13,4.76,3.31
2026-04-02 20:26:49.694488,AAPL,173.1,171.64,171.52,171.61,2149512,161.68,159.79856258879175,88.41,175.39,147.97,4.87,3.62
2026-04-03 20:26:49.694488,AAPL,175.2,177.31,173.08,175.63,5294091,162.79149999999998,160.41940327158423,89.84,177.26,148.33,5.22,3.94
2026-04-04 20:26:49.694488,AAPL,176.99,176.75,174.65,176.45,4503481,163.9655,161.04805412367895,90.2,178.88,149.05,5.51,4.25
2026-04-05 20:26:49.694488,AAPL,179.98,182.65,178.08,180.11,5546999,165.201,161.79558141294646,94.58,181.18,149.22,5.96,4.6
2026-04-06 20:26:49.694488,AAPL,177.59,178.08,177.22,177.53,5875599,166.345,162.41261743596817,85.78,182.42,150.27,6.04,4.88
2026-04-07 20:26:49.694488,AAPL,173.54,177.23,173.95,174.19,4226148,167.234,162.87447557573415,75.45,182.96,151.51,5.76,5.06
2026-04-08 20:26:49.694488,AAPL,175.68,177.12,174.38,175.0,7029420,168.1395,163.34998633747009,75.31,183.44,152.84,5.55,5.16
2026-04-09 20:26:49.694488,AAPL,172.63,174.02,168.95,171.77,6588375,168.81650000000002,163.68018295168696,63.83,183.45,154.18,5.06,5.14
2026-04-10 20:26:49.694488,AAPL,179.16,179.16,177.98,178.32,2199174,169.82049999999998,164.25429342416984,69.59,184.15,155.49,5.14,5.14
2026-04-11 20:26:49.694488,AAPL,180.26,184.12,180.42,181.5,1993482,171.0255,164.93059564282987,70.98,185.01,157.04,5.4,5.19
2026-04-12 20:26:49.694488,AAPL,177.14,178.74,177.21,178.46,9809694,172.0685,165.46116051958165,60.49,184.9,159.24,5.3,5.21
2026-04-13 20:26:49.694488,AAPL,178.06,180.01,176.78,178.11,3319237,173.0215,165.95719344038238,59.63,184.55,161.5,5.13,5.2
2026-04-14 20:26:49.694488,AAPL,177.56,177.73,176.14,176.76,8669983,173.858,166.38083291330858,55.71,183.72,164.0,4.83,5.12
2026-04-15 20:26:49.694488,AAPL,178.42,178.5,176.59,177.85,5774345,174.5645,166.8306041716102,59.37,183.33,165.8,4.63,5.02
2026-04-16 20:26:49.694488,AAPL,177.59,178.32,176.94,177.78,5453672,175.216,167.25999224331176,59.05,182.76,167.67,4.42,4.9
2026-04-17 20:26:49.694488,AAPL,179.66,180.75,178.22,180.16,2921085,175.9105,167.76587490043678,56.98,182.49,169.33,4.39,4.8
2026-04-18 20:26:49.694488,AAPL,185.16,183.94,183.45,183.93,1984124,176.54450000000003,168.3997621592432,60.56,183.65,169.44,4.61,4.76
2026-04-19 20:26:49.694488,AAPL,184.48,185.12,181.95,183.44,8780436,177.143,168.98957540790033,55.17,184.46,169.82,4.7,4.75
2026-04-20 20:26:49.694488,AAPL,180.02,181.54,179.91,180.55,4820897,177.52949999999998,169.44292539190425,54.64,184.71,170.35,4.48,4.7
2026-04-21 20:26:49.694488,AAPL,181.98,182.76,180.62,182.03,4035537,178.05900000000003,169.9365361608492,62.78,184.9,171.22,4.38,4.63
2026-04-22 20:26:49.694488,AAPL,181.62,183.06,181.22,181.68,4141980,178.5625,170.39706415454137,61.05,184.86,172.26,4.22,4.55
2026-04-23 20:26:49.694488,AAPL,186.19,185.01,183.95,184.66,2168074,179.014,170.95639497201034,71.5,185.71,172.32,4.29,4.5
2026-04-24 20:26:49.694488,AAPL,184.86,186.65,183.94,184.34,7250585,179.4085,171.48124222800993,62.68,186.39,172.42,4.27,4.45
2026-04-25 20:26:49.694488,AAPL,187.38,189.47,185.47,186.54,1032610,179.73,172.07178174848013,61.07,187.41,172.05,4.37,4.44
2026-04-26 20:26:49.694488,AAPL,186.83,189.59,185.77,187.49,4479368,180.228,172.67641775834366,71.84,188.57,171.89,4.49,4.45
2026-04-27 20:26:49.694488,AAPL,187.27,187.81,185.03,187.07,1546086,180.87199999999999,173.24087196389883,71.6,189.24,172.5,4.49,4.46
2026-04-28 20:26:49.694488,AAPL,185.9,187.5,184.94,185.98,7094074,181.421,173.74044561237338,72.51,189.6,173.24,4.35,4.43
2026-04-29 20:26:49.694488,AAPL,188.01,188.41,187.19,187.9,6446089,182.2275,174.29572225502542,73.58,189.54,174.92,4.35,4.42
2026-04-30 20:26:49.694488,AAPL,194.99,194.93,194.65,194.67,8985292,183.04500000000002,175.09471353914208,80.15,191.99,174.1,4.84,4.5
2026-05-01 20:26:49.694488,AAPL,196.97,197.24,195.23,197.02,2066925,183.821,175.95452869446984,80.13,194.69,172.95,5.35,4.67
2026-05-02 20:26:49.694488,AAPL,195.91,198.52,195.94,196.74,1671494,184.735,176.76964521625536,76.15,196.72,172.75,5.67,4.87
2026-05-03 20:26:49.694488,AAPL,199.68,200.16,194.91,198.75,6055629,185.767,177.6316199136571,79.43,198.86,172.68,6.02,5.1
2026-05-04 20:26:49.694488,AAPL,198.39,200.86,195.53,199.14,8591715,186.88600000000002,178.47508579939603,89.54,200.55,173.23,6.25,5.33
2026-05-05 20:26:49.694488,AAPL,195.09,196.92,193.41,195.71,1381011,187.779,179.15096478765503,76.87,201.29,174.27,6.09,5.48
2026-05-06 20:26:49.694488,AAPL,195.19,198.3,195.91,196.63,8759441,188.72150000000002,179.83641714892346,78.72,201.92,175.52,5.97,5.58
2026-05-07 20:26:49.694488,AAPL,201.25,202.07,197.45,200.97,7719814,189.762,180.66518510386763,79.77,203.39,176.13,6.15,5.69
2026-05-08 20:26:49.694488,AAPL,200.27,201.1,196.65,200.17,7761263,190.574,181.43007980567674,78.4,204.67,176.48,6.16,5.79
2026-05-09 20:26:49.694488,AAPL,196.63,198.16,196.63,197.14,7070965,191.259,182.0461551074149,68.47,205.22,177.29,5.85,5.8
2026-05-10 20:26:49.694488,AAPL,197.87,199.73,196.48,198.56,5311817,192.1595,182.69375686790843,68.97,205.53,178.79,5.66,5.77
2026-05-11 20:26:49.694488,AAPL,203.88,203.76,202.71,203.74,3688766,193.245,183.5190997358336,74.57,206.67,179.82,5.86,5.79
2026-05-12 20:26:49.694488,AAPL,206.25,207.83,206.23,206.49,8578077,194.4855,184.4199193540362,78.81,208.0,180.97,6.17,5.87
2026-05-13 20:26:49.694488,AAPL,208.65,211.21,209.23,209.51,6242965,195.728,185.40384408525048,79.45,209.99,181.47,6.58,6.01
2026-05-14 20:26:49.694488,AAPL,216.77,218.54,215.32,216.38,7507101,197.32999999999998,186.61859529759363,79.51,213.3,181.36,7.37,6.28
2026-05-15 20:26:49.694488,AAPL,222.18,221.75,220.23,221.38,5033959,199.072,187.9817876388645,80.88,217.5,180.65,8.31,6.69
2026-05-16 20:26:49.694488,AAPL,223.99,223.77,221.23,223.66,4022010,200.88049999999998,189.38093322165412,82.48,221.49,180.27,9.13,7.18
2026-05-17 20:26:49.694488,AAPL,223.86,223.54,220.63,223.1,2471194,202.68200000000002,190.70324956590298,80.45,224.47,180.89,9.63,7.67
2026-05-18 20:26:49.694488,AAPL,223.83,226.26,222.28,223.61,6366231,204.5635,191.99371036724014,80.5,226.78,182.35,9.95,8.12
2026-05-19 20:26:49.694488,AAPL,224.76,223.98,222.18,223.38,7338144,206.3375,193.22454525479935,87.48,228.61,184.06,10.07,8.51
2026-05-20 20:26:49.694488,AAPL,226.93,226.12,224.72,226.11,5382887,207.90949999999998,194.51417093108174,88.07,231.14,184.68,10.26,8.86
2026-05-21 20:26:49.694488,AAPL,223.14,224.17,222.48,223.44,5303620,209.23049999999998,195.64851716907853,80.32,232.85,185.61,10.09,9.11
2026-05-22 20:26:49.694488,AAPL,229.37,228.77,226.11,228.36,2777313,210.81149999999997,196.93132041734998,84.24,235.14,186.49,10.23,9.33
2026-05-23 20:26:49.694488,AAPL,229.25,229.68,228.91,228.91,6813031,212.31949999999998,198.18538628333624,91.06,237.23,187.41,10.26,9.52
2026-05-24 20:26:49.694488,AAPL,227.28,228.0,222.27,227.73,6322539,213.74899999999997,199.34399858595052,87.93,238.75,188.74,10.08,9.63
2026-05-25 20:26:49.694488,AAPL,229.8,231.39,227.31,230.41,2020323,215.484,200.56227315120736,87.09,240.03,190.94,10.04,9.71
2026-05-26 20:26:49.694488,AAPL,223.71,224.11,221.95,223.96,6742826,216.8505,201.4798310668463,72.03,239.98,193.72,9.37,9.64
2026-05-27 20:26:49.694488,AAPL,219.75,222.81,219.18,221.47,9256712,217.87550000000002,202.26375926030332,65.29,239.83,195.92,8.55,9.42
2026-05-28 20:26:49.694488,AAPL,218.89,219.61,215.96,219.55,7522827,218.8445,202.94165105401692,54.64,239.16,198.53,7.65,9.07
2026-05-29 20:26:49.694488,AAPL,221.71,223.56,221.94,222.14,3850426,220.0945,203.69452748327117,51.2,237.68,202.51,7.07,8.67
2026-05-30 20:26:49.694488,AAPL,219.37,222.19,220.25,220.72,7050571,221.20249999999996,204.3621930721625,45.24,235.57,206.84,6.42,8.22
2026-05-31 20:26:49.694488,AAPL,224.44,225.75,220.36,225.21,9936452,222.27599999999998,205.17975412815616,53.03,234.14,210.41,6.19,7.81
2026-06-01 20:26:49.694488,AAPL,223.03,224.96,222.3,223.91,8370324,223.14700000000002,205.91427357411084,50.42,232.4,213.9,5.84,7.42
2026-06-02 20:26:49.694488,AAPL,224.24,225.88,225.04,225.62,1280550,223.95250000000001,206.68704715943983,53.02,230.66,217.24,5.64,7.06
2026-06-03 20:26:49.694488,AAPL,223.38,225.19,222.5,223.5,2096840,224.3085,207.34637864338336,46.42,230.0,218.61,5.24,6.7
2026-06-04 20:26:49.694488,AAPL,227.38,229.51,226.02,227.19,9905602,224.599,208.1245598730546,55.0,230.26,218.94,5.17,6.39
2026-06-05 20:26:49.694488,AAPL,226.79,228.11,222.73,226.48,5739805,224.74,208.84438105450346,47.18,230.44,219.04,4.99,6.11
2026-06-06 20:26:49.694488,AAPL,229.24,228.63,227.53,228.2,4843903,224.99500000000003,209.60342493471902,48.97,230.84,219.15,4.94,5.88
2026-06-07 20:26:49.694488,AAPL,226.57,230.82,226.69,226.73,1255772,225.15099999999998,210.27505532943593,48.56,231.01,219.29,4.72,5.65
2026-06-08 20:26:49.694488,AAPL,223.0,224.11,222.19,223.43,2506182,225.15349999999998,210.7909355125953,40.14,231.01,219.3,4.23,5.36
2026-06-09 20:26:49.694488,AAPL,222.8,224.76,221.25,222.8,6383131,224.988,211.26187921798373,48.04,230.91,219.06,3.75,5.04
2026-06-10 20:26:49.694488,AAPL,227.43,226.74,225.2,226.3,8572854,225.13100000000003,211.85160944472946,57.9,231.04,219.22,3.61,4.75
2026-06-11 20:26:49.694488,AAPL,224.63,225.2,220.05,223.22,1055713,224.87399999999997,212.29742868219105,55.78,230.64,219.11,3.22,4.45
2026-06-12 20:26:49.694488,AAPL,218.13,221.53,216.66,218.62,9719762,224.35949999999997,212.54537265543846,44.78,230.43,218.29,2.5,4.06
2026-06-13 20:26:49.694488,AAPL,218.12,218.16,217.65,217.77,2572159,223.86150000000004,212.750260002284,45.55,230.39,217.34,1.85,3.62
2026-06-14 20:26:49.694488,AAPL,220.09,220.95,219.7,220.22,2004075,223.352,213.04319098258657,41.99,229.29,217.41,1.51,3.2
2026-06-15 20:26:49.694488,AAPL,217.6,217.21,213.9,217.11,1905876,223.00949999999997,213.2026736891518,39.68,229.56,216.46,0.98,2.75
2026-06-16 20:26:49.694488,AAPL,213.46,216.76,214.82,215.56,4387455,222.71400000000003,213.29511785820466,34.66,230.04,215.39,0.43,2.29
2026-06-17 20:26:49.694488,AAPL,215.83,217.35,215.35,216.19,4884224,222.546,213.408642648079,38.32,230.32,214.77,0.04,1.84
2026-06-18 20:26:49.694488,AAPL,213.68,215.72,213.59,215.28,6262759,222.20299999999997,213.48202921089944,29.11,230.63,213.78,-0.34,1.4
2026-06-19 20:26:49.694488,AAPL,213.51,216.7,215.24,216.22,9264095,221.978,213.58940061439358,32.15,230.8,213.15,-0.55,1.01
2026-06-20 20:26:49.694488,AAPL,220.24,220.3,219.44,219.9,7625886,221.7125,213.83687510010364,36.48,230.45,212.98,-0.42,0.73
2026-06-21 20:26:49.694488,AAPL,219.24,220.91,217.99,220.05,5949697,221.51950000000002,214.08052705696232,38.63,230.22,212.82,-0.3,0.52
2026-06-22 20:26:49.694488,AAPL,221.07,220.81,219.18,219.93,2471883,221.23499999999999,214.30991815276772,43.32,229.74,212.73,-0.21,0.37
2026-06-23 20:26:49.694488,AAPL,223.07,222.85,218.58,222.37,7827012,221.17849999999999,214.62599979383566,49.23,229.64,212.72,0.05,0.31
2026-06-24 20:26:49.694488,AAPL,223.38,223.98,222.01,222.26,7041788,220.93200000000002,214.92537235094017,41.8,228.93,212.94,0.25,0.3
2026-06-25 20:26:49.694488,AAPL,220.15,220.7,219.3,219.43,6471647,220.57949999999997,215.10202441560918,42.22,228.16,213.0,0.18,0.27
2026-06-26 20:26:49.694488,AAPL,216.05,218.34,214.37,216.45,8468222,219.99200000000002,215.15488620323237,45.23,226.87,213.11,-0.12,0.2
2026-06-27 20:26:49.694488,AAPL,213.53,215.26,212.84,213.21,3310868,219.31600000000003,215.0786161560468,40.93,226.06,212.57,-0.61,0.03
2026-06-28 20:26:49.694488,AAPL,217.7,219.12,216.06,219.02,3038051,219.0955,215.2331802283587,47.89,225.56,212.63,-0.52,-0.08
2026-06-29 20:26:49.694488,AAPL,217.91,220.71,217.86,218.97,7362705,218.904,215.37972218018777,53.66,225.13,212.68,-0.45,-0.15
2026-06-30 20:26:49.694488,AAPL,221.25,224.88,219.12,220.81,8538430,218.6295,215.59267425155295,60.2,223.89,213.37,-0.25,-0.17
2026-07-01 20:26:49.694488,AAPL,224.69,224.23,222.91,223.1,2262985,218.6235,215.8870791828646,62.61,223.86,213.39,0.1,-0.12
2026-07-02 20:26:49.694488,AAPL,220.49,221.42,219.35,220.3,8449440,218.70750000000004,216.06013490118363,58.57,224.0,213.42,0.15,-0.06
2026-07-03 20:26:49.694488,AAPL,221.31,224.03,221.06,222.31,3656159,218.93449999999999,216.30522765015684,60.03,224.44,213.43,0.35,0.02
2026-07-04 20:26:49.694488,AAPL,220.6,226.3,216.93,220.66,3302056,218.9565,216.4760030364252,51.34,224.49,213.43,0.36,0.09
2026-07-05 20:26:49.694488,AAPL,214.97,216.74,213.2,214.45,5659725,218.82350000000002,216.39655193695754,41.86,224.66,212.99,-0.12,0.05
2026-07-06 20:26:49.694488,AAPL,214.77,214.5,211.37,213.89,1810092,218.73999999999995,216.29825578256703,41.33,224.82,212.66,-0.55,-0.07
2026-07-07 20:26:49.694488,AAPL,210.94,212.92,210.61,210.81,6226602,218.471,216.08303006560362,33.7,225.43,211.51,-1.12,-0.28
2026-07-08 20:26:49.694488,AAPL,211.36,211.28,208.46,209.91,2254306,218.20250000000001,215.8409504551878,32.97,226.04,210.36,-1.62,-0.55
2026-07-09 20:26:49.694488,AAPL,211.91,213.11,210.38,210.99,5166112,217.94099999999997,215.65071710400397,37.77,226.39,209.5,-1.92,-0.82
2026-07-10 20:26:49.694488,AAPL,218.21,218.62,216.55,217.85,6997806,217.8385,215.73696349208225,51.82,226.23,209.44,-1.58,-0.98
2026-07-11 20:26:49.694488,AAPL,216.14,219.2,214.36,216.44,5777009,217.658,215.7645335512163,54.42,226.01,209.31,-1.4,-1.06
2026-07-12 20:26:49.694488,AAPL,218.12,216.72,215.24,216.03,2365882,217.46300000000002,215.7749440001882,45.2,225.77,209.16,-1.29,-1.11
2026-07-13 20:26:49.694488,AAPL,216.86,217.23,217.03,217.23,6020779,217.206,215.83200501978868,47.31,225.19,209.23,-1.08,-1.1
2026-07-14 20:26:49.694488,AAPL,217.61,220.91,217.01,217.87,2224246,216.98649999999998,215.91192639156168,45.27,224.61,209.36,-0.86,-1.05
2026-07-15 20:26:49.694488,AAPL,216.69,221.49,217.26,217.48,2322517,216.88900000000004,215.97341947424553,40.38,224.44,209.34,-0.71,-0.98
2026-07-16 20:26:49.694488,AAPL,214.55,215.26,213.08,214.32,2929667,216.78249999999997,215.90857949486337,39.88,224.41,209.15,-0.83,-0.95
2026-07-17 20:26:49.694488,AAPL,210.1,211.65,211.03,211.58,1053217,216.70099999999996,215.73883127937853,32.29,224.53,208.88,-1.14,-0.99
2026-07-18 20:26:49.694488,AAPL,211.59,212.15,210.46,211.12,7263777,216.30599999999998,215.55770064097155,33.61,224.43,208.18,-1.4,-1.07
2026-07-19 20:26:49.694488,AAPL,206.48,208.19,206.87,207.84,5747178,215.74949999999998,215.25504571387464,37.37,224.6,206.9,-1.85,-1.23
2026-07-20 20:26:49.694488,AAPL,206.56,206.67,203.67,206.03,8883708,215.0105,214.89327921529133,35.67,224.52,205.5,-2.33,-1.45
2026-07-21 20:26:49.694488,AAPL,201.38,202.62,201.64,202.56,9345118,213.9835,214.40962120684853,35.17,224.23,203.74,-2.96,-1.75
2026-07-22 20:26:49.694488,AAPL,204.75,205.89,205.34,205.82,8478474,213.25949999999997,214.0727733163839,43.22,223.67,202.85,-3.15,-2.03
2026-07-23 20:26:49.694488,AAPL,201.03,202.93,201.1,201.67,9193809,212.22750000000002,213.5863900490747,35.98,222.95,201.51,-3.6,-2.34
2026-07-24 20:26:49.694488,AAPL,207.26,207.8,206.41,207.14,1875825,211.55149999999998,213.33359043930707,33.19,221.72,201.38,-3.47,-2.57
2026-07-25 20:26:49.694488,AAPL,205.33,206.35,205.52,205.55,9341620,211.1065,213.02835159854993,33.0,221.52,200.69,-3.46,-2.75
2026-07-26 20:26:49.694488,AAPL,201.8,204.14,200.56,202.65,9350397,210.54449999999997,212.62135741821464,30.62,221.52,199.57,-3.65,-2.93
2026-07-27 20:26:49.694488,AAPL,199.25,200.26,196.8,199.43,5454318,209.9755,212.10404928416702,25.64,222.02,197.93,-4.0,-3.14
2026-07-28 20:26:49.694488,AAPL,202.1,201.79,199.91,201.67,5409043,209.56350000000003,211.69487088086635,28.76,222.17,196.96,-4.06,-3.33
2026-07-29 20:26:49.694488,AAPL,203.13,205.17,203.86,204.64,3650458,209.246,211.41820927769513,34.23,222.02,196.47,-3.82,-3.42
2026-07-30 20:26:49.694488,AAPL,203.32,202.95,196.94,202.32,8923236,208.46949999999998,211.0614167570012,34.95,220.93,196.01,-3.78,-3.5
2026-07-31 20:26:49.694488,AAPL,203.28,203.66,202.16,203.33,1884337,207.814,210.75822394300116,39.19,219.88,195.75,-3.62,-3.52
2026-08-01 20:26:49.694488,AAPL,200.8,206.29,202.23,202.99,3066715,207.16199999999998,210.4535877099423,39.31,218.76,195.57,-3.48,-3.51
2026-08-02 20:26:49.694488,AAPL,202.48,203.62,200.79,202.38,6512230,206.41950000000003,210.13697642719947,42.28,217.17,195.67,-3.38,-3.49
2026-08-03 20:26:49.694488,AAPL,202.7,204.51,201.18,202.89,4553187,205.6705,209.85278127319165,45.39,215.06,196.28,-3.22,-3.43
2026-08-04 20:26:49.694488,AAPL,204.72,207.09,203.92,205.13,5527324,205.05300000000003,209.66757416443903,53.91,212.63,197.48,-2.88,-3.32
2026-08-05 20:26:49.694488,AAPL,199.53,200.37,199.69,199.83,4184553,204.32850000000002,209.2817869423042,41.41,210.87,197.79,-3.01,-3.26
2026-08-06 20:26:49.694488,AAPL,193.47,195.13,193.04,193.83,6766925,203.441,208.67583451319422,39.32,210.63,196.26,-3.55,-3.32
2026-08-07 20:26:49.694488,AAPL,195.03,194.92,194.15,194.46,3634667,202.608,208.11835080679444,30.11,209.91,195.31,-3.88,-3.43
2026-08-08 20:26:49.694488,AAPL,194.47,196.07,192.0,194.34,2472760,201.933,207.57802332417506,31.57,209.68,194.19,-4.11,-3.57
2026-08-09 20:26:49.694488,AAPL,196.74,196.54,195.68,196.27,9585291,201.445,207.13457142910937,39.16,209.33,193.56,-4.09,-3.67
2026-08-10 20:26:49.694488,AAPL,191.57,192.13,190.33,191.75,7648862,200.9045,206.53125490247766,37.51,209.88,191.93,-4.38,-3.81
2026-08-11 20:26:49.694488,AAPL,190.19,190.72,187.45,189.22,9791420,200.0745,205.85238216120402,29.94,210.14,190.01,-4.77,-4.0
2026-08-12 20:26:49.694488,AAPL,193.25,194.61,190.75,193.38,5428168,199.66000000000003,205.36326913527446,32.53,210.12,189.2,-4.68,-4.14
2026-08-13 20:26:49.694488,AAPL,190.42,190.77,188.59,189.97,6037308,198.8015,204.75961152212645,31.46,209.49,188.11,-4.83,-4.28
2026-08-14 20:26:49.694488,AAPL,190.88,191.66,189.2,191.01,1700025,198.0745,204.22041107027837,31.52,208.81,187.34,-4.81,-4.38
2026-08-15 20:26:49.694488,AAPL,188.87,189.06,188.02,188.99,1238323,197.3915,203.62314004791452,30.01,208.63,186.15,-4.9,-4.49
2026-08-16 20:26:49.694488,AAPL,188.67,188.09,187.67,188.0,6523597,196.82,203.0104678891728,29.69,208.76,184.88,-5.0,-4.59
2026-08-17 20:26:49.694488,AAPL,185.14,186.59,183.96,184.51,9639003,195.96200000000002,202.28495934449936,26.06,208.86,183.06,-5.29,-4.73
2026-08-18 20:26:49.694488,AAPL,187.69,188.39,187.49,187.64,6499045,195.11200000000002,201.7106472133425,27.73,207.84,182.38,-5.22,-4.83
2026-08-19 20:26:49.694488,AAPL,182.92,184.69,182.62,182.83,6873839,194.1375,200.97022967556435,28.08,207.51,180.76,-5.48,-4.96
2026-08-20 20:26:49.694488,AAPL,179.63,181.9,177.94,179.88,2852224,192.965,200.14316184515008,30.48,207.04,178.89,-5.86,-5.14
2026-08-21 20:26:49.694488,AAPL,178.16,178.68,174.07,177.7,2653584,191.70049999999998,199.26303785122263,27.52,206.51,176.89,-6.26,-5.36
2026-08-22 20:26:49.694488,AAPL,180.95,183.07,179.32,180.69,4360025,190.616,198.5346834256845,33.0,205.31,175.92,-6.27,-5.54
2026-08-23 20:26:49.694488,AAPL,182.13,182.05,180.22,181.51,8627846,189.547,197.86704878154003,31.1,203.58,175.52,-6.14,-5.66
2026-08-24 20:26:49.694488,AAPL,183.46,183.41,179.9,183.29,1154419,188.455,197.29539980971495,38.35,200.66,176.25,-5.82,-5.69
2026-08-25 20:26:49.694488,AAPL,183.32,184.15,182.17,183.32,2025825,187.62949999999998,196.74734491521633,41.27,198.78,176.48,-5.51,-5.66
2026-08-26 20:26:49.694488,AAPL,184.63,184.33,182.76,183.99,1959770,187.1375,196.2470568793255,34.51,198.0,176.27,-5.14,-5.55
2026-08-27 20:26:49.694488,AAPL,185.23,185.37,185.21,185.32,5944996,186.6805,195.81854484484217,41.76,197.0,176.36,-4.69,-5.38
2026-08-28 20:26:49.694488,AAPL,189.98,189.71,188.2,189.41,2953591,186.43400000000003,195.56722936073072,47.44,196.21,176.66,-3.96,-5.1
2025-04-16 20:26:49.903908,BTC,44402.18,45328.4,44667.15,44679.54,6528311,41661.4325,44679.54,50.0,45704.18,37618.69,0.0,0.0
2025-04-17 20:26:49.903908,BTC,45580.18,45650.94,44944.04,45354.77,2485325,41661.4325,44706.01960784314,50.0,45704.18,37618.69,53.86,10.77
2025-04-18 20:26:49.903908,BTC,45638.89,45605.12,44570.35,45501.02,1077590,41661.4325,44737.196093810075,50.0,45704.18,37618.69,107.12,30.04
2025-04-19 20:26:49.903908,BTC,42433.91,42786.84,42559.06,42650.83,8540592,41661.4325,44655.37781562145,50.0,45704.18,37618.69,-79.74,8.09
2025-04-20 20:26:49.903908,BTC,42556.64,42385.06,41592.39,42237.66,8702980,41661.4325,44560.565352263744,50.0,45704.18,37618.69,-258.2,-45.17
2025-04-21 20:26:49.903908,BTC,41667.06,42012.84,41102.42,41716.51,5722216,41661.4325,44449.03376982203,50.0,45704.18,37618.69,-436.64,-123.47
2025-04-22 20:26:49.903908,BTC,41216.2,41866.07,40940.78,41591.93,6756400,41661.4325,44336.99048473097,50.0,45704.18,37618.69,-581.41,-215.05
2025-04-23 20:26:49.903908,BTC,40870.45,40949.1,40624.32,40693.1,8788071,41661.4325,44194.09281866309,50.0,45704.18,37618.69,-759.91,-324.03
2025-04-24 20:26:49.903908,BTC,40838.63,40721.9,40144.18,40626.33,2124802,41661.4325,44054.18055126454,50.0,45704.18,37618.69,-896.43,-438.51
2025-04-25 20:26:49.903908,BTC,39956.31,40175.05,39878.02,39955.18,1304435,41661.4325,43893.435431607104,50.0,45704.18,37618.69,-1046.71,-560.15
2025-04-26 20:26:49.903908,BTC,38035.24,38240.84,38007.38,38172.42,1033195,41661.4325,43669.08188526957,50.0,45704.18,37618.69,-1294.73,-707.06
2025-04-27 20:26:49.903908,BTC,39550.44,39671.91,39219.7,39355.61,4287580,41661.4325,43499.92612506291,50.0,45704.18,37618.69,-1379.92,-841.63
2025-04-28 20:26:49.903908,BTC,40488.82,40829.08,40393.31,40570.83,4211699,41661.4325,43385.05961035457,50.0,45704.18,37618.69,-1333.99,-940.11
2025-04-29 20:26:49.903908,BTC,43038.2,43367.96,43015.44,43041.14,2437056,41661.4325,43371.57256681126,43.71,45704.18,37618.69,-1085.74,-969.23
2025-04-30 20:26:49.903908,BTC,43191.79,43162.49,43066.21,43110.47,6402843,41661.4325,43361.333250465716,44.01,45704.18,37618.69,-873.34,-950.05
2025-05-01 20:26:49.903908,BTC,42557.16,42893.14,41983.61,42504.98,2880247,41661.4325,43327.750770055296,39.05,45704.18,37618.69,-745.28,-909.1
2025-05-02 20:26:49.903908,BTC,41627.55,41848.27,41638.55,41704.22,4014795,41661.4325,43264.082896719796,36.12,45704.18,37618.69,-700.33,-867.35
2025-05-03 20:26:49.903908,BTC,39358.66,39847.99,39403.49,39523.59,2860786,41661.4325,43117.39690077,37.98,45704.18,37618.69,-831.09,-860.09
2025-05-04 20:26:49.903908,BTC,41010.43,41507.68,40802.86,40886.9,2155923,41661.4325,43029.92643407314,45.16,45704.18,37618.69,-815.31,-851.14
2025-05-05 20:26:49.903908,BTC,39003.25,39567.98,39306.02,39351.62,1663349,41661.4325,42885.67912293302,42.1,45704.18,37618.69,-916.13,-864.14
2025-05-06 20:26:49.903908,BTC,37814.21,37843.76,37367.84,37763.96,4653464,41315.6535,42684.827392621926,38.35,45453.36,37177.94,-1111.33,-913.57
2025-05-07 20:26:49.903908,BTC,37531.94,37493.84,37163.85,37491.2,9821179,40922.475000000006,42481.15573016617,39.87,44936.75,36908.2,-1273.35,-985.53
2025-05-08 20:26:49.903908,BTC,39550.79,39729.39,39302.83,39467.29,9311445,40620.7885,42362.96491721848,46.73,44050.61,37190.97,-1228.15,-1034.05
2025-05-09 20:26:49.903908,BTC,39728.99,40109.76,39774.16,39787.38,2563374,40477.615999999995,42261.96158713148,49.52,43787.6,37167.63,-1153.21,-1057.89
2025-05-10 20:26:49.903908,BTC,38430.27,38932.29,38330.28,38396.06,3656721,40285.53600000001,42110.3576033224,50.66,43611.3,36959.78,-1192.33,-1084.77
2025-05-11 20:26:49.903908,BTC,37574.0,37831.68,37159.51,37454.54,3830397,40072.4375,41927.77652083917,44.32,43554.63,36590.25,-1284.51,-1124.72
2025-05-12 20:26:49.903908,BTC,38110.27,38308.99,38110.3,38270.02,5065131,39906.342,41784.3350886494,42.96,43400.24,36412.44,-1277.04,-1155.19
2025-05-13 20:26:49.903908,BTC,38061.68,38720.89,38049.1,38053.06,9383506,39774.340000000004,41638.01057536904,32.28,43341.8,36206.88,-1273.93,-1178.93
2025-05-14 20:26:49.903908,BTC,37105.09,37170.88,36996.33,37048.2,7306267,39595.4335,41458.01800378594,29.81,43337.6,35853.27,-1337.15,-1210.58
2025-05-15 20:26:49.903908,BTC,36564.48,37045.09,36648.58,36749.55,8920571,39435.152,41273.3721997159,30.43,43381.47,35488.83,-1395.26,-1247.51
2025-05-16 20:26:49.903908,BTC,37563.26,37884.64,37477.66,37705.87,9698010,39411.8245,41133.47015266822,36.55,43394.91,35428.73,-1348.6,-1267.73
2025-05-17 20:26:49.903908,BTC,40629.09,40593.57,40209.11,40372.85,2421147,39462.686499999996,41103.641911387116,52.77,43468.67,35456.71,-1083.92,-1230.97
2025-05-18 20:26:49.903908,BTC,38826.05,38954.86,38267.23,38664.76,5237207,39367.383,41007.999483489584,42.92,43353.0,35381.76,-1000.46,-1184.87
2025-05-19 20:26:49.903908,BTC,37717.71,37954.0,37340.16,37829.96,1513985,39106.824,40883.370484137056,44.92,42747.64,35466.01,-990.26,-1145.95
2025-05-20 20:26:49.903908,BTC,36893.37,37021.8,36605.63,36786.45,1069399,38790.62300000001,40722.70693573952,46.62,42045.39,35535.86,-1054.23,-1127.6
2025-05-21 20:26:49.903908,BTC,33880.6,33856.72,33466.83,33824.73,7615897,38356.610499999995,40452.19803629876,39.3,41833.31,34879.91,-1328.6,-1167.8
2025-05-22 20:26:49.903908,BTC,32940.07,32864.02,32297.19,32755.2,1811129,37909.159499999994,40150.354976051756,29.32,41844.97,33973.34,-1613.73,-1256.99
2025-05-23 20:26:49.903908,BTC,31754.82,32013.85,31066.03,31609.69,7262075,37513.4645,39815.42693777521,26.03,42271.31,32755.62,-1910.12,-1387.61
2025-05-24 20:26:49.903908,BTC,32541.62,33410.19,32765.13,32860.85,5917541,37112.162,39542.69843041148,33.64,42023.41,32200.91,-2020.76,-1514.24
2025-05-25 20:26:49.903908,BTC,32668.29,32898.76,32598.62,32706.95,4226783,36779.928499999995,39274.629864512994,35.28,41945.71,31614.15,-2096.69,-1630.73
2025-05-26 20:26:49.903908,BTC,31085.52,31043.73,30405.2,30914.4,4441139,36437.4505,38946.77771296347,28.5,42202.05,30672.85,-2275.28,-1759.64
2025-05-27 20:26:49.903908,BTC,31818.68,31627.01,31413.88,31610.94,6042926,36143.4375,38659.09780265118,31.68,42270.19,30016.68,-2333.71,-1874.46
2025-05-28 20:26:49.903908,BTC,31142.68,31281.65,30967.55,31219.27,5817650,35731.0365,38367.33984960604,32.83,42023.88,29438.2,-2384.13,-1976.39
2025-05-29 20:26:49.903908,BTC,29241.44,29500.17,28955.88,29385.97,4042569,35210.966,38015.129267268545,30.1,41804.35,28617.58,-2542.72,-2089.66
2025-05-30 20:26:49.903908,BTC,28811.28,28893.01,28210.78,28781.17,4117515,34730.2215,37653.01321757174,25.42,41735.04,27725.4,-2686.23,-2208.97
2025-05-31 20:26:49.903908,BTC,28124.65,28254.86,28180.36,28196.69,2074865,34267.329000000005,37282.17701296108,12.12,41723.17,26811.49,-2814.69,-2330.11
2025-06-01 20:26:49.903908,BTC,27351.1,27646.48,27204.78,27352.37,4894246,33721.446500000005,36892.772816374374,12.81,41533.53,25909.37,-2950.61,-2454.21
2025-06-02 20:26:49.903908,BTC,27249.34,27411.87,27289.04,27377.15,7032926,33187.651,36519.611137300875,13.7,41209.65,25165.65,-3021.49,-2567.67
2025-06-03 20:26:49.903908,BTC,25400.57,25535.29,25161.27,25322.41,1735384,32601.3615,36080.5052103479,12.8,41133.13,24069.59,-3206.51,-2695.44
2025-06-04 20:26:49.903908,BTC,25143.31,25398.66,25035.45,25085.47,7243339,32018.157499999994,35649.32735896171,15.55,40941.65,23094.66,-3333.82,-2823.11
2025-06-05 20:26:49.903908,BTC,26026.77,26192.15,25868.83,25978.48,3646805,31431.788,35270.078442923994,22.91,40322.79,22540.78,-3324.34,-2923.36
2025-06-06 20:26:49.903908,BTC,26636.94,26977.69,26680.72,26754.19,8704712,30750.855,34936.122033397565,30.0,38805.29,22696.42,-3217.15,-2982.12
2025-06-07 20:26:49.903908,BTC,27610.46,28216.79,27789.19,27797.95,1001532,30207.5145,34656.19371836237,28.78,37438.1,22976.92,-3013.24,-2988.34
2025-06-08 20:26:49.903908,BTC,28746.18,29046.93,28764.81,28893.64,2155079,29760.6985,34430.21121960306,35.19,36051.35,23470.05,-2731.74,-2937.02
2025-06-09 20:26:49.903908,BTC,30479.0,30463.12,30362.56,30418.04,1943638,29442.278,34272.87117177549,48.03,34812.99,24071.57,-2358.45,-2821.31
2025-06-10 20:26:49.903908,BTC,29048.01,29357.35,29074.21,29258.39,3408406,29213.961,34076.22485131371,41.0,34172.67,24255.25,-2131.63,-2683.37
2025-06-11 20:26:49.903908,BTC,30204.6,30339.23,30030.53,30124.77,9286873,29082.4395,33921.2658375367,45.96,33778.24,24386.64,-1860.51,-2518.8
2025-06-12 20:26:49.903908,BTC,28441.28,28597.47,28202.81,28240.3,2149700,28913.969999999994,33698.48286351566,45.79,33467.62,24360.32,-1777.22,-2370.48
2025-06-13 20:26:49.903908,BTC,27583.92,27856.57,27485.91,27653.1,7075506,28653.5825,33461.40902573073,45.85,32837.53,24469.64,-1738.55,-2244.1
2025-06-14 20:26:49.903908,BTC,25856.26,26257.69,25686.12,25875.17,6798368,28311.9935,33163.90945609423,42.14,32208.19,24415.79,-1830.27,-2161.33
2025-06-15 20:26:49.903908,BTC,26934.95,27303.27,26552.53,26828.76,5717863,28107.711499999998,32915.47222252191,48.24,31854.98,24360.44,-1805.2,-2090.11
2025-06-16 20:26:49.903908,BTC,28197.51,28125.99,27879.16,28094.12,2544422,27931.8705,32726.39958634458,52.22,31297.6,24566.14,-1664.05,-2004.89
2025-06-17 20:26:49.903908,BTC,27830.63,28065.13,27223.54,27899.16,9124602,27765.865,32537.0960731546,59.04,30755.38,24776.35,-1550.05,-1913.93
2025-06-18 20:26:49.903908,BTC,29644.49,29697.02,29448.47,29664.71,8590497,27779.801999999996,32424.4534820505,64.5,30803.52,24756.08,-1302.23,-1791.59
2025-06-19 20:26:49.903908,BTC,28990.45,29049.12,28607.16,28975.69,6471952,27789.528000000002,32289.207855303423,59.62,30828.03,24751.03,-1148.19,-1662.91
2025-06-20 20:26:49.903908,BTC,29093.38,29302.63,28887.48,29123.67,7629446,27835.876999999997,32165.06911587976,57.92,30928.33,24743.43,-1002.62,-1530.85
2025-06-21 20:26:49.903908,BTC,29343.33,29533.18,29211.89,29274.78,7420241,27931.997499999998,32051.72444466879,55.25,31080.17,24783.82,-865.09,-1397.7
2025-06-22 20:26:49.903908,BTC,28249.63,28336.94,27915.41,28211.55,7899766,27973.7175,31901.12936840727,47.57,31113.04,24834.4,-832.29,-1284.62
2025-06-23 20:26:49.903908,BTC,28790.02,28967.12,28507.65,28639.33,1285872,28139.5635,31773.215667685417,43.12,31029.7,25249.42,-762.98,-1180.29
2025-06-24 20:26:49.903908,BTC,30417.21,30880.74,30298.09,30625.6,2156286,28416.57,31728.211131697753,54.97,31130.84,25702.3,-541.54,-1052.54
2025-06-25 20:26:49.903908,BTC,29694.58,29747.32,29537.54,29553.49,7078011,28595.320499999994,31642.92795006255,47.95,31096.01,26094.63,-447.4,-931.51
2025-06-26 20:26:49.903908,BTC,30585.83,30518.22,30350.72,30485.06,3676413,28781.864,31597.521363785585,58.62,31260.79,26302.94,-294.23,-804.06
2025-06-27 20:26:49.903908,BTC,30303.51,30558.57,29949.64,30318.55,5710152,28907.893999999993,31547.36562402929,60.58,31432.09,26383.7,-184.15,-680.07
2025-06-28 20:26:49.903908,BTC,32286.6,32576.91,31839.85,32231.61,7623182,29074.792500000003,31574.198736812457,74.97,32003.94,26145.64,56.8,-532.7
2025-06-29 20:26:49.903908,BTC,32901.73,32950.8,32626.76,32772.35,9282409,29192.508,31621.18506085903,74.13,32512.15,25872.87,288.06,-368.55
2025-06-30 20:26:49.903908,BTC,33586.81,33724.74,32930.92,33545.07,1674407,29406.841999999997,31696.631529060636,73.05,33255.74,25557.94,527.61,-189.32
2025-07-01 20:26:49.903908,BTC,34264.06,34602.47,34143.35,34296.71,7499635,29615.439000000002,31798.595390666105,75.84,34037.68,25193.2,769.24,2.4
2025-07-02 20:26:49.903908,BTC,34630.15,34656.92,34431.85,34589.68,2104512,29932.908000000003,31908.049689071355,72.58,34826.04,25039.77,973.16,196.55
2025-07-03 20:26:49.903908,BTC,32862.2,33057.68,32697.82,32952.69,6880929,30197.8875,31949.01597577444,66.77,35144.88,25250.89,991.24,355.49
2025-07-04 20:26:49.903908,BTC,34396.2,34880.62,34236.48,34576.19,1411768,30632.9385,32052.04240809701,70.45,35509.17,25756.71,1123.63,509.12
2025-07-05 20:26:49.903908,BTC,32854.38,32984.26,32842.19,32968.49,1635265,30939.925,32087.98152934811,62.49,35574.85,26305.0,1086.29,624.55
2025-07-06 20:26:49.903908,BTC,33136.81,33326.34,33115.57,33237.99,8368803,31197.1185,32133.079900746226,67.96,35737.03,26657.2,1066.16,712.87
2025-07-07 20:26:49.903908,BTC,33975.81,34232.35,33427.54,33948.52,1117056,31499.586499999998,32204.273630128726,68.6,35918.81,27080.36,1094.92,789.28
2025-07-08 20:26:49.903908,BTC,33079.28,33234.34,32856.33,32973.04,1385069,31665.003000000004,32234.421330907993,58.85,36042.52,27287.49,1027.16,836.86
2025-07-09 20:26:49.903908,BTC,33169.07,33282.71,33093.21,33135.07,4549746,31872.971999999998,32269.740886558662,64.49,36105.33,27640.61,975.28,864.54
2025-07-10 20:26:49.903908,BTC,34701.75,34821.76,34126.7,34499.05,4991032,32141.741,32357.164773360284,65.7,36321.37,27962.12,1032.34,898.1
2025-07-11 20:26:49.903908,BTC,34455.48,34583.59,34133.87,34465.97,6090393,32401.3005,32439.863017542233,66.39,36474.69,28327.92,1062.64,931.01
2025-07-12 20:26:49.903908,BTC,33332.54,33437.75,33162.75,33416.82,9424590,32661.563999999995,32478.17505606999,55.03,36243.29,29079.83,990.57,942.92
2025-07-13 20:26:49.903908,BTC,30116.03,30568.95,30111.66,30202.19,1762684,32739.707000000002,32388.920740145677,41.12,36006.28,29473.14,666.38,887.61
2025-07-14 20:26:49.903908,BTC,29094.95,29972.75,29123.64,29198.56,4960131,32668.355,32263.808554257612,35.21,36182.33,29154.38,324.73,775.04
2025-07-15 20:26:49.903908,BTC,28569.94,28661.16,28378.42,28603.14,9339294,32620.8375,32120.252924678884,30.42,36332.32,28909.36,5.86,621.2
2025-07-16 20:26:49.903908,BTC,28248.7,28203.75,27702.07,28092.43,4809557,32501.206,31962.299084495397,27.98,36632.99,28369.42,-284.78,440.0
2025-07-17 20:26:49.903908,BTC,27011.82,27389.06,26898.17,27170.06,8421620,32343.7815,31774.368140005383,29.41,37028.62,27658.94,-582.82,235.44
2025-07-18 20:26:49.903908,BTC,27586.85,27823.97,27174.75,27524.14,4781057,32108.407999999996,31607.692526671843,22.39,37266.13,26950.68,-781.44,32.06
2025-07-19 20:26:49.903908,BTC,26978.82,27143.41,26712.28,26978.16,5220414,31818.6985,31426.142231508245,24.42,37448.7,26188.7,-971.7,-168.69
2025-07-20 20:26:49.903908,BTC,26965.15,27139.67,26769.95,26872.72,2076867,31485.081,31247.57665380204,22.44,37464.28,25505.88,-1118.1,-358.57
2025-07-21 20:26:49.903908,BTC,27460.1,27867.58,27275.46,27509.05,5626266,31145.697999999997,31100.967765417645,21.93,37222.69,25068.71,-1169.3,-520.72
2025-07-22 20:26:49.903908,BTC,26782.85,27010.75,26241.05,26702.39,7401271,30751.3335,30928.474519714993,22.26,36910.42,24592.25,-1260.44,-668.66
2025-07-23 20:26:49.903908,BTC,26373.37,26528.83,26339.11,26422.82,3628479,30424.839999999997,30751.78218560852,20.61,36781.7,24067.98,-1339.78,-802.89
2025-07-24 20:26:49.903908,BTC,28546.3,28654.47,28342.73,28470.74,8548546,30119.567499999997,30662.329550878774,25.1,36218.18,24020.96,-1223.31,-886.97
2025-07-25 20:26:49.903908,BTC,29117.06,29734.26,29311.1,29342.7,3346986,29938.278000000002,30610.57937241294,30.21,35894.2,23982.35,-1048.56,-919.29
2025-07-26 20:26:49.903908,BTC,28112.56,28111.49,27870.78,28053.21,3950547,29679.039,30510.290377416357,29.66,35479.55,23878.53,-1002.56,-935.94
2025-07-27 20:26:49.903908,BTC,28059.89,27997.01,27926.35,27972.34,6893049,29380.23,30410.762911635327,38.91,34861.62,23898.84,-961.55,-941.06
2025-07-28 20:26:49.903908,BTC,28344.04,28653.5,28464.14,28521.26,1187393,29157.640999999996,30336.664758237865,46.47,34380.17,23935.11,-874.67,-927.79
2025-07-29 20:26:49.903908,BTC,29868.94,30170.58,29602.72,29762.87,8201583,28989.031,30314.16300301285,55.66,33877.97,24100.09,-697.59,-881.75
2025-07-30 20:26:49.903908,BTC,29782.57,30015.73,29773.33,29913.19,2059326,28759.738,30298.438571522154,59.21,32939.27,24580.2,-538.91,-813.18
2025-07-31 20:26:49.903908,BTC,29486.21,29598.68,29183.1,29364.68,4918262,28504.673499999997,30261.820588325205,61.54,31732.16,25277.19,-452.2,-740.98
2025-08-01 20:26:49.903908,BTC,28632.29,28704.86,28572.0,28627.22,7827045,28265.1935,30197.718604469315,55.58,30523.18,26007.2,-437.94,-680.37
2025-08-02 20:26:49.903908,BTC,29356.94,29304.61,28943.38,29270.6,6113902,28218.614,30161.361012137186,61.48,30342.83,26094.4,-370.46,-618.39
2025-08-03 20:26:49.903908,BTC,29636.49,29811.86,29293.04,29586.14,1918765,28237.993000000006,30138.80332538671,63.3,30406.46,26069.52,-288.19,-552.35
2025-08-04 20:26:49.903908,BTC,28924.73,29207.25,28763.79,29057.65,3010520,28260.7185,30096.405155763703,57.67,30454.68,26066.76,-262.61,-494.4
2025-08-05 20:26:49.903908,BTC,29049.64,28910.64,28833.58,28864.34,8300009,28299.314000000002,30048.08887514552,61.41,30507.92,26090.71,-255.0,-446.52
2025-08-06 20:26:49.903908,BTC,28592.71,28449.64,28062.27,28447.58,9141550,28363.190000000002,29985.323821218248,60.53,30507.23,26219.15,-279.38,-413.09
2025-08-07 20:26:49.903908,BTC,29055.12,29298.66,28991.34,29167.24,6636841,28445.345,29953.2421027391,54.2,30579.92,26310.77,-237.88,-378.05
2025-08-08 20:26:49.903908,BTC,28546.26,28669.77,28396.98,28474.74,7651251,28520.174,29895.26162812188,44.65,30540.03,26500.32,-257.9,-354.02
2025-08-09 20:26:49.903908,BTC,29016.0,29243.99,28774.94,28955.09,7728994,28624.2925,29858.39215250926,56.18,30495.81,26752.77,-232.33,-329.68
2025-08-10 20:26:49.903908,BTC,29745.27,29910.95,29657.39,29818.36,7210738,28739.758,29856.822264175564,61.42,30606.52,26873.0,-140.79,-291.9
2025-08-11 20:26:49.903908,BTC,30203.12,30538.73,30109.47,30321.2,9995469,28920.6985,29875.03315577652,61.2,30652.63,27188.77,-27.34,-238.99
2025-08-12 20:26:49.903908,BTC,29612.87,29766.15,29383.82,29453.7,8399639,29072.2425,29858.51028692254,47.98,30356.43,27788.06,-7.35,-192.66
2025-08-13 20:26:49.903908,BTC,30814.45,31246.91,30843.47,30854.89,3593788,29191.45,29897.584001160874,55.28,30668.66,27714.24,120.17,-130.1
2025-08-14 20:26:49.903908,BTC,30252.5,30188.98,29515.77,30134.58,1936912,29231.044,29906.877961899667,54.24,30766.62,27695.47,161.24,-71.83
2025-08-15 20:26:49.903908,BTC,30821.07,30631.5,30366.06,30579.32,6422228,29357.3495,29933.2482379036,61.1,30900.55,27814.15,227.07,-12.05
2025-08-16 20:26:49.903908,BTC,29854.53,29886.69,29662.57,29787.81,9028013,29448.123000000003,29927.544777593655,52.89,30855.94,28040.31,212.91,32.94
2025-08-17 20:26:49.903908,BTC,27946.68,28040.71,27945.66,28037.63,1270798,29423.941500000004,29853.430472589986,42.54,30913.06,27934.83,59.78,38.31
2025-08-18 20:26:49.903908,BTC,28374.12,28379.04,28212.85,28254.28,2595461,29348.512,29790.71868935116,46.01,30916.1,27780.92,-43.59,21.93
2025-08-19 20:26:49.903908,BTC,28385.07,28747.28,28470.06,28533.13,8428052,29279.509,29741.401485847193,48.37,30863.85,27695.17,-101.84,-2.82
2025-08-20 20:26:49.903908,BTC,28358.59,28550.28,28383.68,28453.15,2726524,29233.932500000003,29690.88181973554,50.03,30859.86,27608.01,-152.7,-32.8
2025-08-21 20:26:49.903908,BTC,29068.5,28757.48,28561.13,28723.04,8663092,29238.723500000004,29652.927238569442,47.63,30857.67,27619.78,-169.28,-60.1
2025-08-22 20:26:49.903908,BTC,28000.87,28305.36,27967.52,28081.48,6620023,29179.267499999998,29591.30185666476,47.89,30878.63,27479.91,-231.51,-94.38
2025-08-23 20:26:49.903908,BTC,27416.58,27646.43,27296.14,27369.67,2214431,29068.444,29504.179038756338,41.69,30936.77,27200.11,-334.42,-142.39
2025-08-24 20:26:49.903908,BTC,27100.68,27292.57,26665.61,27207.37,9742153,28975.930000000004,29414.108096060012,35.23,31021.36,26930.5,-424.18,-198.75
2025-08-25 20:26:49.903908,BTC,29059.37,29147.62,28889.35,29064.4,7969143,28985.932999999997,29400.394053077267,43.84,31031.02,26940.85,-341.53,-227.3
2025-08-26 20:26:49.903908,BTC,29926.31,30064.92,29655.56,29892.89,9801950,29058.1985,29419.70761962326,52.16,31125.21,26991.18,-206.79,-223.2
2025-08-27 20:26:49.903908,BTC,29053.63,29425.57,29191.22,29355.52,2325472,29067.6125,29417.190458069406,41.93,31138.43,26996.8,-141.74,-206.91
2025-08-28 20:26:49.903908,BTC,29856.33,30089.83,29878.95,29925.6,1340281,29140.1555,29437.12808716472,48.86,31225.13,27055.18,-43.68,-174.26
2025-08-29 20:26:49.903908,BTC,29517.1,29831.47,29125.84,29430.05,1060247,29163.903500000004,29436.850515119047,43.75,31250.82,27076.99,-5.89,-140.59
2025-08-30 20:26:49.903908,BTC,29073.28,29047.16,28763.0,28963.89,4575231,29121.18,29418.303043937907,45.35,31186.56,27055.8,-13.4,-115.15
2025-08-31 20:26:49.903908,BTC,29884.76,29875.17,29835.32,29835.45,5142171,29096.892499999998,29434.661748097205,61.25,31113.7,27080.08,50.4,-82.04
2025-09-01 20:26:49.903908,BTC,29191.54,29515.84,29195.83,29293.76,1769481,29088.895500000002,29429.136189348297,56.25,31101.01,27076.78,56.59,-54.31
2025-09-02 20:26:49.903908,BTC,27689.96,27773.04,27585.3,27638.1,7203814,28928.056,29358.899476040522,45.38,30858.4,26997.71,-71.27,-57.71
2025-09-03 20:26:49.903908,BTC,26735.34,26902.07,26578.71,26780.23,9107997,28760.338499999994,29257.775182862464,42.01,30827.35,26693.33,-239.08,-93.98
2025-09-04 20:26:49.903908,BTC,26783.85,27217.03,26790.75,26859.06,5724425,28574.3255,29163.707920789428,40.93,30621.59,26527.06,-361.53,-147.49
2025-09-05 20:26:49.903908,BTC,26982.72,27283.89,26727.2,26975.1,8450430,28433.689999999995,29077.88015918984,44.33,30516.1,26351.28,-444.1,-206.81
2025-09-06 20:26:49.903908,BTC,28421.87,28363.92,28072.97,28157.35,5027685,28439.675999999996,29041.780937260828,53.85,30517.98,26361.38,-409.41,-247.33
2025-09-07 20:26:49.903908,BTC,27372.56,27502.63,27420.62,27464.01,8720682,28400.1625,28979.90756717217,51.19,30522.88,26277.45,-432.88,-284.44
2025-09-08 20:26:49.903908,BTC,28290.48,28306.99,28089.77,28165.43,4354854,28381.777500000004,28947.96727042032,45.32,30506.01,26257.54,-390.38,-305.63
2025-09-09 20:26:49.903908,BTC,28617.56,28960.01,28232.48,28580.64,1361418,28388.152000000002,28933.562279423444,42.86,30514.06,26262.25,-319.51,-308.41
2025-09-10 20:26:49.903908,BTC,28268.84,28434.33,28366.27,28429.94,3587429,28373.496999999996,28913.81238611272,44.74,30493.71,26253.28,-272.37,-301.2
2025-09-11 20:26:49.903908,BTC,29162.79,29437.47,29248.04,29261.66,6948263,28432.506,28927.453469010263,46.34,30583.96,26281.05,-165.98,-274.15
2025-09-12 20:26:49.903908,BTC,29748.88,30136.66,29512.77,29761.16,3849982,28552.0805,28960.147842774564,51.83,30720.58,26383.58,-40.89,-227.5
2025-09-13 20:26:49.903908,BTC,28834.62,28930.33,28851.76,28881.58,7397799,28635.790999999997,28957.066750901053,49.57,30713.07,26558.52,-12.59,-184.52
2025-09-14 20:26:49.903908,BTC,30009.68,30201.7,29850.99,29970.41,1845821,28681.091500000002,28996.805701846108,50.7,30835.8,26526.39,96.59,-128.3
2025-09-15 20:26:49.903908,BTC,28619.05,28950.81,28436.63,28725.53,8133072,28622.7235,28986.167439028613,47.27,30701.11,26544.34,81.72,-86.29
2025-09-16 20:26:49.903908,BTC,28671.96,28878.03,28342.74,28781.35,4308017,28594.015000000003,28978.13538259612,56.5,30645.47,26542.56,73.59,-54.32
2025-09-17 20:26:49.903908,BTC,28903.35,29310.87,28541.97,28780.22,5932000,28536.746000000003,28970.37399504333,62.6,30493.44,26580.05,66.3,-30.19
2025-09-18 20:26:49.903908,BTC,29206.88,29332.84,28919.75,29203.15,8781055,28525.401,28979.502465825946,64.15,30462.82,26587.98,93.56,-5.44
2025-09-19 20:26:49.903908,BTC,28385.08,28659.54,28421.16,28474.78,4826875,28500.945499999994,28959.70942795042,58.43,30427.38,26574.51,55.75,6.8
2025-09-20 20:26:49.903908,BTC,28443.96,28660.72,28003.02,28436.8,5863073,28431.013,28939.203175873936,51.8,30252.14,26609.89,22.47,9.93
2025-09-21 20:26:49.903908,BTC,28509.96,28549.19,28070.99,28295.08,2133326,28381.078999999998,28913.943443486725,55.77,30156.8,26605.36,-15.17,4.91
2025-09-22 20:26:49.903908,BTC,29225.12,29495.76,29262.6,29286.01,4616420,28463.4745,28928.53428884019,57.48,30246.95,26680.0,34.56,10.84
2025-09-23 20:26:49.903908,BTC,28323.24,28773.53,28393.09,28485.92,3698189,28548.759000000002,28911.176865748417,49.4,30146.81,26950.7,9.3,10.53
2025-09-24 20:26:49.903908,BTC,28668.14,28734.85,28312.18,28554.27,4279905,28633.519500000002,28897.18051807201,50.8,30020.05,27246.99,-5.14,7.4
2025-09-25 20:26:49.903908,BTC,28522.64,28425.56,28160.37,28293.48,6545786,28699.4385,28873.505987951543,43.3,29861.11,27537.76,-37.2,-1.52
2025-09-26 20:26:49.903908,BTC,27188.55,27290.85,26877.33,27045.86,2828755,28643.864,28801.833596267166,32.96,30004.11,27283.62,-161.42,-33.5
2025-09-27 20:26:49.903908,BTC,29520.5,29845.58,29473.45,29669.77,1802572,28754.152000000002,28835.870317982182,54.06,30068.52,27439.78,-47.59,-36.32
2025-09-28 20:26:49.903908,BTC,29355.5,29698.85,28939.52,29592.98,4963016,28825.529499999997,28865.560893747588,47.83,30160.17,27490.88,36.01,-21.85
2025-09-29 20:26:49.903908,BTC,28251.69,28117.0,27873.3,28103.81,5927323,28801.688000000002,28835.68830967906,46.52,30171.33,27432.05,-17.69,-21.02
2025-09-30 20:26:49.903908,BTC,29490.56,29762.35,29042.21,29505.76,9236871,28855.479000000003,28861.965630868115,53.52,30247.96,27463.0,52.27,-6.36
2025-10-01 20:26:49.903908,BTC,28490.82,28837.97,28423.77,28427.85,2325962,28813.788500000002,28844.94148848113,48.45,30204.99,27422.58,20.5,-0.99
2025-10-02 20:26:49.903908,BTC,28775.83,28891.55,28692.66,28791.92,9768624,28765.326499999996,28842.862214423047,48.18,30083.17,27447.48,24.42,4.09
2025-10-03 20:26:49.903908,BTC,29866.63,29760.06,29418.06,29661.95,6695608,28804.345,28874.983304053516,55.18,30181.55,27427.14,96.61,22.6
2025-10-04 20:26:49.903908,BTC,29012.82,29129.81,28963.54,28999.4,9013996,28755.7945,28879.862390169066,52.33,30024.07,27487.51,99.22,37.92
2025-10-05 20:26:49.903908,BTC,28534.68,28754.96,28468.84,28566.14,2418884,28747.825,28867.55955133891,51.1,30018.91,27476.74,65.58,43.45
2025-10-06 20:26:49.903908,BTC,28053.15,28863.24,27947.41,28032.92,6313604,28710.403499999997,28834.828588541302,44.74,30020.79,27400.02,-4.07,33.95
2025-10-07 20:26:49.903908,BTC,27774.29,27930.17,27781.66,27904.1,6381435,28666.597499999996,28798.32942820635,47.41,30024.86,27308.34,-68.87,13.38
2025-10-08 20:26:49.903908,BTC,26396.54,26545.28,26079.63,26375.53,9628442,28525.2165,28703.31768592375,41.42,30200.08,26850.36,-240.78,-37.45
2025-10-09 20:26:49.903908,BTC,25261.36,25297.86,25131.34,25267.06,6336265,28364.830500000004,28568.562482554193,38.83,30585.45,26144.21,-461.16,-122.19
2025-10-10 20:26:49.903908,BTC,24931.21,25457.31,24719.58,25141.0,2624279,28200.040500000003,28434.148267552067,42.33,30846.5,25553.58,-638.62,-225.48
2025-10-11 20:26:49.903908,BTC,25943.03,26480.52,25831.73,26059.23,5910756,28088.248000000003,28341.014217844142,33.16,30901.45,25275.05,-697.13,-319.81
2025-10-12 20:26:49.903908,BTC,26501.51,26994.37,26311.84,26632.6,3306759,27955.577500000003,28274.017581850258,36.8,30781.18,25129.97,-689.28,-393.7
2025-10-13 20:26:49.903908,BTC,28098.57,28428.33,28236.12,28273.66,8095516,27944.964500000002,28274.0035590326,50.75,30763.77,25126.16,-544.37,-423.84
2025-10-14 20:26:49.903908,BTC,29001.93,29482.28,28876.93,28958.2,5791339,27965.161,28300.834792011712,47.43,30808.03,25122.29,-370.03,-413.07
2025-10-15 20:26:49.903908,BTC,28576.82,28691.73,28214.62,28446.37,5804547,27972.8055,28306.542055070076,50.09,30820.21,25125.4,-270.04,-384.47
2025-10-16 20:26:49.903908,BTC,28360.41,28361.58,28096.59,28322.04,1411325,28036.614500000003,28307.149817616348,47.61,30853.59,25219.64,-198.55,-347.28
2025-10-17 20:26:49.903908,BTC,26239.72,26435.89,26345.49,26394.87,4677598,27872.8695,28232.158452219628,35.02,30670.8,25074.94,-294.01,-336.63
2025-10-18 20:26:49.903908,BTC,25346.76,25536.92,25493.55,25527.54,8209513,27669.597499999996,28126.094983505136,34.37,30531.33,24807.86,-434.64,-356.23
2025-10-19 20:26:49.903908,BTC,24715.78,24798.8,24520.53,24637.8,1964505,27496.297,27989.299101799053,33.01,30652.01,24340.59,-610.84,-407.15
2025-10-20 20:26:49.903908,BTC,24836.79,24873.79,24825.25,24866.79,9827282,27264.3485,27866.8477644736,35.94,30479.55,24049.15,-723.66,-470.45
2025-10-21 20:26:49.903908,BTC,25418.41,25440.94,25352.21,25428.08,7394870,27114.360000000004,27771.209812925616,39.41,30380.5,23848.22,-759.03,-528.17
2025-10-22 20:26:49.903908,BTC,24806.94,25363.67,24832.45,24936.06,7910903,26921.567,27660.027467320688,43.24,30225.75,23617.38,-817.34,-586.0
2025-10-23 20:26:49.903908,BTC,24231.55,24524.99,24191.14,24429.75,9012622,26659.957000000002,27533.349919582623,45.84,29877.98,23441.93,-894.1,-647.62
2025-10-24 20:26:49.903908,BTC,23357.41,23339.42,22779.72,23152.3,1927851,26367.602000000003,27361.544040383305,41.12,29749.0,22986.21,-1045.96,-727.29
2025-10-25 20:26:49.903908,BTC,22990.95,23124.75,22769.75,23047.19,3247558,26091.654499999997,27192.35368585847,35.51,29615.39,22567.92,-1161.4,-814.11
2025-10-26 20:26:49.903908,BTC,23224.94,23592.36,23215.44,23243.32,9619026,25852.1745,27037.48961974637,33.08,29470.17,22234.18,-1222.96,-895.88
2025-10-27 20:26:49.903908,BTC,23493.45,23854.53,23597.03,23602.17,8693670,25637.078,26902.77120328573,23.25,29252.94,22021.22,-1228.63,-962.43
2025-10-28 20:26:49.903908,BTC,23107.64,23275.38,22673.08,22967.88,6813560,25466.695499999998,26748.46174433335,15.5,29253.16,21680.23,-1269.67,-1023.88
2025-10-29 20:26:49.903908,BTC,24567.06,24722.29,24470.25,24602.97,1504552,25433.491,26664.324813183026,30.4,29238.93,21628.05,-1156.92,-1050.49
2025-10-30 20:26:49.903908,BTC,25622.1,25776.18,25546.4,25639.86,6747453,25458.434,26624.149722469967,37.49,29262.34,21654.53,-972.69,-1034.93
2025-10-31 20:26:49.903908,BTC,25555.33,25719.74,25450.55,25552.22,1421584,25433.0835,26582.113262765262,45.25,29226.87,21639.29,-824.25,-992.79
2025-11-01 20:26:49.903908,BTC,25083.72,25223.28,24982.66,25086.63,4802725,25355.785,26523.46686030388,47.4,29109.46,21602.11,-735.7,-941.37
2025-11-02 20:26:49.903908,BTC,24944.49,24922.25,24777.75,24805.59,6423959,25182.3815,26456.099140291968,51.07,28680.2,21684.56,-680.36,-889.17
2025-11-03 20:26:49.903908,BTC,24749.24,25106.07,24767.17,24932.73,1290942,24981.108,26396.359174006007,50.42,27993.73,21968.49,-619.1,-835.16
2025-11-04 20:26:49.903908,BTC,24974.1,25213.78,24776.78,24913.55,1935435,24804.467,26338.20979463322,46.44,27337.73,22271.2,-565.59,-781.24
2025-11-05 20:26:49.903908,BTC,25266.12,25353.14,25222.12,25331.3,2736521,24654.93,26298.723136020155,52.76,26598.33,22711.53,-483.89,-721.77
2025-11-06 20:26:49.903908,BTC,25967.06,26220.31,25965.97,26012.02,3478526,24635.7875,26287.47987578407,60.8,26513.46,22758.12,-360.06,-649.43
2025-11-07 20:26:49.903908,BTC,27199.44,27301.82,27101.48,27269.55,3241949,24722.888,26325.99242967489,78.19,26910.73,22535.05,-158.63,-551.27
2025-11-08 20:26:49.903908,BTC,28417.15,28572.04,28249.76,28371.8,3276633,24909.588,26406.22017753078,82.08,27637.48,22181.69,88.93,-423.23
2025-11-09 20:26:49.903908,BTC,28111.97,28299.81,28115.71,28260.14,8995394,25079.255500000003,26478.92291566683,80.53,28191.05,21967.47,272.96,-283.99
2025-11-10 20:26:49.903908,BTC,28574.19,28673.18,28625.43,28639.31,8959451,25239.817000000003,26563.643977797543,80.58,28735.14,21744.49,444.28,-138.34
2025-11-11 20:26:49.903908,BTC,28314.25,28294.69,28085.69,28254.24,2902590,25405.726000000002,26629.94186102117,83.09,29146.71,21664.74,542.73,-2.12
2025-11-12 20:26:49.903908,BTC,27614.98,27689.4,27634.88,27681.77,7488676,25568.327,26671.190023334064,72.23,29411.99,21724.67,568.0,111.9
2025-11-13 20:26:49.903908,BTC,29512.57,29815.55,29570.99,29572.77,1741635,25889.3505,26784.977473399395,75.28,29949.75,21828.95,732.18,235.96
2025-11-14 20:26:49.903908,BTC,29141.75,29215.32,29011.43,29101.74,3195199,26192.078,26875.830905815106,71.75,30263.06,22121.1,814.9,351.75
2025-11-15 20:26:49.903908,BTC,31182.83,31320.12,30778.58,31175.93,1150926,26588.7085,27044.462242841964,81.16,30982.92,22194.49,1035.88,488.57
2025-11-16 20:26:49.903908,BTC,30751.94,30829.07,30744.99,30797.38,8208071,26948.469,27191.635488220712,80.36,31488.89,22408.05,1167.0,624.26
2025-11-17 20:26:49.903908,BTC,31066.89,31083.36,30905.07,31064.48,6462917,27353.299,27343.511743584608,80.64,31842.87,22863.73,1277.75,754.96
2025-11-18 20:26:49.903908,BTC,32136.61,32380.54,32051.05,32255.4,2027155,27735.9205,27536.134812463646,82.84,32532.42,22939.42,1444.96,892.96
2025-11-19 20:26:49.903908,BTC,32384.04,32324.71,32090.87,32278.14,5862680,28067.834500000004,27722.09580021017,82.21,33163.04,22972.63,1561.31,1026.63
2025-11-20 20:26:49.903908,BTC,32568.93,32825.25,32670.01,32716.74,9441066,28426.060500000003,27917.964200201928,81.8,33777.55,23074.57,1669.66,1155.23
2025-11-21 20:26:49.903908,BTC,32227.04,32823.64,32314.21,32440.24,6699146,28793.741,28095.308349213617,77.04,34189.47,23398.02,1713.46,1266.88
2025-11-22 20:26:49.903908,BTC,31955.44,32003.09,31799.54,31906.2,3159189,29148.771499999995,28244.755080617004,69.65,34371.23,23926.31,1685.66,1350.64
2025-11-23 20:26:49.903908,BTC,31547.46,32052.87,31552.02,31719.53,7414694,29488.1115,28381.020763730066,69.07,34431.64,24544.58,1629.77,1406.46
2025-11-24 20:26:49.903908,BTC,30885.75,31344.59,30943.0,31009.64,1562114,29792.916000000005,28484.10387103477,62.61,34279.46,25306.37,1510.78,1427.33
2025-11-25 20:26:49.903908,BTC,32774.59,33228.98,32797.24,32808.78,8049848,30166.79,28653.699013347134,71.06,34321.86,26011.72,1543.86,1450.63
2025-11-26 20:26:49.903908,BTC,32700.88,32692.17,32584.82,32614.66,8017052,30496.922,28809.030816745286,73.64,34296.01,26697.84,1536.7,1467.85
2025-11-27 20:26:49.903908,BTC,34543.43,34673.77,34419.08,34616.23,3217820,30864.256000000005,29036.764118049396,73.91,34768.67,26959.84,1673.25,1508.93
2025-11-28 20:26:49.903908,BTC,31475.15,31992.49,31438.51,31537.22,8913123,31022.527000000002,29134.821211459224,59.26,34754.34,27290.71,1515.54,1510.25
2025-11-29 20:26:49.903908,BTC,31493.09,31827.98,31547.11,31553.44,8312677,31187.192,29229.669007088272,51.7,34689.35,27685.03,1376.0,1483.4
2025-11-30 20:26:49.903908,BTC,32211.44,32419.33,32042.98,32169.81,3521917,31363.717000000004,29344.968653869124,56.06,34675.9,28051.54,1300.17,1446.75
2025-12-01 20:26:49.903908,BTC,31768.17,31970.25,31578.15,31840.04,4038425,31543.007,29442.814589011512,53.4,34517.47,28568.55,1199.63,1397.33
2025-12-02 20:26:49.903908,BTC,33090.95,33211.11,33038.49,33066.7,4597885,31812.253500000003,29584.92774238361,53.55,34239.63,29384.87,1205.04,1358.87
2025-12-03 20:26:49.903908,BTC,33979.33,34080.9,33707.33,33803.55,9718519,32023.7925,29750.36390934896,56.28,34365.31,29682.28,1254.33,1337.96
2025-12-04 20:26:49.903908,BTC,33441.31,33743.63,33243.39,33479.32,3832012,32242.671500000004,29896.597481531353,53.17,34224.95,30260.39,1252.79,1320.93
2025-12-05 20:26:49.903908,BTC,33924.75,34296.51,33574.79,33983.52,1732287,32383.051,30056.868952843848,56.29,34443.37,30322.73,1277.52,1312.25
2025-12-06 20:26:49.903908,BTC,37307.49,37489.63,37210.26,37456.27,7444813,32715.995499999997,30347.041542928404,68.26,35660.02,29771.98,1559.37,1361.67
2025-12-07 20:26:49.903908,BTC,37655.92,37957.91,37576.63,37780.04,1941367,33051.773499999996,30638.53167849984,69.76,36659.71,29443.84,1788.25,1446.99
2025-12-08 20:26:49.903908,BTC,37970.18,38292.44,38077.46,38169.38,8580647,33347.472499999996,30933.859063656706,73.84,37593.55,29101.4,1978.25,1553.24
2025-12-09 20:26:49.903908,BTC,37412.25,37709.77,37051.98,37587.26,8655058,33612.928499999995,31194.776747434873,67.32,38225.53,29000.33,2058.13,1654.22
2025-12-10 20:26:49.903908,BTC,37659.12,37860.8,37726.22,37756.83,3134075,33864.933,31452.112169104093,68.67,38810.11,28919.76,2110.79,1745.53
2025-12-11 20:26:49.903908,BTC,36141.61,36143.49,35626.25,36102.92,6921900,34048.066999999995,31634.49678992354,55.54,39042.13,29054.0,1996.06,1795.64
2025-12-12 20:26:49.903908,BTC,35910.93,36049.21,35798.67,35851.29,7329607,34245.321500000005,31799.861229534385,70.35,39194.62,29296.02,1863.34,1809.18
2025-12-13 20:26:49.903908,BTC,38954.77,39656.63,38845.8,39032.83,7494079,34610.9865,32083.507063670295,77.17,39846.9,29375.07,1991.93,1845.73
2025-12-14 20:26:49.903908,BTC,40538.63,40561.17,39924.35,40498.08,7781567,35085.4085,32413.490316075382,78.5,40656.14,29514.68,2186.86,1913.95
2025-12-15 20:26:49.903908,BTC,41176.44,42050.56,41168.57,41403.02,1818054,35515.1205,32766.020891915567,81.48,41644.31,29385.93,2386.85,2008.53
2025-12-16 20:26:49.903908,BTC,43355.1,43379.85,42459.68,43011.91,6424151,36034.983,33167.820464781624,81.94,42853.34,29216.63,2644.68,2135.76
2025-12-17 20:26:49.903908,BTC,46344.39,46491.93,45746.19,45903.88,6338431,36599.3655,33667.27377988823,84.14,44675.83,28522.9,3047.25,2318.06
2025-12-18 20:26:49.903908,BTC,46816.43,47364.08,46317.95,46851.9,4039187,37365.0995,34184.31794538281,86.44,46281.1,28449.1,3403.55,2535.16
2025-12-19 20:26:49.903908,BTC,50418.04,50507.01,50289.41,50330.78,1014472,38303.9665,34817.51253575996,88.33,48505.16,28102.78,3921.43,2812.41
2025-12-20 20:26:49.903908,BTC,52230.64,52393.45,51518.81,52224.82,1723399,39306.717,35500.152044161536,87.4,50826.56,27786.87,4433.58,3136.65
2025-12-21 20:26:49.903908,BTC,52668.94,52981.24,52182.45,52520.48,5259097,40340.739,36167.615885566964,87.38,52719.21,27962.27,4807.9,3470.9
2025-12-22 20:26:49.903908,BTC,55581.22,56213.11,55453.42,55737.51,8947128,41474.2795,36935.062713583946,88.97,55133.87,27814.69,5303.0,3837.32
2025-12-23 20:26:49.903908,BTC,51030.33,52046.29,50768.53,51356.44,5608103,42351.924000000006,37500.60692089438,76.14,56190.76,28513.09,5280.99,4126.05
2025-12-24 20:26:49.903908,BTC,50491.81,50675.73,50156.66,50343.57,4657841,43195.1365,38004.2525318397,73.15,56811.0,29579.27,5122.76,4325.39
2025-12-25 20:26:49.903908,BTC,50567.37,51261.98,50324.24,50803.01,2095943,44036.111,38506.16458941462,78.28,57330.29,30741.93,4977.06,4455.73
2025-12-26 20:26:49.903908,BTC,49271.84,49567.48,48818.9,49216.58,7500208,44624.1265,38926.18088002581,74.46,57731.94,31516.31,4679.64,4500.51
2025-12-27 20:26:49.903908,BTC,48751.15,49335.88,48649.4,48945.12,2122687,45182.3805,39319.08045335813,70.3,58010.94,32353.82,4371.63,4474.73
2025-12-28 20:26:49.903908,BTC,47707.06,47961.91,47722.8,47867.83,6828073,45667.303,39654.3255336186,65.34,58106.99,33227.61,3994.56,4378.7
2025-12-29 20:26:49.903908,BTC,46959.62,46877.97,46523.63,46788.91,8829653,46127.385500000004,39934.1131597512,61.13,57975.37,34279.4,3567.54,4216.47
2025-12-30 20:26:49.903908,BTC,51708.55,51637.01,51252.14,51391.96,2030288,46809.14200000001,40383.44048681978,65.41,58189.03,35429.25,3559.52,4085.08
2025-12-31 20:26:49.903908,BTC,52467.92,52868.68,52490.73,52514.93,4214672,47629.7425,40859.18517361117,63.0,58088.68,37170.81,3602.26,3988.51
2026-01-01 20:26:49.903908,BTC,52307.49,53026.37,51547.14,52410.37,1630515,48457.6965,41312.17281386172,61.31,57519.02,39396.37,3586.35,3908.08
2026-01-02 20:26:49.903908,BTC,54897.24,55222.4,54263.15,54846.96,8420576,49248.403000000006,41842.94878194557,59.59,57577.2,40919.61,3727.38,3871.94
2026-01-03 20:26:49.903908,BTC,54257.32,54860.07,54095.29,54391.06,6739248,49943.051999999996,42335.03157481045,54.9,57478.65,42407.46,3759.04,3849.36
2026-01-04 20:26:49.903908,BTC,55675.04,56418.57,55431.56,56078.35,9580901,50676.81850000001,42873.98523854338,57.57,57538.94,43814.7,3875.6,3854.61
2026-01-05 20:26:49.903908,BTC,56736.65,57122.1,56584.48,56757.08,8664381,51364.077000000005,43418.42032722795,52.43,57729.17,44998.98,3976.9,3879.07
2026-01-06 20:26:49.903908,BTC,59486.75,60360.4,59282.94,60040.06,8126604,52070.886,44070.249334003325,71.86,58997.73,45144.04,4272.83,3957.82
2026-01-07 20:26:49.903908,BTC,57232.87,57743.19,55755.76,57150.84,3408994,52585.833,44583.21367384633,65.66,59409.56,45762.1,4225.52,4011.36
2026-01-08 20:26:49.903908,BTC,58545.53,58742.37,58497.5,58680.05,1806719,53003.2965,45136.03078467589,67.27,60254.35,45752.25,4262.28,4061.54
2026-01-09 20:26:49.903908,BTC,58950.03,59137.54,58329.67,58921.81,2717578,53338.14599999999,45676.6495774337,72.61,61042.21,45634.09,4261.8,4101.59
2026-01-10 20:26:49.903908,BTC,56250.35,57330.95,56370.44,56598.8,1249998,53542.062,46104.96920184807,66.28,61369.9,45714.23,4027.54,4086.78
2026-01-11 20:26:49.903908,BTC,58527.4,59105.8,58627.63,58719.8,8592328,53691.1765,46599.668448834425,72.1,61803.55,45578.8,3967.3,4062.89
2026-01-12 20:26:49.903908,BTC,57077.5,57258.82,56785.23,56964.49,9419883,53971.579000000005,47006.13203907621,70.16,62131.71,45811.45,3734.87,3997.28
2026-01-13 20:26:49.903908,BTC,60555.15,60583.27,59787.99,60244.15,8612710,54466.60799999999,47525.26999832812,68.51,62896.79,46036.42,3771.83,3952.19
2026-01-14 20:26:49.903908,BTC,61504.97,61442.28,60932.54,61317.08,7399213,54992.311499999996,48066.12529251133,68.45,63764.91,46219.71,3843.4,3930.43
2026-01-15 20:26:49.903908,BTC,62883.44,63077.11,61966.45,62804.75,4768647,55671.719999999994,48644.110575157945,70.59,64662.9,46680.54,3974.34,3939.22
2026-01-16 20:26:49.903908,BTC,62674.45,63135.53,62534.19,62972.25,9318761,56373.0765,49205.99839573999,67.69,65343.3,47402.85,4045.0,3960.37
2026-01-17 20:26:49.903908,BTC,65098.48,65046.85,64788.73,64968.93,1459814,57228.131499999996,49824.15257629921,71.58,66043.62,48412.65,4213.54,4011.01
2026-01-18 20:26:49.903908,BTC,60909.5,60947.94,59982.11,60894.72,8383518,57933.422000000006,50258.29247526787,58.95,65383.66,50483.19,3972.57,4003.32
2026-01-19 20:26:49.903908,BTC,60950.3,61470.59,60127.9,61045.01,9566295,58416.07450000001,50681.30100564952,58.13,65312.08,51520.07,3750.49,3952.75
2026-01-20 20:26:49.903908,BTC,60016.66,59840.53,58815.98,59723.21,3621356,58776.4885,51035.88567209464,49.35,65103.92,52449.06,3428.31,3847.86
2026-01-21 20:26:49.903908,BTC,60100.98,60497.86,59772.03,60303.49,3207255,59171.14450000001,51399.32113593407,57.13,64769.3,53572.99,3183.11,3714.91
2026-01-22 20:26:49.903908,BTC,60603.19,61313.77,60193.07,60197.57,6815298,59438.675,51744.350503152345,53.67,64665.84,54211.51,2946.28,3561.19
2026-01-23 20:26:49.903908,BTC,61313.19,61617.77,60893.42,61489.75,8755129,59793.6095,52126.52303244049,55.91,64517.45,55069.77,2830.23,3415.0
2026-01-24 20:26:49.903908,BTC,59544.99,59728.59,59400.23,59723.48,7984758,59975.865999999995,52424.442913521256,57.38,64365.61,55586.12,2566.16,3245.23
2026-01-25 20:26:49.903908,BTC,63601.76,63763.18,62908.53,63645.07,5496437,60320.2655,52864.46750514788,60.72,64727.49,55913.04,2642.85,3124.75
2026-01-26 20:26:49.903908,BTC,68570.27,69017.22,67620.06,68953.67,8784057,60765.945999999996,53495.41662259306,72.6,66619.36,54912.53,3096.3,3119.06
2026-01-27 20:26:49.903908,BTC,68301.3,68598.47,68220.14,68449.38,8996092,61330.873,54081.84655896197,67.27,67857.42,54804.33,3376.05,3170.46
2026-01-28 20:26:49.903908,BTC,68407.13,68703.48,67559.07,68405.4,3961807,61817.140499999994,54643.55453704189,65.6,68934.55,54699.73,3553.25,3247.02
2026-01-29 20:26:49.903908,BTC,68593.48,69098.03,68917.22,69081.75,4028793,62325.1375,55209.75828068731,64.32,70000.85,54649.43,3705.54,3338.72
2026-01-30 20:26:49.903908,BTC,71905.25,72633.83,71697.63,72165.57,8191845,63103.476,55874.69207360153,68.52,71461.02,54745.93,4028.63,3476.7
2026-01-31 20:26:49.903908,BTC,76607.42,77486.72,75548.86,77058.16,7461922,64020.39399999999,56705.41630600931,71.8,74182.06,53858.73,4626.15,3706.59
2026-02-01 20:26:49.903908,BTC,73744.59,74103.1,72801.57,73896.05,4681502,64866.971999999994,57379.55880381287,74.25,75369.01,54364.93,4789.32,3923.14
2026-02-02 20:26:49.903908,BTC,72636.82,72836.45,72220.95,72328.9,8534855,65471.20950000001,57965.807478173156,69.99,76240.55,54701.87,4737.57,4086.02
2026-02-03 20:26:49.903908,BTC,69565.24,70350.6,68742.92,69706.92,2301323,65890.7015,58426.24326334284,66.91,76632.3,55149.11,4433.87,4155.59
2026-02-04 20:26:49.903908,BTC,66991.91,67152.26,66771.14,67062.25,9417287,66103.5765,58764.91019419215,60.7,76756.05,55451.1,3934.43,4111.36
2026-02-05 20:26:49.903908,BTC,63389.7,63476.87,62887.06,63351.66,5287918,66122.54699999999,58944.78273559638,54.48,76752.87,55492.23,3202.29,3929.55
2026-02-06 20:26:49.903908,BTC,63841.25,64316.83,63350.86,64145.05,9667644,66081.353,59148.71478518084,53.83,76736.85,55425.85,2655.48,3674.73
2026-02-07 20:26:49.903908,BTC,61650.03,61852.71,60498.67,61612.59,5923670,66117.2465,59245.337342624734,52.66,76703.8,55530.7,1994.78,3338.74
2026-02-08 20:26:49.903908,BTC,64744.37,65861.6,63934.77,64898.55,6134756,66309.9235,59467.031956639454,51.8,76645.06,55974.79,1716.54,3014.3
2026-02-09 20:26:49.903908,BTC,66771.99,67580.55,66231.2,66965.1,8646514,66672.018,59761.073840692814,46.85,76532.02,56812.01,1643.83,2740.21
2026-02-10 20:26:49.903908,BTC,64148.91,65092.36,64475.99,64610.15,7130373,66887.351,59951.23369007741,44.26,76341.5,57433.2,1380.27,2468.22
2026-02-11 20:26:49.903908,BTC,62160.72,62955.5,62020.11,62336.93,6244696,66994.319,60044.79040811359,41.49,76174.2,57814.44,976.71,2169.92
2026-02-12 20:26:49.903908,BTC,61254.53,61341.86,60890.25,61020.69,1181629,66970.86600000001,60083.06098034443,38.9,76212.15,57729.58,544.4,1844.81
2026-02-13 20:26:49.903908,BTC,64335.32,64984.25,62994.94,64045.46,5476508,67186.965,60238.449177193674,38.8,75901.82,58472.11,440.79,1564.01
2026-02-14 20:26:49.903908,BTC,62087.87,62659.15,62009.45,62179.98,9289946,67113.7105,60314.58764083314,27.61,75977.28,58250.14,205.77,1292.36
2026-02-15 20:26:49.903908,BTC,59035.73,59241.96,58971.97,59036.88,7635221,66617.87100000001,60264.481458839684,27.62,76133.58,57102.16,-231.43,987.6
2026-02-16 20:26:49.903908,BTC,58811.65,59210.53,58720.75,58928.57,2138608,66141.83050000001,60212.092774179306,28.89,76208.4,56075.26,-579.98,674.09
2026-02-17 20:26:49.903908,BTC,59408.4,59766.78,59161.33,59688.46,2806483,65705.9835,60191.55815558404,33.24,76109.1,55302.87,-785.82,382.11
2026-02-18 20:26:49.903908,BTC,57900.66,58905.51,58283.76,58337.37,2694256,65168.764500000005,60118.84489458075,34.74,75941.01,54396.51,-1045.93,96.5
2026-02-19 20:26:49.903908,BTC,62098.92,62628.72,61440.38,61696.48,7770586,64645.31,60180.71293793052,47.07,74995.17,54295.45,-969.83,-116.77
2026-02-20 20:26:49.903908,BTC,61941.92,62929.88,61421.39,62204.91,8537683,63902.64750000001,60260.093214874425,46.53,72482.47,55322.82,-858.59,-265.13
2026-02-21 20:26:49.903908,BTC,63216.83,63419.71,62583.42,63181.16,5694751,63366.903000000006,60374.644853506805,52.97,70542.53,56191.28,-683.78,-348.86
2026-02-22 20:26:49.903908,BTC,61691.81,61581.76,60886.31,61328.26,6132716,62816.871,60412.04152591831,42.85,68663.39,56970.35,-686.84,-416.46
2026-02-23 20:26:49.903908,BTC,61126.68,62011.39,60559.53,61236.31,6627280,62393.340500000006,60444.36577980386,37.54,67288.05,57498.63,-688.74,-470.91
2026-02-24 20:26:49.903908,BTC,60842.3,61205.19,60321.49,60897.58,8889244,62085.107,60462.13888647822,41.15,66494.19,57676.03,-709.41,-518.61
2026-02-25 20:26:49.903908,BTC,56326.65,56387.38,56125.28,56280.24,5570668,61731.53600000001,60298.142851714365,37.01,66798.08,56664.99,-1085.85,-632.06
2026-02-26 20:26:49.903908,BTC,56743.1,56944.67,56673.58,56836.91,1281451,61366.129,60162.408230078516,40.72,66744.33,55987.93,-1324.0,-770.45
2026-02-27 20:26:49.903908,BTC,53445.65,53462.3,53178.1,53403.58,9319049,60955.6785,59897.35614262446,26.83,67401.66,54509.69,-1769.38,-970.23
2026-02-28 20:26:49.903908,BTC,53261.12,53787.31,53208.47,53343.73,9526485,60377.9375,59640.351195854884,29.12,67382.98,53372.89,-2102.93,-1196.77
2026-03-01 20:26:49.903908,BTC,50901.29,50908.85,50453.43,50681.71,5997740,59563.768000000004,59289.03193327234,29.79,67109.48,52018.06,-2552.65,-1467.95
2026-03-02 20:26:49.903908,BTC,54444.68,54907.32,53867.66,54348.41,3178337,59050.681,59095.28205353617,40.55,66546.97,51554.39,-2583.41,-1691.04
2026-03-03 20:26:49.903908,BTC,54690.19,55294.06,54887.55,54959.43,4034978,58681.806000000004,58933.09177692691,40.18,66223.14,51140.47,-2529.33,-1858.7
2026-03-04 20:26:49.903908,BTC,56307.29,57965.75,56399.43,56617.29,8669042,58461.636,58842.27602096899,46.47,65972.51,50950.76,-2325.87,-1952.13
2026-03-05 20:26:49.903908,BTC,58283.05,59357.46,58177.58,58441.78,4187800,58181.452000000005,58826.57029465648,42.88,65218.41,51144.49,-1994.43,-1960.59
2026-03-06 20:26:49.903908,BTC,55669.74,55962.59,55652.03,55813.62,1971609,57863.134000000005,58708.41538114054,37.21,64711.97,51014.3,-1921.67,-1952.81
2026-03-07 20:26:49.903908,BTC,51405.72,51611.29,51288.38,51564.69,6451845,57489.5245,58428.26928776249,29.44,64863.84,50115.21,-2181.72,-1998.59
2026-03-08 20:26:49.903908,BTC,51155.53,51125.64,50887.03,50972.91,8482988,57091.74149999999,58135.90225686984,30.82,64979.61,49203.87,-2407.8,-2080.43
2026-03-09 20:26:49.903908,BTC,52418.28,53014.26,52214.83,52575.68,7236870,56736.1025,57917.85432522789,34.81,64771.03,48701.17,-2429.63,-2150.27
2026-03-10 20:26:49.903908,BTC,52633.51,53487.98,52621.87,52735.23,7635583,56455.995500000005,57714.61415561111,35.59,64645.0,48266.99,-2406.33,-2201.48
2026-03-11 20:26:49.903908,BTC,54208.64,54703.26,54150.17,54183.28,2773248,56080.33550000001,57576.13046323421,45.83,63939.81,48220.86,-2245.13,-2210.21
2026-03-12 20:26:49.903908,BTC,55514.02,56022.41,55801.91,55963.5,3279142,55768.265,57512.8900529113,48.34,63080.4,48456.13,-1951.23,-2158.42
2026-03-13 20:26:49.903908,BTC,53223.62,53369.88,53002.26,53136.76,9307730,55266.045000000006,57341.27710965988,49.48,61769.47,48762.62,-1924.24,-2111.58
2026-03-14 20:26:49.903908,BTC,53782.31,53771.15,53251.53,53662.38,7571679,54882.751000000004,57197.006634771256,50.61,60754.75,49010.75,-1839.22,-2057.11
2026-03-15 20:26:49.903908,BTC,57755.41,57827.62,57281.64,57438.81,2932790,54692.876000000004,57206.48911968219,62.35,59908.78,49476.98,-1450.41,-1935.77
2026-03-16 20:26:49.903908,BTC,56082.87,56420.34,55772.04,56307.58,6855573,54463.376000000004,57171.23778165544,53.95,58871.08,50055.68,-1219.49,-1792.51
2026-03-17 20:26:49.903908,BTC,52377.9,52706.2,51921.86,52478.54,6974930,54273.291000000005,56987.21041766896,45.57,58678.98,49867.6,-1330.12,-1700.03
2026-03-18 20:26:49.903908,BTC,52092.99,52377.58,51448.66,52052.12,3257575,54034.0515,56793.677460113315,41.48,58372.74,49695.37,-1435.66,-1647.16
2026-03-19 20:26:49.903908,BTC,51135.0,51286.22,51062.52,51214.48,9073758,53924.59650000001,56574.88540285397,36.0,58437.22,49411.98,-1568.81,-1631.49
2026-03-20 20:26:49.903908,BTC,51651.3,52477.17,51655.14,51955.83,3875716,53855.2015,56393.74597529107,41.94,58447.42,49262.99,-1596.11,-1624.41
2026-03-21 20:26:49.903908,BTC,50547.89,50911.56,50215.66,50367.74,1886149,53839.503000000004,56157.43201547574,47.19,58479.3,49199.71,-1725.99,-1644.73
2026-03-22 20:26:49.903908,BTC,50461.01,51009.37,50482.08,50520.03,4597374,53648.083999999995,55936.35742663355,48.91,58510.04,48786.13,-1795.94,-1674.97
2026-03-23 20:26:49.903908,BTC,46842.01,47317.73,46324.13,46778.31,1575413,53239.028000000006,55577.21831186361,37.38,58940.57,47537.48,-2128.75,-1765.73
2026-03-24 20:26:49.903908,BTC,47969.2,48207.76,47337.71,48177.04,9635676,52817.0155,55287.01524081014,40.58,58711.89,46922.14,-2253.67,-1863.32
2026-03-25 20:26:49.903908,BTC,51087.09,51036.38,50841.29,50893.66,6416589,52439.6095,55114.72679999406,43.54,57756.37,47122.84,-2109.14,-1912.48
2026-03-26 20:26:49.903908,BTC,53152.62,53390.31,52380.66,53227.84,7177858,52310.320499999994,55040.73123920998,44.74,57402.65,47217.99,-1785.67,-1887.12
2026-03-27 20:26:49.903908,BTC,50353.56,50892.36,50281.08,50499.34,3506034,52257.053,54862.63746512331,44.91,57404.21,47109.89,-1729.55,-1855.6
2026-03-28 20:26:49.903908,BTC,51214.63,51081.33,50563.82,51054.59,2302669,52261.137,54713.3022704126,44.98,57404.13,47118.14,-1621.58,-1808.8
2026-03-29 20:26:49.903908,BTC,46237.03,46099.29,45927.79,46034.29,8354277,51934.067500000005,54372.94884804348,29.04,57777.19,46090.95,-1918.98,-1830.84
2026-03-30 20:26:49.903908,BTC,46308.58,46728.87,46015.85,46482.41,8010561,51621.426499999994,54063.51595204178,31.47,57934.3,45308.56,-2094.37,-1883.54
2026-03-31 20:26:49.903908,BTC,46557.01,47051.92,46195.24,46373.13,8229665,51230.919,53761.93218921661,36.61,57836.02,44625.82,-2216.64,-1950.16
2026-04-01 20:26:49.903908,BTC,45084.42,45374.02,44332.07,44794.94,8240954,50672.491,53410.28543669831,34.85,57478.34,43866.65,-2413.07,-2042.74
2026-04-02 20:26:49.903908,BTC,45373.34,45621.73,44755.15,45326.07,6115447,50281.9565,53093.257380357194,37.55,57382.42,43181.49,-2497.1,-2133.61
2026-04-03 20:26:49.903908,BTC,45281.22,45782.27,45513.52,45537.68,9152756,49875.7215,52796.960228186326,36.12,57090.61,42660.83,-2517.59,-2210.41
2026-04-04 20:26:49.903908,BTC,47145.43,47524.42,46957.69,47038.52,7685714,49355.707,52571.13904276725,42.77,55725.05,42986.36,-2385.24,-2245.38
2026-04-05 20:26:49.903908,BTC,47441.86,47337.57,47015.8,47240.6,8896751,48902.358,52362.098295992066,42.89,54422.37,43382.34,-2238.23,-2243.95
2026-04-06 20:26:49.903908,BTC,47427.32,47744.73,47203.35,47620.94,1808373,48659.477999999996,52176.17051967866,52.14,53939.2,43379.76,-2067.21,-2208.6
2026-04-07 20:26:49.903908,BTC,44809.61,44827.29,44310.48,44511.97,2128589,48282.4705,51875.61363655401,41.45,53618.69,42946.25,-2157.68,-2198.42
2026-04-08 20:26:49.903908,BTC,42720.7,43015.09,42435.88,42753.61,1600476,47859.427,51517.88800374797,30.11,53546.9,42171.96,-2344.23,-2227.58
2026-04-09 20:26:49.903908,BTC,42029.85,42488.1,41440.38,42049.24,4392312,47364.0975,51146.568474189226,20.33,53270.75,41457.45,-2519.86,-2286.03
2026-04-10 20:26:49.903908,BTC,42665.4,42823.77,42445.03,42478.66,2695103,46969.64349999999,50806.650494809255,25.75,53081.83,40857.46,-2594.5,-2347.73
2026-04-11 20:26:49.903908,BTC,42500.46,42670.98,42131.39,42464.13,6957071,46566.8485,50479.49282834615,23.15,52755.19,40378.51,-2624.56,-2403.09
2026-04-12 20:26:49.903908,BTC,44949.32,45079.41,44665.21,44725.18,1147671,46464.191999999995,50253.83350174434,45.06,52705.65,40222.74,-2437.84,-2410.04
2026-04-13 20:26:49.903908,BTC,43390.57,43621.46,43242.14,43391.54,8723888,46224.917,49984.72395265633,39.06,52556.16,39893.67,-2370.15,-2402.06
2026-04-14 20:26:49.903908,BTC,43095.39,43892.09,42892.51,43027.44,5288370,45831.606,49711.88928784627,38.37,51914.11,39749.1,-2319.16,-2385.48
2026-04-15 20:26:49.903908,BTC,43409.16,43744.75,43323.02,43404.0,3576032,45340.414000000004,49464.52108047975,44.72,50410.42,40270.41,-2222.73,-2352.93
2026-04-16 20:26:49.903908,BTC,43094.17,43759.29,42851.94,43051.93,3641014,44968.0435,49213.04692046094,41.25,49509.04,40427.05,-2149.94,-2312.33
2026-04-17 20:26:49.903908,BTC,43895.37,43894.43,43758.38,43792.09,7847411,44604.9185,49000.46037456051,43.55,48148.56,41061.27,-2009.37,-2251.74
2026-04-18 20:26:49.903908,BTC,43013.71,42976.67,42550.2,42929.58,1411474,44449.683,48762.38663438167,34.06,48001.69,40897.68,-1945.14,-2190.42
2026-04-19 20:26:49.903908,BTC,45036.23,45362.23,45021.83,45089.41,2975888,44380.033,48618.34833499416,42.75,47816.97,40943.09,-1700.35,-2092.41
2026-04-20 20:26:49.903908,BTC,44755.6,44950.28,44353.81,44587.37,7461386,44290.745,48460.270753229684,39.87,47600.09,40981.4,-1529.24,-1979.77
2026-04-21 20:26:49.903908,BTC,46324.53,46558.34,46099.52,46339.3,1919475,44367.963,48377.095429573616,56.71,47796.76,40939.17,-1238.0,-1831.42
2026-04-22 20:26:49.903908,BTC,46508.68,46917.32,46019.81,46284.93,1916589,44415.906,48295.04972645308,64.83,47926.93,40904.88,-1000.05,-1665.15
2026-04-23 20:26:49.903908,BTC,48855.29,49065.75,47496.17,48733.61,5784132,44575.7025,48312.248168552964,74.48,48560.63,40590.78,-606.88,-1453.49
2026-04-24 20:26:49.903908,BTC,46408.37,46698.34,45890.44,46423.45,5029243,44544.949,48238.17765213912,62.7,48458.7,40631.19,-476.22,-1258.04
2026-04-25 20:26:49.903908,BTC,47119.51,47900.07,47126.5,47256.3,3795574,44545.734,48199.67264617288,64.65,48461.77,40629.7,-301.98,-1066.83
2026-04-26 20:26:49.903908,BTC,46556.78,46637.29,45863.66,46547.57,1434058,44492.065500000004,48134.88430710728,56.16,48257.16,40726.97,-218.57,-897.17
2026-04-27 20:26:49.903908,BTC,47177.99,47238.25,46705.51,46916.43,2740290,44612.2885,48087.10178525993,62.74,48530.5,40694.08,-121.3,-742.0
2026-04-28 20:26:49.903908,BTC,48928.82,49189.86,48811.13,48889.9,6841139,44919.102999999996,48118.58406819092,68.98,49171.27,40666.94,113.72,-570.86
2026-04-29 20:26:49.903908,BTC,47176.35,47305.55,46643.53,46992.16,1343430,45166.248999999996,48074.41057532068,60.58,49288.7,41043.8,145.17,-427.65
2026-04-30 20:26:49.903908,BTC,44868.88,45391.2,44851.2,44882.71,7877941,45286.4515,47949.245846876736,54.89,49214.56,41358.35,-0.12,-342.14
2026-05-01 20:26:49.903908,BTC,43298.43,43395.58,42821.85,43351.38,8641965,45330.814,47768.937382293334,48.87,49143.04,41518.59,-236.11,-320.94
2026-05-02 20:26:49.903908,BTC,43609.42,44063.05,43408.51,43729.73,3316769,45281.04150000001,47610.53709279164,52.1,49152.1,41409.98,-388.13,-334.38
2026-05-03 20:26:49.903908,BTC,40640.73,41269.17,40827.9,40957.36,7318699,45159.332500000004,47349.628187191964,39.48,49414.53,40904.13,-723.96,-412.29
2026-05-04 20:26:49.903908,BTC,41142.09,41349.55,40556.16,41089.56,8875570,45062.438500000004,47104.135317106004,40.92,49600.87,40524.01,-968.29,-523.49
2026-05-05 20:26:49.903908,BTC,39300.54,39369.51,38965.89,39293.79,2818073,44856.928,46797.84726545479,31.76,50038.26,39675.59,-1291.93,-677.18
2026-05-06 20:26:49.903908,BTC,37755.66,38009.61,37560.2,37762.49,9212728,44592.456,46443.5195295546,29.5,50630.82,38554.09,-1652.92,-872.33
2026-05-07 20:26:49.903908,BTC,37394.88,37448.42,36973.7,37277.93,1137396,44266.748,46084.08464604266,19.58,51132.89,37400.6,-1955.57,-1088.98
2026-05-08 20:26:49.903908,BTC,37620.02,38183.53,37721.42,37768.06,4678833,44008.672000000006,45757.96603247236,24.55,51450.33,36567.02,-2131.31,-1297.44
2026-05-09 20:26:49.903908,BTC,37203.75,37071.92,36862.21,36952.62,3549772,43601.832500000004,45412.65834492443,19.68,51658.94,35544.72,-2309.75,-1499.9
2026-05-10 20:26:49.903908,BTC,36111.46,36537.79,36055.38,36323.5,5230774,43188.639,45056.22076277053,19.77,51857.33,34519.95,-2473.42,-1694.61
2026-05-11 20:26:49.903908,BTC,36303.09,36483.54,36175.08,36266.38,3277395,42684.993,44711.52112501482,17.92,51744.59,33625.4,-2578.02,-1871.29
2026-05-12 20:26:49.903908,BTC,35750.19,36313.21,35797.41,35920.84,2043797,42166.7885,44366.788531876984,6.68,51539.6,32793.98,-2658.16,-2028.66
2026-05-13 20:26:49.903908,BTC,32700.0,32944.55,32675.26,32735.53,6142352,41366.8845,43910.66074631318,6.16,51103.57,31630.2,-2944.75,-2211.88
2026-05-14 20:26:49.903908,BTC,32396.53,32270.38,31892.58,32247.33,4237256,40658.078499999996,43453.275226849924,6.84,50895.92,30420.24,-3174.68,-2404.44
2026-05-15 20:26:49.903908,BTC,32145.57,32405.37,32190.99,32338.39,5318552,39912.183000000005,43017.397374816595,8.27,50298.58,29525.79,-3311.38,-2585.83
2026-05-16 20:26:49.903908,BTC,33611.83,33602.14,33542.53,33587.89,3602118,39264.199,42647.61277188262,13.95,49523.86,29004.54,-3281.06,-2724.88
2026-05-17 20:26:49.903908,BTC,36066.65,36367.41,35948.32,36051.21,8159962,38720.938,42388.93031024017,32.17,48409.26,29032.62,-3023.42,-2784.58
2026-05-18 20:26:49.903908,BTC,36915.49,37048.45,36635.85,36889.44,8301579,38120.915,42173.26402356409,35.48,46563.88,29677.95,-2720.24,-2771.72
2026-05-19 20:26:49.903908,BTC,37023.31,37403.4,36951.94,36986.08,1405601,37620.611,41969.84504224785,40.96,44964.5,30276.72,-2444.0,-2706.17
2026-05-20 20:26:49.903908,BTC,35880.03,36181.16,35654.75,35765.78,1079089,37164.764500000005,41726.54837392441,41.98,43697.71,30631.82,-2297.06,-2624.35
2026-05-21 20:26:49.903908,BTC,35942.23,35935.86,35702.8,35871.86,4842296,36790.7885,41496.952751417564,44.18,42654.63,30926.95,-2147.3,-2528.94
2026-05-22 20:26:49.903908,BTC,36903.47,37062.45,36847.11,36848.51,1730557,36446.7275,41314.66087881295,46.34,41320.16,31573.3,-1927.59,-2408.67
2026-05-23 20:26:49.903908,BTC,38630.92,38500.15,38420.2,38494.18,5788507,36323.5685,41204.05378552617,55.76,40827.53,31819.61,-1602.2,-2247.38
2026-05-24 20:26:49.903908,BTC,37431.27,37565.2,37127.23,37332.95,2818815,36135.738,41052.24579393691,53.62,40081.57,32189.91,-1421.64,-2082.23
2026-05-25 20:26:49.903908,BTC,37615.34,38016.11,37541.99,37635.32,9812157,36052.81449999999,40918.2487039786,54.83,39783.01,32322.62,-1239.86,-1913.75
2026-05-26 20:26:49.903908,BTC,38518.39,39132.3,38474.01,38709.19,2769888,36100.1495,40831.6189508814,59.36,39943.99,32256.31,-997.64,-1730.53
2026-05-27 20:26:49.903908,BTC,41412.15,41372.2,41272.99,41281.89,8359178,36300.3475,40849.27663908213,79.91,40768.8,31831.9,-591.27,-1502.68
2026-05-28 20:26:49.903908,BTC,41585.64,41761.24,41451.94,41643.92,8493788,36494.140499999994,40880.439123824006,83.18,41530.68,31457.6,-237.27,-1249.6
2026-05-29 20:26:49.903908,BTC,41132.55,40993.93,40633.21,40864.84,8159316,36689.7515,40879.82739347797,78.71,42091.89,31287.62,-19.37,-1003.55
2026-05-30 20:26:49.903908,BTC,39804.75,39961.23,39667.53,39895.11,7481982,36868.332,40841.211025106284,71.65,42452.56,31284.11,74.22,-788.0
2026-05-31 20:26:49.903908,BTC,39208.22,39577.53,39206.14,39399.2,8025034,37024.973,40784.66157314133,63.29,42712.89,31337.05,107.14,-608.97
2026-06-01 20:26:49.903908,BTC,38687.77,38733.54,38308.78,38514.49,8613202,37154.6555,40695.635236939714,56.42,42854.84,31454.47,61.13,-474.95
2026-06-02 20:26:49.903908,BTC,39509.22,40365.45,39502.54,39628.45,3985534,37499.3015,40653.7848354911,59.67,42900.13,32098.47,113.25,-357.31
2026-06-03 20:26:49.903908,BTC,40871.63,41267.08,41051.87,41119.04,6627129,37942.887,40672.03013606008,69.21,42971.99,32913.78,271.7,-231.51
2026-06-04 20:26:49.903908,BTC,42356.57,42423.04,42053.31,42159.55,2463006,38433.945,40730.36424837145,71.14,43060.73,33807.16,475.75,-90.06
2026-06-05 20:26:49.903908,BTC,43675.03,44157.97,43889.11,43931.98,7693128,38951.1495,40855.91780725885,72.61,43609.54,34292.76,771.59,82.27
2026-06-06 20:26:49.903908,BTC,43467.25,43815.39,42632.88,43241.34,7159888,39310.656,40949.46377560164,66.14,44133.61,34487.71,939.49,253.72
2026-06-07 20:26:49.903908,BTC,43640.59,44108.17,43802.9,43809.48,3568633,39656.658,41061.62127459765,72.94,44734.41,34578.91,1105.64,424.1
2026-06-08 20:26:49.903908,BTC,43292.76,43358.42,43102.44,43224.13,4720034,39968.5605,41146.42553833892,69.41,45121.4,34815.72,1176.53,574.59
2026-06-09 20:26:49.903908,BTC,43320.89,43625.42,43112.64,43284.2,7986886,40344.4815,41230.25983095307,67.09,45299.54,35389.42,1223.45,704.36
2026-06-10 20:26:49.903908,BTC,44825.45,45185.88,45047.44,45155.2,7054212,40808.648499999996,41384.179053268635,65.27,45738.78,35878.52,1395.52,842.59
2026-06-11 20:26:49.903908,BTC,45098.22,45556.05,45091.34,45103.11,9580855,41221.3785,41530.01948255222,63.98,46137.67,36305.08,1510.28,976.13
2026-06-12 20:26:49.903908,BTC,42202.85,42356.41,41664.16,42275.92,5325548,41410.4655,41559.27048323645,54.89,46173.63,36647.3,1357.45,1052.39
2026-06-13 20:26:49.903908,BTC,41921.07,42054.06,41400.33,41902.04,9008561,41638.92,41572.71242507031,57.26,45999.95,37277.89,1192.41,1080.4
2026-06-14 20:26:49.903908,BTC,40959.56,40949.21,39903.24,40874.75,1708276,41800.891500000005,41545.341349577364,55.14,45757.73,37844.05,967.57,1057.83
2026-06-15 20:26:49.903908,BTC,39030.7,38804.85,38716.85,38787.94,2693447,41804.829,41437.20796331943,50.88,45748.85,37860.81,613.92,969.05
2026-06-16 20:26:49.903908,BTC,37697.71,38187.31,37244.56,37735.52,8143657,41627.5105,41292.04372946377,43.89,45969.34,37285.68,245.89,824.42
2026-06-17 20:26:49.903908,BTC,38990.16,39025.77,38460.82,39007.75,5706571,41495.702000000005,41202.46358321029,43.09,45992.72,36998.68,56.24,670.78
2026-06-18 20:26:49.903908,BTC,41695.66,42093.42,40968.54,41341.81,7060917,41519.5505,41207.928148574596,47.53,46007.53,37031.57,93.2,555.27
2026-06-19 20:26:49.903908,BTC,40757.88,40804.09,40430.25,40642.24,5873592,41556.907,41185.74429961089,39.39,46000.17,37113.64,65.29,457.27
2026-06-20 20:26:49.903908,BTC,42199.39,42407.39,41649.11,42073.52,7047546,41690.623,41220.559032959485,46.4,46019.98,37361.26,156.86,397.19
2026-06-21 20:26:49.903908,BTC,43550.72,44540.18,43714.6,43821.13,1926531,41955.955,41322.54220813755,50.03,46112.73,37799.18,366.22,390.99
2026-06-22 20:26:49.903908,BTC,41852.51,42215.91,41427.6,42089.95,8989310,42079.03,41352.63663134784,46.95,46088.8,38069.26,387.98,390.39
2026-06-23 20:26:49.903908,BTC,41932.17,42268.28,41548.21,42027.38,1557632,42124.447,41379.09715560872,46.62,46108.94,38139.96,395.61,391.44
2026-06-24 20:26:49.903908,BTC,41923.69,42491.04,41837.52,41957.48,9499997,42114.3435,41401.778835780926,40.46,46099.48,38129.2,391.51,391.45
2026-06-25 20:26:49.903908,BTC,42283.83,42861.22,42071.33,42203.6,9742611,42027.9245,41433.2228030052,41.45,45921.0,38134.85,403.46,393.85
2026-06-26 20:26:49.903908,BTC,40366.0,40387.03,39383.71,39931.41,1243038,41862.428,41374.32818327951,42.86,45819.2,37905.65,226.98,360.48
2026-06-27 20:26:49.903908,BTC,39246.6,39728.99,39297.23,39446.39,7643990,41644.273499999996,41298.72276432738,42.57,45630.06,37658.49,47.42,297.87
2026-06-28 20:26:49.903908,BTC,40844.36,41668.71,40636.24,40913.85,9931424,41528.7595,41283.62971474592,50.12,45455.23,37602.29,23.27,242.95
2026-06-29 20:26:49.903908,BTC,42842.34,42755.06,42187.54,42737.46,4053859,41501.4225,41340.64266710883,61.83,45383.8,37619.05,149.56,224.27
2026-06-30 20:26:49.903908,BTC,45578.02,45780.28,45479.41,45531.41,4506415,41520.233,41504.98648408495,71.14,45480.02,37560.45,469.67,273.35
2026-07-01 20:26:49.903908,BTC,45195.67,45113.58,44647.58,44996.51,2010259,41514.903000000006,41641.90897490515,66.92,45454.62,37575.19,672.45,353.17
2026-07-02 20:26:49.903908,BTC,47943.23,48017.5,47694.58,48001.55,1542267,41801.184499999996,41891.30666216377,68.13,46691.23,36911.14,1063.38,495.21
2026-07-03 20:26:49.903908,BTC,48936.36,49439.84,49109.94,49115.79,9430104,42161.871999999996,42174.619734235785,72.55,48046.3,36277.44,1446.43,685.46
2026-07-04 20:26:49.903908,BTC,47239.24,47190.47,46565.09,46850.64,3519109,42460.6665,42357.99307799125,62.17,48667.94,36253.4,1549.36,858.24
2026-07-05 20:26:49.903908,BTC,48178.88,48485.5,47934.58,48097.4,9804487,42926.139500000005,42583.0678592465,61.18,49365.64,36486.64,1711.81,1028.95
2026-07-06 20:26:49.903908,BTC,47277.45,47673.63,47227.61,47508.03,1698170,43414.765,42776.203629472126,65.07,49676.51,37153.02,1772.56,1177.67
2026-07-07 20:26:49.903908,BTC,48293.9,48426.29,48342.73,48364.16,3423406,43882.5855,42995.339173414395,66.88,50156.05,37609.12,1868.25,1315.79
2026-07-08 20:26:49.903908,BTC,48171.09,48266.42,48069.03,48186.69,2431692,44224.8295,43198.92155877069,66.5,50659.44,37790.22,1907.77,1434.18
2026-07-09 20:26:49.903908,BTC,49936.55,50612.91,50158.84,50240.44,3567407,44704.739499999996,43475.05953685812,69.43,51439.04,37970.44,2080.83,1563.51
2026-07-10 20:26:49.903908,BTC,50835.07,51097.24,50679.88,50682.74,9933772,45135.2005,43757.7136726676,78.51,52251.13,38019.27,2227.98,1696.41
2026-07-11 20:26:49.903908,BTC,50208.32,50689.09,50027.67,50182.86,8484626,45453.287,44009.68019530809,78.45,52883.69,38022.88,2278.01,1812.73
2026-07-12 20:26:49.903908,BTC,51801.23,52206.23,51780.76,51882.54,4235174,45942.9165,44318.41979549209,78.71,53722.52,38163.32,2426.83,1935.55
2026-07-13 20:26:49.903908,BTC,52196.23,52381.39,51820.59,52338.68,2418017,46458.4815,44632.939803512,77.07,54507.52,38409.44,2552.16,2058.87
2026-07-14 20:26:49.903908,BTC,51922.41,52021.39,51311.32,51588.77,1055520,46940.046,44905.71745827624,69.3,55007.67,38872.42,2561.44,2159.38
2026-07-15 20:26:49.903908,BTC,53892.56,54193.17,53314.05,53916.33,7133976,47525.6825,45259.07481285364,75.51,55842.27,39209.1,2725.2,2272.55
2026-07-16 20:26:49.903908,BTC,52980.47,54017.45,52190.96,53152.31,3709523,48186.72749999999,45568.6134476437,66.9,56051.14,40322.31,2761.5,2370.34
2026-07-17 20:26:49.903908,BTC,51552.56,52613.64,51685.13,51985.4,3835057,48813.678,45820.2521359714,59.38,55680.2,41947.16,2665.38,2429.35
2026-07-18 20:26:49.903908,BTC,50791.69,51130.08,51009.36,51016.26,2357453,49318.7985,46024.01715024703,64.88,55146.12,43491.47,2482.39,2439.96
2026-07-19 20:26:49.903908,BTC,48611.66,48864.26,47947.64,48484.62,8570829,49606.1565,46120.51137964911,51.27,54569.8,44642.51,2108.78,2373.72
2026-07-20 20:26:49.903908,BTC,47834.54,48190.68,47499.09,47558.27,7262669,49707.4995,46176.89407064327,50.16,54395.99,45019.0,1718.13,2242.6
2026-07-21 20:26:49.903908,BTC,50475.01,51224.02,50221.71,50719.23,5530114,49993.6355,46355.02489140236,56.57,54138.57,45848.71,1644.65,2123.01
2026-07-22 20:26:49.903908,BTC,48731.74,49385.34,48596.37,49141.9,1256863,50050.653000000006,46464.31411134737,52.47,54110.71,45990.6,1442.5,1986.91
2026-07-23 20:26:49.903908,BTC,49148.4,49206.9,49021.44,49150.14,3509813,50052.370500000005,46569.64061678473,46.85,54110.79,45993.95,1268.35,1843.2
2026-07-24 20:26:49.903908,BTC,47275.89,47374.85,47119.87,47292.92,5200493,50074.484500000006,46598.004514165725,40.93,54063.67,46085.3,969.29,1668.42
2026-07-25 20:26:49.903908,BTC,46447.58,46559.06,45971.87,46295.99,9186461,49984.414000000004,46586.16080772785,39.87,54234.38,45734.44,644.42,1463.62
2026-07-26 20:26:49.903908,BTC,48643.88,48977.37,48667.23,48791.15,7969519,50048.56999999999,46672.63097213068,42.27,54178.17,45918.97,581.59,1287.21
2026-07-27 20:26:49.903908,BTC,50336.72,50887.46,50148.07,50323.94,1583486,50146.559,46815.81956145889,45.22,54200.18,46092.94,648.0,1159.37
2026-07-28 20:26:49.903908,BTC,48890.15,49825.49,49060.74,49264.99,1216136,50200.474,46911.865461009525,44.56,54172.2,46228.75,608.18,1049.13
2026-07-29 20:26:49.903908,BTC,49016.96,49277.27,48683.19,49269.49,1582968,50151.9265,47004.321325283665,37.8,54145.27,46158.58,570.41,953.39
2026-07-30 20:26:49.903908,BTC,47760.16,48114.39,47583.75,47873.53,2741845,50011.466,47038.407939978424,36.59,54122.09,45900.84,422.96,847.3
2026-07-31 20:26:49.903908,BTC,46493.15,46593.43,45233.48,46584.53,6006426,49831.5495,47020.60880507731,36.36,54216.43,45446.67,199.79,717.8
2026-08-01 20:26:49.903908,BTC,45213.28,45180.65,44990.9,45125.57,5235433,49493.701,46946.29355781938,35.49,54239.58,44747.82,-93.72,555.5
2026-08-02 20:26:49.903908,BTC,43945.03,43749.86,43284.38,43739.08,2061363,49063.721,46820.52047712058,37.61,54261.09,43866.35,-433.22,357.75
2026-08-03 20:26:49.903908,BTC,43970.84,44686.56,43545.71,44230.34,3979717,48695.7995,46718.944772135466,41.11,54174.72,43216.88,-655.07,155.19
2026-08-04 20:26:49.903908,BTC,45444.82,45340.41,44802.38,45148.81,1118156,48257.4235,46657.370859502706,33.09,53368.24,43146.61,-748.16,-25.48
2026-08-05 20:26:49.903908,BTC,45767.65,46187.33,45785.34,45913.35,7498926,47895.4755,46628.19357089476,39.69,52551.81,43239.14,-751.58,-170.7
2026-08-06 20:26:49.903908,BTC,45553.98,45744.39,45358.1,45638.95,8335044,47578.153000000006,46589.39970536947,38.98,51914.96,43241.35,-767.58,-290.08
2026-08-07 20:26:49.903908,BTC,43724.66,43955.47,43054.5,43535.89,5233206,47204.1345,46469.65422672753,38.38,51582.52,42825.75,-939.14,-419.89
2026-08-08 20:26:49.903908,BTC,43004.95,43631.01,42526.0,43429.4,5193996,46951.3735,46350.42857077743,40.62,51594.2,42308.55,-1071.34,-550.18
2026-08-09 20:26:49.903908,BTC,41804.11,42188.25,41885.83,42055.44,8188046,46676.232,46181.99764643322,26.21,51795.4,41557.07,-1272.31,-694.61
2026-08-10 20:26:49.903908,BTC,43203.22,43362.69,43228.11,43354.0,1380047,46307.9705,46071.095777945644,24.97,51259.46,41356.48,-1311.68,-818.02
2026-08-11 20:26:49.903908,BTC,44199.66,44568.94,43961.67,44192.45,3386033,46060.498,45997.42339449679,31.49,50909.29,41211.7,-1260.69,-906.55
2026-08-12 20:26:49.903908,BTC,45534.53,45672.68,45287.76,45345.33,7391950,45870.2575,45971.85110451653,36.79,50502.37,41238.15,-1114.41,-948.13
2026-08-13 20:26:49.903908,BTC,44985.6,45580.39,44717.23,44795.76,3905681,45745.3995,45925.72988473157,39.01,50350.59,41140.21,-1030.94,-964.69
2026-08-14 20:26:49.903908,BTC,41906.14,42554.58,41886.69,42066.15,2098093,45533.907499999994,45774.37381082053,35.37,50412.99,40654.82,-1171.54,-1006.06
2026-08-15 20:26:49.903908,BTC,43604.4,43631.65,43289.05,43480.28,8601059,45268.364,45684.4093476511,44.66,49976.11,40560.62,-1155.54,-1035.96
2026-08-16 20:26:49.903908,BTC,45279.27,45817.86,44939.44,45361.85,1755849,45020.2595,45671.759961468706,55.1,49085.32,40955.2,-979.74,-1024.71
2026-08-17 20:26:49.903908,BTC,43334.78,43181.45,42373.01,43084.16,9929794,44711.218,45570.28545317581,46.76,48333.17,41089.27,-1012.53,-1022.28
2026-08-18 20:26:49.903908,BTC,43231.31,43877.72,42958.89,43285.16,4402700,44412.0015,45480.67269030617,44.51,47377.7,41446.3,-1010.65,-1019.95
2026-08-19 20:26:49.903908,BTC,45291.94,45300.48,44675.23,45106.58,5910745,44273.653999999995,45466.00238872554,47.76,46782.4,41764.91,-852.37,-986.43
2026-08-20 20:26:49.903908,BTC,43266.69,43719.91,43407.57,43450.99,2332733,44116.977,45386.98229505003,44.36,46399.23,41834.72,-850.71,-959.29
2026-08-21 20:26:49.903908,BTC,46327.26,46402.39,46010.55,46189.58,2475019,44170.177500000005,45418.45671485199,56.62,46596.48,41743.87,-621.25,-891.68
2026-08-22 20:26:49.903908,BTC,45373.56,45770.68,45430.06,45628.72,4557290,44264.6595,45426.7023338774,55.37,46766.28,41763.04,-479.14,-809.17
2026-08-23 20:26:49.903908,BTC,43968.3,44288.09,43681.73,43954.48,9751823,44250.8665,45368.96812470574,54.57,46756.32,41745.41,-495.89,-746.52
2026-08-24 20:26:49.903908,BTC,45784.08,46335.37,45609.56,46088.07,2642297,44297.82950000001,45397.16819824669,56.32,46907.21,41688.45,-333.17,-663.85
2026-08-25 20:26:49.903908,BTC,46522.93,46563.39,46275.45,46555.01,6854793,44329.9125,45442.57375909977,55.56,47036.88,41622.94,-164.63,-564.0
2026-08-26 20:26:49.903908,BTC,45359.13,45634.25,45322.19,45507.7,8517259,44323.35,45445.12772933115,50.38,47017.56,41629.14,-114.26,-474.06
2026-08-27 20:26:49.903908,BTC,46722.14,47495.82,46275.42,46910.39,9662755,44492.075,45502.588994847574,54.8,47393.35,41590.8,38.41,-371.56
2026-08-28 20:26:49.903908,BTC,43869.23,44007.97,43414.26,43831.57,3120525,44512.1835,45437.05883818689,53.95,47387.91,41636.46,-88.03,-314.86
2025-04-16 20:26:50.138054,BBV_INDEX,100.37,100.74,100.0,100.11,9386115,98.59049999999999,100.11,50.0,101.24,95.94,0.0,0.0
2025-04-17 20:26:50.138054,BBV_INDEX,100.45,101.13,99.32,100.84,8829062,98.59049999999999,100.1386274509804,50.0,101.24,95.94,0.06,0.01
2025-04-18 20:26:50.138054,BBV_INDEX,100.02,100.94,97.99,99.5,2761689,98.59049999999999,100.11358323721646,50.0,101.24,95.94,-0.0,0.01
2025-04-19 20:26:50.138054,BBV_INDEX,100.71,100.77,99.88,100.5,2147635,98.59049999999999,100.128736835757,50.0,101.24,95.94,0.03,0.01
2025-04-20 20:26:50.138054,BBV_INDEX,100.67,99.99,99.29,99.95,3364361,98.59049999999999,100.12172754808026,50.0,101.24,95.94,0.01,0.01
2025-04-21 20:26:50.138054,BBV_INDEX,97.7,98.3,97.17,97.82,4298624,98.59049999999999,100.03146372266534,50.0,101.24,95.94,-0.18,-0.03
2025-04-22 20:26:50.138054,BBV_INDEX,97.27,97.48,96.83,96.98,3311539,98.59049999999999,99.91179847863924,50.0,101.24,95.94,-0.39,-0.1
2025-04-23 20:26:50.138054,BBV_INDEX,98.15,97.98,96.83,97.83,1442574,98.59049999999999,99.83015932261418,50.0,101.24,95.94,-0.48,-0.17
2025-04-24 20:26:50.138054,BBV_INDEX,98.14,98.91,97.44,98.32,8832844,98.59049999999999,99.77093738839402,50.0,101.24,95.94,-0.51,-0.24
2025-04-25 20:26:50.138054,BBV_INDEX,96.76,96.92,96.53,96.8,6907334,98.59049999999999,99.65443003982955,50.0,101.24,95.94,-0.65,-0.32
2025-04-26 20:26:50.138054,BBV_INDEX,97.41,97.7,96.96,97.67,3257142,98.59049999999999,99.57660925395388,50.0,101.24,95.94,-0.68,-0.39
2025-04-27 20:26:50.138054,BBV_INDEX,97.27,99.15,97.29,97.59,5902284,98.59049999999999,99.49870300870079,50.0,101.24,95.94,-0.7,-0.46
2025-04-28 20:26:50.138054,BBV_INDEX,97.95,98.26,98.0,98.21,1776384,98.59049999999999,99.44816563581055,50.0,101.24,95.94,-0.66,-0.5
2025-04-29 20:26:50.138054,BBV_INDEX,98.22,99.58,97.36,98.7,1764875,98.59049999999999,99.41882580695524,43.87,101.24,95.94,-0.58,-0.51
2025-04-30 20:26:50.138054,BBV_INDEX,97.47,97.47,97.14,97.16,5523244,98.59049999999999,99.33024440276093,38.7,101.24,95.94,-0.64,-0.54
2025-05-01 20:26:50.138054,BBV_INDEX,97.62,98.43,97.26,97.67,2387431,98.59049999999999,99.26513677912324,37.65,101.24,95.94,-0.63,-0.56
2025-05-02 20:26:50.138054,BBV_INDEX,96.53,98.79,96.54,96.89,7367125,98.59049999999999,99.1719941603341,39.36,101.24,95.94,-0.68,-0.58
2025-05-03 20:26:50.138054,BBV_INDEX,99.02,99.45,97.8,99.03,9783653,98.59049999999999,99.16642576188963,44.52,101.24,95.94,-0.55,-0.58
2025-05-04 20:26:50.138054,BBV_INDEX,100.17,100.96,99.08,100.07,8230623,98.59049999999999,99.20186004573709,50.43,101.24,95.94,-0.35,-0.53
2025-05-05 20:26:50.138054,BBV_INDEX,100.01,101.04,99.4,100.17,5315318,98.59049999999999,99.23982631845328,59.9,101.24,95.94,-0.18,-0.46
2025-05-06 20:26:50.138054,BBV_INDEX,99.24,98.93,98.76,98.85,7219092,98.5275,99.22453901184727,57.57,101.09,95.97,-0.15,-0.4
2025-05-07 20:26:50.138054,BBV_INDEX,98.85,99.13,98.18,98.96,1905050,98.4335,99.21416493295129,54.87,100.76,96.11,-0.12,-0.34
2025-05-08 20:26:50.138054,BBV_INDEX,99.25,99.6,98.59,99.22,6552416,98.4195,99.21439375911007,53.95,100.72,96.12,-0.08,-0.29
2025-05-09 20:26:50.138054,BBV_INDEX,98.44,97.87,95.92,97.61,5734154,98.275,99.15147635679203,53.53,100.38,96.17,-0.17,-0.27
2025-05-10 20:26:50.138054,BBV_INDEX,100.46,101.73,100.64,100.7,9677377,98.3125,99.21220277417274,61.07,100.57,96.06,0.01,-0.21
2025-05-11 20:26:50.138054,BBV_INDEX,101.28,101.66,99.51,101.29,2743948,98.486,99.29368501832283,63.03,101.09,95.88,0.2,-0.13
2025-05-12 20:26:50.138054,BBV_INDEX,103.83,104.17,102.25,103.73,2125990,98.8235,99.4676581548592,67.23,102.23,95.42,0.54,0.01
2025-05-13 20:26:50.138054,BBV_INDEX,101.66,103.05,101.85,102.19,1801620,99.0415,99.5744166585902,60.22,102.73,95.36,0.67,0.14
2025-05-14 20:26:50.138054,BBV_INDEX,104.37,105.96,103.39,104.57,2901556,99.35400000000001,99.77032188766509,70.69,103.77,94.94,0.96,0.3
2025-05-15 20:26:50.138054,BBV_INDEX,102.95,103.49,102.02,102.65,9419183,99.64649999999999,99.88325044109,62.89,104.12,95.17,1.02,0.45
2025-05-16 20:26:50.138054,BBV_INDEX,102.4,102.7,100.85,101.77,6282579,99.8515,99.95724061987077,62.56,104.32,95.38,0.99,0.55
2025-05-17 20:26:50.138054,BBV_INDEX,102.28,103.71,101.63,102.58,6617148,100.101,100.06009392889544,59.81,104.6,95.6,1.02,0.65
2025-05-18 20:26:50.138054,BBV_INDEX,102.86,102.76,102.14,102.68,9167318,100.3245,100.16283534344856,57.61,104.87,95.78,1.03,0.72
2025-05-19 20:26:50.138054,BBV_INDEX,99.29,100.42,97.73,99.42,1155253,100.3605,100.13370454566628,48.15,104.86,95.86,0.78,0.74
2025-05-20 20:26:50.138054,BBV_INDEX,97.76,98.44,96.85,97.95,5296722,100.4,100.04806907328721,47.8,104.8,96.0,0.45,0.68
2025-05-21 20:26:50.138054,BBV_INDEX,98.63,100.36,98.23,99.13,7116397,100.47299999999998,100.01206636453085,50.39,104.73,96.22,0.28,0.6
2025-05-22 20:26:50.138054,BBV_INDEX,102.22,102.71,101.78,102.08,5679574,100.7325,100.09316180121591,55.9,104.69,96.78,0.38,0.55
2025-05-23 20:26:50.138054,BBV_INDEX,102.54,104.74,103.13,103.42,5751945,100.952,100.22362604430549,62.13,105.0,96.91,0.56,0.56
2025-05-24 20:26:50.138054,BBV_INDEX,103.31,103.5,102.43,103.06,3161387,101.1015,100.3348563955092,55.56,105.23,96.97,0.67,0.58
2025-05-25 20:26:50.138054,BBV_INDEX,104.32,104.9,103.93,104.25,3626978,101.30550000000001,100.48839143882257,56.78,105.64,96.97,0.84,0.63
2025-05-26 20:26:50.138054,BBV_INDEX,102.75,104.27,102.62,102.65,6251421,101.49549999999999,100.57316040200601,47.43,105.71,97.29,0.84,0.67
2025-05-27 20:26:50.138054,BBV_INDEX,103.31,103.73,102.17,103.41,2266619,101.718,100.68440901369206,53.02,105.83,97.6,0.88,0.71
2025-05-28 20:26:50.138054,BBV_INDEX,101.0,101.64,100.23,101.54,3813944,101.834,100.71796160139041,42.31,105.78,97.89,0.76,0.72
2025-05-29 20:26:50.138054,BBV_INDEX,100.92,101.99,100.85,101.56,8684045,102.0315,100.75098271506138,46.94,105.45,98.62,0.66,0.71
2025-05-30 20:26:50.138054,BBV_INDEX,101.45,102.74,101.36,101.42,8155855,102.0675,100.77721868701977,48.97,105.44,98.7,0.56,0.68
2025-05-31 20:26:50.138054,BBV_INDEX,102.78,103.02,101.28,102.59,9745567,102.1325,100.84830815027391,50.03,105.49,98.77,0.57,0.66
2025-06-01 20:26:50.138054,BBV_INDEX,102.25,102.64,102.07,102.2,9321872,102.056,100.9013156737926,48.64,105.33,98.78,0.54,0.63
2025-06-02 20:26:50.138054,BBV_INDEX,103.56,104.46,101.48,103.96,8240132,102.14450000000001,101.02126407874191,64.01,105.53,98.76,0.65,0.64
2025-06-03 20:26:50.138054,BBV_INDEX,104.06,103.82,103.37,103.71,7998419,102.1015,101.12670470310496,69.23,105.37,98.83,0.71,0.65
2025-06-04 20:26:50.138054,BBV_INDEX,105.91,105.28,103.92,104.96,8494908,102.21700000000001,101.27703000886555,69.37,105.73,98.71,0.85,0.69
2025-06-05 20:26:50.138054,BBV_INDEX,105.96,106.2,104.33,106.15,3019305,102.436,101.46812687126298,65.31,106.35,98.52,1.04,0.76
2025-06-06 20:26:50.138054,BBV_INDEX,103.11,103.81,103.27,103.52,1039353,102.48299999999999,101.54859248415464,50.34,106.43,98.54,0.97,0.8
2025-06-07 20:26:50.138054,BBV_INDEX,103.44,104.0,103.42,103.61,2512670,102.52950000000001,101.62943199457995,51.92,106.51,98.55,0.91,0.82
2025-06-08 20:26:50.138054,BBV_INDEX,104.43,104.36,102.81,103.7,9356097,102.7435,101.71063073989053,47.92,106.47,99.02,0.87,0.83
2025-06-09 20:26:50.138054,BBV_INDEX,102.28,103.3,101.82,102.63,9184081,102.9775,101.74668443636543,49.92,105.94,100.01,0.73,0.81
2025-06-10 20:26:50.138054,BBV_INDEX,102.71,103.72,102.23,102.92,8828998,103.167,101.79269681140993,47.99,105.52,100.81,0.64,0.78
2025-06-11 20:26:50.138054,BBV_INDEX,100.83,102.05,100.03,100.91,5206016,103.1085,101.75808125017817,47.45,105.63,100.59,0.4,0.7
2025-06-12 20:26:50.138054,BBV_INDEX,101.59,102.99,101.65,101.73,6291108,103.024,101.75698002468098,50.65,105.61,100.44,0.28,0.62
2025-06-13 20:26:50.138054,BBV_INDEX,102.75,103.59,102.34,102.49,4634973,102.99549999999999,101.78572590606605,53.89,105.59,100.4,0.24,0.54
2025-06-14 20:26:50.138054,BBV_INDEX,102.75,104.3,102.58,102.95,8728654,102.93050000000001,101.8313837136713,51.38,105.46,100.4,0.24,0.48
2025-06-15 20:26:50.138054,BBV_INDEX,106.06,107.25,105.71,106.59,6202247,103.12750000000001,102.01799611705675,63.46,106.13,100.12,0.53,0.49
2025-06-16 20:26:50.138054,BBV_INDEX,107.21,108.3,105.77,107.15,3854529,103.3145,102.21925117128983,60.56,106.82,99.81,0.79,0.55
2025-06-17 20:26:50.138054,BBV_INDEX,107.29,107.75,105.81,107.29,4762578,103.602,102.41810406653336,61.93,107.42,99.78,1.0,0.64
2025-06-18 20:26:50.138054,BBV_INDEX,107.09,106.92,106.13,106.25,7156800,103.8365,102.56837449529677,54.36,107.71,99.97,1.07,0.73
2025-06-19 20:26:50.138054,BBV_INDEX,107.24,107.58,106.46,106.73,7774576,104.102,102.73157549548121,52.06,108.0,100.2,1.15,0.81
2025-06-20 20:26:50.138054,BBV_INDEX,106.11,105.92,105.21,105.35,2158332,104.24000000000001,102.8342588093839,57.13,108.11,100.37,1.09,0.87
2025-06-21 20:26:50.138054,BBV_INDEX,107.29,107.37,106.76,107.27,3627660,104.4935,103.00820944431001,62.48,108.46,100.52,1.19,0.93
2025-06-22 20:26:50.138054,BBV_INDEX,106.52,107.72,106.23,106.35,2570884,104.61300000000001,103.13926005433707,58.55,108.66,100.57,1.17,0.98
2025-06-23 20:26:50.138054,BBV_INDEX,106.83,107.29,105.07,106.62,4950791,104.7585,103.27575966004935,63.58,108.88,100.64,1.17,1.02
2025-06-24 20:26:50.138054,BBV_INDEX,109.65,110.39,109.34,109.65,2367570,104.99300000000001,103.52572986945917,69.31,109.66,100.33,1.4,1.09
2025-06-25 20:26:50.138054,BBV_INDEX,110.76,111.79,110.62,111.47,3409428,105.25900000000001,103.83726987457842,80.63,110.74,99.78,1.7,1.22
2025-06-26 20:26:50.138054,BBV_INDEX,112.15,112.46,110.75,111.89,1756473,105.67750000000001,104.15306321283026,80.17,111.83,99.52,1.96,1.36
2025-06-27 20:26:50.138054,BBV_INDEX,114.19,114.3,113.17,114.1,6531357,106.202,104.54313916526829,81.74,113.33,99.08,2.31,1.55
2025-06-28 20:26:50.138054,BBV_INDEX,114.8,115.48,113.6,114.05,5034830,106.7195,104.91595723721855,81.04,114.55,98.89,2.56,1.75
2025-06-29 20:26:50.138054,BBV_INDEX,115.86,116.84,115.1,115.36,9434305,107.356,105.32552754164135,78.2,115.83,98.88,2.83,1.97
2025-06-30 20:26:50.138054,BBV_INDEX,115.2,115.62,115.02,115.44,9760744,107.982,105.72217352040052,77.5,116.91,99.05,3.01,2.18
2025-07-01 20:26:50.138054,BBV_INDEX,114.2,114.74,113.79,114.04,3363221,108.6385,106.0483627941103,70.67,117.31,99.97,3.01,2.34
2025-07-02 20:26:50.138054,BBV_INDEX,114.26,114.87,113.38,114.76,8931252,109.29,106.38999562571382,76.58,117.73,100.85,3.03,2.48
2025-07-03 20:26:50.138054,BBV_INDEX,116.85,118.27,115.4,116.31,1755749,109.981,106.7790154050976,78.04,118.34,101.63,3.14,2.61
2025-07-04 20:26:50.138054,BBV_INDEX,115.71,115.87,115.35,115.79,6375459,110.623,107.13238734999574,82.18,118.67,102.58,3.14,2.72
2025-07-05 20:26:50.138054,BBV_INDEX,113.48,115.37,113.64,114.09,8658755,110.998,107.40523490489787,71.31,118.95,103.04,2.98,2.77
2025-07-06 20:26:50.138054,BBV_INDEX,112.31,114.51,113.14,113.3,7104315,111.30549999999998,107.63640216352933,71.9,119.11,103.5,2.75,2.77
2025-07-07 20:26:50.138054,BBV_INDEX,110.01,110.67,108.96,109.67,3950740,111.4245,107.71615109829288,57.93,119.04,103.81,2.25,2.66
2025-07-08 20:26:50.138054,BBV_INDEX,109.05,109.76,108.14,108.79,6288901,111.55149999999999,107.75826281992846,47.48,118.88,104.22,1.76,2.48
2025-07-09 20:26:50.138054,BBV_INDEX,106.82,107.47,107.02,107.22,8750196,111.576,107.73715447404892,37.37,118.84,104.31,1.24,2.23
2025-07-10 20:26:50.138054,BBV_INDEX,111.32,110.92,110.04,110.31,7371534,111.824,107.8380503770274,45.95,118.51,105.14,1.06,2.0
2025-07-11 20:26:50.138054,BBV_INDEX,109.23,109.83,108.89,109.49,1582122,111.93499999999999,107.9028327151832,37.27,118.37,105.5,0.84,1.77
2025-07-12 20:26:50.138054,BBV_INDEX,107.89,108.07,106.82,107.21,5596454,111.978,107.87566280478386,33.19,118.27,105.69,0.48,1.51
2025-07-13 20:26:50.138054,BBV_INDEX,108.25,108.65,107.79,108.56,8760643,112.075,107.90249955753742,33.32,118.07,106.08,0.29,1.27
2025-07-14 20:26:50.138054,BBV_INDEX,108.44,108.99,106.86,108.34,1693250,112.0095,107.919656437634,32.7,118.14,105.88,0.13,1.04
2025-07-15 20:26:50.138054,BBV_INDEX,108.2,108.67,108.16,108.45,1336456,111.8585,107.94045422439345,35.47,118.19,105.52,0.01,0.83
2025-07-16 20:26:50.138054,BBV_INDEX,109.68,109.51,108.49,108.77,6237589,111.70249999999999,107.97298543127998,34.09,118.19,105.22,-0.06,0.65
2025-07-17 20:26:50.138054,BBV_INDEX,109.56,110.53,108.93,109.13,2746190,111.454,108.01835855162194,29.65,117.93,104.98,-0.09,0.51
2025-07-18 20:26:50.138054,BBV_INDEX,108.72,109.78,107.22,108.61,2413270,111.18199999999999,108.04156017704854,29.65,117.66,104.71,-0.15,0.37
2025-07-19 20:26:50.138054,BBV_INDEX,110.27,111.87,109.29,110.1,2963985,110.91900000000001,108.12228330736036,38.55,117.1,104.74,-0.07,0.29
2025-07-20 20:26:50.138054,BBV_INDEX,111.01,111.35,110.75,110.94,4900093,110.694,108.23278200118936,43.25,116.5,104.89,0.05,0.24
2025-07-21 20:26:50.138054,BBV_INDEX,110.31,110.57,109.44,110.22,4300179,110.503,108.3107121187898,51.89,116.09,104.91,0.09,0.21
2025-07-22 20:26:50.138054,BBV_INDEX,109.4,111.19,108.55,110.0,9409349,110.26499999999999,108.37695870236666,54.35,115.48,105.05,0.11,0.19
2025-07-23 20:26:50.138054,BBV_INDEX,108.8,109.43,108.32,108.61,7301749,109.88,108.38609757678367,55.06,114.3,105.46,0.0,0.15
2025-07-24 20:26:50.138054,BBV_INDEX,109.68,109.27,108.86,109.08,4224880,109.5445,108.41330943651765,44.46,112.98,106.11,-0.04,0.11
2025-07-25 20:26:50.138054,BBV_INDEX,109.93,111.37,108.97,110.24,8073540,109.352,108.4849443605758,53.28,112.07,106.63,0.02,0.09
2025-07-26 20:26:50.138054,BBV_INDEX,110.7,111.4,109.9,111.28,3071011,109.251,108.59455438565125,69.93,111.45,107.05,0.15,0.11
2025-07-27 20:26:50.138054,BBV_INDEX,111.64,113.69,111.1,112.28,6443062,109.3815,108.73908166464533,68.86,111.97,106.8,0.33,0.15
2025-07-28 20:26:50.138054,BBV_INDEX,111.69,113.52,111.59,112.12,4327404,109.548,108.87166669740434,69.29,112.39,106.71,0.46,0.21
2025-07-29 20:26:50.138054,BBV_INDEX,115.09,116.12,113.7,114.65,5772208,109.9195,109.09826800338848,75.37,113.36,106.48,0.75,0.32
2025-07-30 20:26:50.138054,BBV_INDEX,114.56,115.19,114.12,114.36,1580511,110.122,109.30461043462816,72.93,114.09,106.15,0.95,0.45
2025-07-31 20:26:50.138054,BBV_INDEX,113.84,115.42,113.9,114.45,3296634,110.37,109.50639041758392,72.32,114.77,105.97,1.1,0.58
2025-08-01 20:26:50.138054,BBV_INDEX,114.61,114.52,113.68,113.97,8531841,110.708,109.68143393061985,72.56,115.13,106.29,1.17,0.7
2025-08-02 20:26:50.138054,BBV_INDEX,113.97,114.35,113.69,114.14,6549211,110.98700000000001,109.85627965883083,69.13,115.54,106.44,1.22,0.8
2025-08-03 20:26:50.138054,BBV_INDEX,114.08,113.94,113.78,113.8,3150711,111.25999999999999,110.01093535848453,64.21,115.8,106.72,1.22,0.88
2025-08-04 20:26:50.138054,BBV_INDEX,116.93,118.79,115.72,117.1,3687953,111.69250000000002,110.28893789344593,77.22,116.72,106.66,1.47,1.0
2025-08-05 20:26:50.138054,BBV_INDEX,117.33,119.07,117.18,117.83,6593687,112.14550000000001,110.58466581919316,79.77,117.67,106.62,1.71,1.14
2025-08-06 20:26:50.138054,BBV_INDEX,115.22,115.79,114.73,115.16,5482456,112.447,110.76409068902873,72.7,117.94,106.95,1.66,1.25
2025-08-07 20:26:50.138054,BBV_INDEX,114.33,114.52,113.84,114.51,9167913,112.742,110.91098909338055,68.58,118.0,107.49,1.56,1.31
2025-08-08 20:26:50.138054,BBV_INDEX,112.43,112.82,111.95,112.33,4544690,112.85350000000001,110.96663657991465,56.69,117.97,107.74,1.28,1.3
2025-08-09 20:26:50.138054,BBV_INDEX,113.77,114.19,113.57,113.75,4813445,112.994,111.07578808658468,57.71,118.04,107.95,1.16,1.27
2025-08-10 20:26:50.138054,BBV_INDEX,115.43,117.33,114.41,115.98,1092919,113.28200000000001,111.26811012240489,60.73,118.32,108.25,1.24,1.27
2025-08-11 20:26:50.138054,BBV_INDEX,115.51,115.36,113.91,115.31,1289724,113.54750000000001,111.42661560780077,58.99,118.41,108.68,1.23,1.26
2025-08-12 20:26:50.138054,BBV_INDEX,116.12,116.62,116.15,116.33,4349264,113.93350000000001,111.61890519180858,55.17,118.35,109.51,1.28,1.26
2025-08-13 20:26:50.138054,BBV_INDEX,116.26,116.21,114.94,116.04,3889240,114.28150000000001,111.79228145879648,55.17,118.15,110.41,1.29,1.27
2025-08-14 20:26:50.138054,BBV_INDEX,117.15,117.61,116.57,116.74,1030690,114.60650000000001,111.9863096368829,56.8,118.13,111.09,1.34,1.28
2025-08-15 20:26:50.138054,BBV_INDEX,119.84,119.87,119.38,119.62,5924305,115.02350000000001,112.28567004327964,64.68,118.85,111.2,1.59,1.34
2025-08-16 20:26:50.138054,BBV_INDEX,119.52,119.2,119.0,119.09,6740356,115.36399999999999,112.55250651217064,62.62,119.37,111.36,1.73,1.42
2025-08-17 20:26:50.138054,BBV_INDEX,117.91,117.37,116.87,117.12,2914896,115.614,112.73162390385022,57.82,119.38,111.85,1.66,1.47
2025-08-18 20:26:50.138054,BBV_INDEX,118.18,118.75,117.82,118.34,6869807,115.79849999999999,112.9515602213463,53.24,119.73,111.87,1.68,1.51
2025-08-19 20:26:50.138054,BBV_INDEX,118.92,119.43,116.24,119.23,6258143,116.04199999999999,113.19777354599938,53.62,120.19,111.89,1.75,1.56
2025-08-20 20:26:50.138054,BBV_INDEX,119.89,122.06,120.17,120.39,5748910,116.33900000000001,113.4798216422347,64.68,120.84,111.83,1.88,1.62
2025-08-21 20:26:50.138054,BBV_INDEX,122.66,122.99,121.0,122.17,9756375,116.749,113.82061295038237,70.22,121.8,111.69,2.1,1.72
2025-08-22 20:26:50.138054,BBV_INDEX,120.63,121.56,120.15,121.06,7487314,117.095,114.10451048173992,74.43,122.34,111.85,2.16,1.81
2025-08-23 20:26:50.138054,BBV_INDEX,118.15,118.05,117.76,117.86,5297628,117.298,114.25178458049523,60.46,122.32,112.28,1.93,1.83
2025-08-24 20:26:50.138054,BBV_INDEX,120.29,120.4,118.82,119.61,9729058,117.42349999999999,114.46191067537777,59.47,122.55,112.3,1.87,1.84
2025-08-25 20:26:50.138054,BBV_INDEX,118.57,120.23,118.62,118.98,2864319,117.481,114.63909064889238,59.59,122.65,112.31,1.74,1.82
2025-08-26 20:26:50.138054,BBV_INDEX,117.73,117.54,116.87,117.05,7677469,117.5755,114.73363611364171,51.8,122.63,112.52,1.47,1.75
2025-08-27 20:26:50.138054,BBV_INDEX,114.75,115.29,113.83,115.22,6288279,117.61099999999999,114.75270920722438,48.1,122.59,112.64,1.1,1.62
2025-08-28 20:26:50.138054,BBV_INDEX,117.42,117.16,115.54,117.08,4158799,117.84849999999999,114.84397551282343,50.75,122.17,113.52,0.94,1.48
2025-08-29 20:26:50.138054,BBV_INDEX,117.42,117.62,117.38,117.42,5030930,118.032,114.94499608094802,44.55,121.91,114.15,0.84,1.35
2025-08-30 20:26:50.138054,BBV_INDEX,117.23,119.28,117.85,117.95,3300882,118.13049999999998,115.06283937189123,47.18,121.89,114.37,0.79,1.24
2025-08-31 20:26:50.138054,BBV_INDEX,119.36,119.83,118.19,119.4,5623083,118.335,115.2329241024053,55.79,121.89,114.78,0.85,1.16
2025-09-01 20:26:50.138054,BBV_INDEX,119.05,118.63,117.57,118.33,9486818,118.43499999999999,115.35437805917373,49.97,121.86,115.01,0.81,1.09
2025-09-02 20:26:50.138054,BBV_INDEX,116.45,117.01,116.08,116.54,4334829,118.46,115.40087303724536,43.42,121.82,115.1,0.62,1.0
2025-09-03 20:26:50.138054,BBV_INDEX,114.65,115.65,114.47,115.22,4255584,118.38400000000001,115.39377997696123,37.45,121.97,114.8,0.37,0.87
2025-09-04 20:26:50.138054,BBV_INDEX,113.93,113.63,113.27,113.51,3535603,118.07849999999999,115.31990625237452,28.9,122.22,113.94,0.02,0.7
2025-09-05 20:26:50.138054,BBV_INDEX,113.52,114.58,113.09,113.1,4114249,117.77900000000002,115.23285110522258,29.92,122.44,113.11,-0.28,0.51
2025-09-06 20:26:50.138054,BBV_INDEX,111.25,112.25,110.5,111.75,9218672,117.51050000000001,115.09626870893933,33.0,122.9,112.12,-0.62,0.28
2025-09-07 20:26:50.138054,BBV_INDEX,111.9,112.06,110.77,111.85,2959964,117.186,114.96896405368682,26.23,123.12,111.25,-0.87,0.05
2025-09-08 20:26:50.138054,BBV_INDEX,110.56,112.0,109.68,111.15,8439495,116.78200000000001,114.8192007574638,26.11,123.21,110.36,-1.11,-0.18
2025-09-09 20:26:50.138054,BBV_INDEX,110.42,112.15,109.63,111.07,4565523,116.31599999999999,114.67217327677895,29.44,122.99,109.65,-1.3,-0.41
2025-09-10 20:26:50.138054,BBV_INDEX,112.43,112.67,111.27,112.12,7291402,115.81350000000002,114.57208805023859,38.74,122.13,109.49,-1.34,-0.59
2025-09-11 20:26:50.138054,BBV_INDEX,114.69,114.71,114.08,114.36,3528707,115.47849999999998,114.56377087179787,40.38,121.32,109.64,-1.18,-0.71
2025-09-12 20:26:50.138054,BBV_INDEX,117.62,117.39,115.28,116.9,3223270,115.43050000000001,114.65538770035481,48.41,121.2,109.66,-0.84,-0.74
2025-09-13 20:26:50.138054,BBV_INDEX,117.48,119.08,116.17,117.13,4926401,115.3065,114.75243131994874,47.44,120.8,109.81,-0.55,-0.7
2025-09-14 20:26:50.138054,BBV_INDEX,117.42,118.19,116.7,117.52,8275341,115.2335,114.8609634250488,43.72,120.56,109.91,-0.28,-0.61
2025-09-15 20:26:50.138054,BBV_INDEX,117.25,118.36,116.54,116.74,6876589,115.21799999999999,114.93465113387042,44.59,120.52,109.91,-0.13,-0.52
2025-09-16 20:26:50.138054,BBV_INDEX,118.0,118.69,118.32,118.42,6650158,115.378,115.07133148156177,56.45,120.87,109.88,0.12,-0.39
2025-09-17 20:26:50.138054,BBV_INDEX,120.8,122.33,120.85,121.01,6502056,115.57450000000001,115.30422044306916,68.26,121.58,109.57,0.53,-0.21
2025-09-18 20:26:50.138054,BBV_INDEX,120.11,120.6,119.3,120.06,9175730,115.7065,115.49072160216448,71.7,121.99,109.42,0.76,-0.01
2025-09-19 20:26:50.138054,BBV_INDEX,121.16,122.16,121.23,121.39,8358288,115.8785,115.72206585306,75.89,122.6,109.16,1.04,0.2
2025-09-20 20:26:50.138054,BBV_INDEX,120.79,122.12,119.77,120.88,6840001,115.95250000000001,115.92433778039099,80.09,122.87,109.04,1.21,0.4
2025-09-21 20:26:50.138054,BBV_INDEX,120.23,120.95,120.51,120.64,4976447,116.06800000000001,116.10926571057173,78.71,123.22,108.91,1.31,0.58
2025-09-22 20:26:50.138054,BBV_INDEX,121.44,121.07,120.46,120.99,7290261,116.2905,116.3006670552552,82.89,123.77,108.81,1.4,0.75
2025-09-23 20:26:50.138054,BBV_INDEX,121.07,121.08,118.76,120.37,6118317,116.548,116.46024873936284,80.0,124.23,108.87,1.4,0.88
2025-09-24 20:26:50.138054,BBV_INDEX,122.46,122.86,121.39,121.92,6685036,116.96850000000002,116.67435663193685,80.62,124.87,109.07,1.52,1.01
2025-09-25 20:26:50.138054,BBV_INDEX,120.36,120.04,118.42,119.46,2727464,117.2865,116.78359754833149,65.72,125.04,109.53,1.39,1.08
2025-09-26 20:26:50.138054,BBV_INDEX,118.82,118.71,118.3,118.36,5027914,117.61699999999999,116.84541725231848,54.94,124.93,110.31,1.19,1.1
2025-09-27 20:26:50.138054,BBV_INDEX,118.6,119.16,117.12,118.21,3178866,117.93499999999999,116.89893030124718,53.67,124.72,111.15,1.0,1.08
2025-09-28 20:26:50.138054,BBV_INDEX,115.94,116.58,116.13,116.55,2530198,118.205,116.8852467600218,46.96,124.25,112.16,0.72,1.01
2025-09-29 20:26:50.138054,BBV_INDEX,117.27,117.78,114.57,117.18,3256543,118.51050000000001,116.89680571060919,51.39,123.57,113.45,0.53,0.91
2025-09-30 20:26:50.138054,BBV_INDEX,114.12,116.0,114.41,114.79,8779649,118.64399999999998,116.8141858788206,39.02,123.1,114.19,0.19,0.77
2025-10-01 20:26:50.138054,BBV_INDEX,115.42,115.9,114.82,114.92,3643951,118.672,116.73990407965115,28.36,123.02,114.32,-0.07,0.6
2025-10-02 20:26:50.138054,BBV_INDEX,112.79,112.74,111.85,112.7,9784486,118.46200000000002,116.58147646868444,26.01,123.52,113.41,-0.45,0.39
2025-10-03 20:26:50.138054,BBV_INDEX,112.46,113.12,111.76,112.51,1442484,118.231,116.42181072481446,18.73,123.93,112.54,-0.75,0.16
2025-10-04 20:26:50.138054,BBV_INDEX,113.16,113.37,113.05,113.35,3790825,118.0225,116.30134755913546,24.09,124.12,111.93,-0.92,-0.05
2025-10-05 20:26:50.138054,BBV_INDEX,116.59,117.28,115.35,116.91,4349507,118.03100000000002,116.32521628230663,39.55,124.12,111.94,-0.75,-0.19
2025-10-06 20:26:50.138054,BBV_INDEX,118.66,120.22,118.07,118.71,3643059,118.04549999999999,116.41873721241225,44.09,124.14,111.95,-0.47,-0.25
2025-10-07 20:26:50.138054,BBV_INDEX,121.3,122.29,120.85,121.45,4801535,118.0675,116.61604163545492,52.52,124.21,111.93,-0.03,-0.2
2025-10-08 20:26:50.138054,BBV_INDEX,121.78,122.77,121.14,121.61,3606257,118.14500000000001,116.81188313994689,49.23,124.43,111.86,0.34,-0.1
2025-10-09 20:26:50.138054,BBV_INDEX,124.63,125.73,124.88,125.28,3628062,118.3395,117.14396615406662,63.7,125.26,111.42,0.91,0.11
2025-10-10 20:26:50.138054,BBV_INDEX,124.68,125.49,124.71,124.91,8189525,118.54099999999998,117.44851650096598,65.97,125.98,111.1,1.32,0.35
2025-10-11 20:26:50.138054,BBV_INDEX,125.26,125.71,122.48,124.52,6052205,118.73499999999999,117.72582957935947,65.2,126.6,110.87,1.59,0.6
2025-10-12 20:26:50.138054,BBV_INDEX,121.4,123.18,120.89,122.37,7507039,118.804,117.90795390958067,63.7,126.77,110.83,1.61,0.8
2025-10-13 20:26:50.138054,BBV_INDEX,122.57,123.38,122.61,122.8,6278926,118.92549999999999,118.099798854303,63.36,127.07,110.78,1.65,0.97
2025-10-14 20:26:50.138054,BBV_INDEX,124.01,124.69,123.29,124.65,8875931,119.06199999999998,118.3566694874676,74.05,127.5,110.62,1.81,1.14
2025-10-15 20:26:50.138054,BBV_INDEX,123.79,124.08,122.7,123.61,5207586,119.2695,118.56268244874337,70.29,127.95,110.59,1.83,1.28
2025-10-16 20:26:50.138054,BBV_INDEX,123.38,123.9,121.11,123.02,1160475,119.50250000000001,118.73747921545933,76.09,128.33,110.67,1.77,1.37
2025-10-17 20:26:50.138054,BBV_INDEX,122.09,122.84,121.38,122.28,1865238,119.70599999999999,118.87640159916681,74.03,128.6,110.82,1.65,1.43
2025-10-18 20:26:50.138054,BBV_INDEX,121.4,121.82,121.19,121.76,5851379,119.9665,118.98948388939557,71.01,128.77,111.16,1.5,1.44
2025-10-19 20:26:50.138054,BBV_INDEX,120.68,121.76,120.76,120.82,9809712,120.14850000000001,119.06126883490947,61.24,128.86,111.43,1.28,1.41
2025-10-20 20:26:50.138054,BBV_INDEX,119.05,119.56,118.59,118.62,8233067,120.34,119.04396417471695,49.75,128.72,111.96,0.93,1.31
2025-10-21 20:26:50.138054,BBV_INDEX,120.58,121.54,118.99,120.96,6108412,120.64200000000001,119.11910283453197,48.59,128.63,112.66,0.82,1.22
2025-10-22 20:26:50.138054,BBV_INDEX,117.61,118.99,116.76,117.75,5469051,120.8945,119.06541252729542,40.56,128.1,113.69,0.48,1.07
2025-10-23 20:26:50.138054,BBV_INDEX,116.78,118.79,115.08,116.29,2058228,121.0835,118.95657282034267,25.34,127.52,114.64,0.08,0.87
2025-10-24 20:26:50.138054,BBV_INDEX,116.38,117.88,115.84,116.89,9368908,121.26050000000001,118.87553074895668,28.28,126.96,115.57,-0.18,0.66
2025-10-25 20:26:50.138054,BBV_INDEX,117.95,119.75,117.72,118.58,1707967,121.34399999999998,118.86394130782114,34.97,126.82,115.87,-0.25,0.48
2025-10-26 20:26:50.138054,BBV_INDEX,118.61,121.01,118.06,118.28,3890549,121.32250000000002,118.8410416486909,38.58,126.84,115.8,-0.32,0.32
2025-10-27 20:26:50.138054,BBV_INDEX,118.47,119.44,117.21,117.87,6578405,121.14349999999999,118.80296158403637,36.22,126.87,115.41,-0.41,0.17
2025-10-28 20:26:50.138054,BBV_INDEX,118.34,118.16,117.93,117.99,6328206,120.9625,118.77108073760357,29.39,126.86,115.07,-0.46,0.05
2025-10-29 20:26:50.138054,BBV_INDEX,118.7,118.85,116.76,117.61,2556695,120.579,118.72554815965833,30.65,126.28,114.87,-0.53,-0.07
2025-10-30 20:26:50.138054,BBV_INDEX,118.6,119.95,118.79,119.09,9841215,120.28800000000001,118.73984038869135,38.01,125.65,114.93,-0.46,-0.15
2025-10-31 20:26:50.138054,BBV_INDEX,118.05,119.71,117.15,118.34,4718325,119.979,118.72416037344856,37.99,125.01,114.95,-0.46,-0.21
2025-11-01 20:26:50.138054,BBV_INDEX,116.97,118.42,116.05,116.78,6063056,119.69949999999999,118.64791879017606,35.72,124.79,114.6,-0.58,-0.28
2025-11-02 20:26:50.138054,BBV_INDEX,115.0,117.77,113.99,116.06,3017461,119.3625,118.54643177879662,36.18,124.49,114.24,-0.72,-0.37
2025-11-03 20:26:50.138054,BBV_INDEX,116.03,117.15,115.48,116.26,6685266,118.94300000000001,118.45676778747126,42.25,123.6,114.29,-0.81,-0.46
2025-11-04 20:26:50.138054,BBV_INDEX,119.27,118.49,117.11,118.31,9029322,118.678,118.45101218796259,41.13,122.78,114.57,-0.7,-0.51
2025-11-05 20:26:50.138054,BBV_INDEX,121.61,121.61,118.17,121.0,9725606,118.577,118.55097249431701,61.28,122.32,114.84,-0.4,-0.49
2025-11-06 20:26:50.138054,BBV_INDEX,119.87,120.43,120.07,120.38,3834115,118.48200000000001,118.62269906316732,65.07,121.91,115.06,-0.21,-0.43
2025-11-07 20:26:50.138054,BBV_INDEX,119.04,118.34,117.52,118.01,3014956,118.2945,118.59867164892546,53.65,121.36,115.23,-0.24,-0.39
2025-11-08 20:26:50.138054,BBV_INDEX,116.51,116.05,113.86,115.81,6315272,118.04399999999998,118.48931197641859,41.26,121.05,115.03,-0.44,-0.4
2025-11-09 20:26:50.138054,BBV_INDEX,119.45,121.05,118.31,119.32,1138802,118.079,118.52188797734335,52.73,121.13,115.02,-0.32,-0.39
2025-11-10 20:26:50.138054,BBV_INDEX,118.44,119.37,117.86,118.7,3076107,117.96599999999998,118.52887276254557,52.15,120.72,115.21,-0.26,-0.36
2025-11-11 20:26:50.138054,BBV_INDEX,119.84,120.2,119.42,119.5,8410210,118.05349999999999,118.56695618362222,53.78,120.89,115.21,-0.15,-0.32
2025-11-12 20:26:50.138054,BBV_INDEX,123.47,123.71,121.84,122.76,6196330,118.377,118.73138927446057,61.28,121.79,114.97,0.2,-0.21
2025-11-13 20:26:50.138054,BBV_INDEX,121.72,122.91,121.04,121.66,6998869,118.6155,118.84623675389348,55.72,122.25,114.98,0.38,-0.1
2025-11-14 20:26:50.138054,BBV_INDEX,120.99,122.35,120.26,121.38,5567032,118.75550000000001,118.94560001844668,56.92,122.59,114.92,0.49,0.02
2025-11-15 20:26:50.138054,BBV_INDEX,120.72,120.58,120.04,120.45,1668693,118.86399999999999,119.00459609615466,58.59,122.77,114.96,0.51,0.12
2025-11-16 20:26:50.138054,BBV_INDEX,118.89,118.75,118.56,118.68,7979467,118.90450000000001,118.99186683748194,55.85,122.78,115.03,0.37,0.17
2025-11-17 20:26:50.138054,BBV_INDEX,119.33,121.43,119.74,120.05,8019861,119.00749999999998,119.03336225561989,58.04,122.89,115.12,0.36,0.21
2025-11-18 20:26:50.138054,BBV_INDEX,121.21,123.17,121.21,121.88,1204849,119.221,119.14499510834068,57.64,123.25,115.19,0.5,0.27
2025-11-19 20:26:50.138054,BBV_INDEX,118.33,118.87,115.93,118.8,9858406,119.2065,119.13146588840576,45.37,123.24,115.18,0.36,0.28
2025-11-20 20:26:50.138054,BBV_INDEX,120.84,121.88,120.24,120.47,9618507,119.31299999999999,119.18395742219377,50.18,123.36,115.27,0.38,0.3
2025-11-21 20:26:50.138054,BBV_INDEX,119.56,121.11,119.76,120.13,5399860,119.4805,119.22105713112734,54.66,123.36,115.6,0.36,0.32
2025-11-22 20:26:50.138054,BBV_INDEX,120.36,120.73,119.6,120.48,3726846,119.70150000000001,119.27042743971057,61.17,123.25,116.15,0.37,0.33
2025-11-23 20:26:50.138054,BBV_INDEX,120.98,121.75,120.25,120.86,2261167,119.9315,119.33276361854546,54.33,123.12,116.74,0.41,0.34
2025-11-24 20:26:50.138054,BBV_INDEX,118.25,119.61,118.72,118.73,1673156,119.95250000000001,119.3091258295829,50.08,123.1,116.81,0.26,0.33
2025-11-25 20:26:50.138054,BBV_INDEX,117.77,118.9,117.71,118.27,6018113,119.816,119.26837579705024,46.75,123.01,116.62,0.1,0.28
2025-11-26 20:26:50.138054,BBV_INDEX,116.28,117.61,115.33,116.7,8569496,119.63199999999999,119.16765517755807,32.44,123.1,116.16,-0.15,0.19
2025-11-27 20:26:50.138054,BBV_INDEX,119.73,120.35,119.46,119.88,3403351,119.72550000000001,119.19559026863423,45.4,123.11,116.34,-0.09,0.14
2025-11-28 20:26:50.138054,BBV_INDEX,123.12,124.39,121.77,123.62,1664755,120.11600000000001,119.36909653260936,54.91,123.4,116.83,0.26,0.16
2025-11-29 20:26:50.138054,BBV_INDEX,124.69,124.19,123.46,123.81,3319308,120.34049999999999,119.54324960976194,57.62,123.99,116.69,0.55,0.24
2025-11-30 20:26:50.138054,BBV_INDEX,122.07,122.71,121.8,121.85,2298508,120.498,119.63371040937913,57.12,124.12,116.88,0.61,0.31
2025-12-01 20:26:50.138054,BBV_INDEX,124.36,123.98,123.51,123.86,7943513,120.71600000000001,119.79944725607015,58.32,124.6,116.83,0.81,0.41
2025-12-02 20:26:50.138054,BBV_INDEX,123.06,123.69,123.39,123.58,8762766,120.75699999999999,119.94770422642034,53.98,124.75,116.77,0.93,0.52
2025-12-03 20:26:50.138054,BBV_INDEX,126.13,127.81,126.48,126.66,1425136,121.00700000000002,120.21093151165877,68.42,125.78,116.23,1.26,0.67
2025-12-04 20:26:50.138054,BBV_INDEX,129.55,130.74,128.71,130.21,2379073,121.44850000000001,120.6030518445349,70.97,127.76,115.14,1.79,0.89
2025-12-05 20:26:50.138054,BBV_INDEX,132.78,133.87,131.83,133.32,5720015,122.09200000000001,121.10175569376884,75.38,130.31,113.88,2.44,1.2
2025-12-06 20:26:50.138054,BBV_INDEX,132.96,132.85,132.09,132.64,5450588,122.78999999999999,121.55423586264065,73.1,132.09,113.49,2.86,1.53
2025-12-07 20:26:50.138054,BBV_INDEX,131.44,131.56,129.98,130.87,6532818,123.33100000000002,121.91955994645866,68.06,133.2,113.46,3.02,1.83
2025-12-08 20:26:50.138054,BBV_INDEX,130.27,130.27,129.17,129.72,4159802,123.723,122.22545955640147,70.56,133.96,113.48,3.01,2.07
2025-12-09 20:26:50.138054,BBV_INDEX,130.02,129.89,129.04,129.59,1280976,124.2625,122.51426506399358,71.44,134.55,113.98,2.96,2.24
2025-12-10 20:26:50.138054,BBV_INDEX,126.9,128.67,126.96,127.99,4596013,124.6385,122.72899976736637,71.36,134.89,114.39,2.77,2.35
2025-12-11 20:26:50.138054,BBV_INDEX,129.93,130.53,128.98,130.18,1524246,125.141,123.02119585492065,70.24,135.45,114.84,2.75,2.43
2025-12-12 20:26:50.138054,BBV_INDEX,131.6,132.57,130.66,131.42,7503971,125.68799999999999,123.35056072335514,67.0,136.11,115.26,2.81,2.51
2025-12-13 20:26:50.138054,BBV_INDEX,131.77,133.74,129.21,131.41,2554933,126.21549999999999,123.66661716557651,66.7,136.68,115.75,2.82,2.57
2025-12-14 20:26:50.138054,BBV_INDEX,130.61,131.37,129.3,130.73,3257778,126.8155,123.94361257084802,70.67,136.84,116.79,2.75,2.6
2025-12-15 20:26:50.138054,BBV_INDEX,132.13,132.94,131.86,131.96,7186854,127.5,124.25798070532457,69.57,136.92,118.08,2.75,2.63
2025-12-16 20:26:50.138054,BBV_INDEX,134.49,134.94,133.28,134.56,5930548,128.393,124.66198146197851,73.85,136.84,119.95,2.94,2.7
2025-12-17 20:26:50.138054,BBV_INDEX,130.93,131.43,130.73,131.06,5758850,128.952,124.91288414974407,59.39,136.45,121.46,2.77,2.71
2025-12-18 20:26:50.138054,BBV_INDEX,131.8,131.98,131.31,131.53,9311923,129.3475,125.1723788889698,53.24,136.49,122.21,2.64,2.7
2025-12-19 20:26:50.138054,BBV_INDEX,130.59,131.82,130.99,131.04,6014827,129.709,125.40248167763765,43.57,136.38,123.03,2.47,2.65
2025-12-20 20:26:50.138054,BBV_INDEX,129.41,130.21,129.58,129.74,4326068,130.1035,125.57258043537736,42.1,135.66,124.55,2.2,2.56
2025-12-21 20:26:50.138054,BBV_INDEX,129.33,130.36,128.45,129.18,3664378,130.3695,125.71404786928413,45.07,135.12,125.62,1.93,2.43
2025-12-22 20:26:50.138054,BBV_INDEX,129.59,132.36,128.85,129.47,6050937,130.66400000000002,125.86134010970436,49.23,134.22,127.1,1.71,2.29
2025-12-23 20:26:50.138054,BBV_INDEX,132.93,133.73,130.86,132.92,6656448,130.977,126.13815030148066,58.49,134.13,127.82,1.8,2.19
2025-12-24 20:26:50.138054,BBV_INDEX,133.5,133.33,132.61,133.07,4383956,131.11999999999998,126.40998754455985,63.99,134.39,127.85,1.86,2.13
2025-12-25 20:26:50.138054,BBV_INDEX,132.04,133.4,129.89,132.33,2248408,131.07049999999998,126.64214489575359,56.43,134.22,127.92,1.82,2.06
2025-12-26 20:26:50.138054,BBV_INDEX,130.27,130.72,128.8,130.15,9924939,130.946,126.77970784101817,46.4,134.03,127.86,1.6,1.97
2025-12-27 20:26:50.138054,BBV_INDEX,132.18,132.36,131.59,131.6,4884978,130.9825,126.96873890607628,50.5,134.08,127.88,1.53,1.88
2025-12-28 20:26:50.138054,BBV_INDEX,129.91,131.45,129.99,130.29,8789337,131.01100000000002,127.09898443917133,48.88,134.07,127.95,1.35,1.78
2025-12-29 20:26:50.138054,BBV_INDEX,129.93,130.63,129.73,130.13,2582904,131.03799999999998,127.21784779449796,45.09,134.06,128.02,1.18,1.66
2025-12-30 20:26:50.138054,BBV_INDEX,132.14,131.66,131.33,131.48,5550564,131.2125,127.38499101824314,41.15,133.87,128.55,1.14,1.55
2025-12-31 20:26:50.138054,BBV_INDEX,131.44,133.38,129.87,131.62,5764618,131.28449999999998,127.55106980184145,51.99,133.91,128.66,1.1,1.46
2026-01-01 20:26:50.138054,BBV_INDEX,131.31,131.54,130.37,130.97,1934983,131.262,127.68514549588689,48.03,133.89,128.64,1.01,1.37
2026-01-02 20:26:50.138054,BBV_INDEX,130.25,130.72,130.51,130.7,4401879,131.2265,127.80337508428349,48.79,133.86,128.59,0.91,1.28
2026-01-03 20:26:50.138054,BBV_INDEX,132.03,133.63,131.13,132.39,2526435,131.30949999999999,127.98324272803707,59.21,133.98,128.64,0.95,1.21
2026-01-04 20:26:50.138054,BBV_INDEX,131.74,132.78,131.79,132.41,4022534,131.332,128.15684105242778,61.66,134.04,128.63,0.98,1.17
2026-01-05 20:26:50.138054,BBV_INDEX,132.18,133.0,131.21,132.9,6863625,131.249,128.3428472856659,62.21,133.62,128.88,1.03,1.14
2026-01-06 20:26:50.138054,BBV_INDEX,134.33,134.33,132.86,133.74,4233320,131.38299999999998,128.55450033328685,53.58,134.0,128.77,1.12,1.14
2026-01-07 20:26:50.138054,BBV_INDEX,133.1,134.87,132.59,133.17,7737608,131.465,128.7355003202168,50.42,134.2,128.73,1.13,1.13
2026-01-08 20:26:50.138054,BBV_INDEX,133.46,135.05,132.45,133.82,5994791,131.604,128.93489246452202,56.33,134.52,128.69,1.18,1.14
2026-01-09 20:26:50.138054,BBV_INDEX,133.85,133.63,132.93,133.36,2766512,131.785,129.1084260933643,65.97,134.66,128.91,1.17,1.15
2026-01-10 20:26:50.138054,BBV_INDEX,135.63,135.91,135.24,135.53,3027524,132.10250000000002,129.36025252107552,68.25,135.17,129.04,1.32,1.18
2026-01-11 20:26:50.138054,BBV_INDEX,136.75,137.14,135.92,136.52,8052561,132.45499999999998,129.64102693201374,79.81,135.85,129.06,1.51,1.25
2026-01-12 20:26:50.138054,BBV_INDEX,133.39,133.53,131.91,133.34,8210064,132.476,129.78608469938575,61.92,135.89,129.06,1.38,1.27
2026-01-13 20:26:50.138054,BBV_INDEX,133.42,133.71,131.27,133.01,9434701,132.473,129.91251275039022,56.14,135.88,129.06,1.23,1.27
2026-01-14 20:26:50.138054,BBV_INDEX,134.35,135.24,133.54,135.12,3218186,132.6125,130.11672793664943,62.14,136.22,129.01,1.28,1.27
2026-01-15 20:26:50.138054,BBV_INDEX,133.97,134.93,132.95,134.77,5273953,132.8435,130.29920919403574,63.46,136.38,129.31,1.27,1.27
2026-01-16 20:26:50.138054,BBV_INDEX,133.8,134.67,134.01,134.04,9954244,132.96550000000002,130.44590687270102,61.45,136.49,129.44,1.19,1.25
2026-01-17 20:26:50.138054,BBV_INDEX,136.0,136.57,134.83,135.95,6777154,133.2485,130.66175366200687,62.03,136.77,129.72,1.27,1.26
2026-01-18 20:26:50.138054,BBV_INDEX,133.98,134.78,131.71,133.97,9348170,133.4405,130.7914888125164,54.65,136.66,130.22,1.15,1.24
2026-01-19 20:26:50.138054,BBV_INDEX,133.77,135.48,133.76,134.15,4110531,133.574,130.9231951335942,53.8,136.67,130.48,1.07,1.2
2026-01-20 20:26:50.138054,BBV_INDEX,135.54,136.77,134.06,135.3,3956527,133.758,131.0948345401199,54.65,136.8,130.72,1.08,1.18
2026-01-21 20:26:50.138054,BBV_INDEX,137.11,137.18,136.19,136.96,6282369,134.0575,131.32484102874267,60.62,137.12,130.99,1.21,1.18
2026-01-22 20:26:50.138054,BBV_INDEX,135.0,135.17,133.38,135.06,3260930,134.27550000000002,131.47131785114493,53.25,136.93,131.63,1.14,1.18
2026-01-23 20:26:50.138054,BBV_INDEX,132.72,133.53,132.32,132.8,6824729,134.296,131.52342303345299,48.66,136.89,131.7,0.9,1.12
2026-01-24 20:26:50.138054,BBV_INDEX,136.3,136.08,134.56,135.63,7900257,134.457,131.68446526743523,50.23,136.96,131.96,0.92,1.08
2026-01-25 20:26:50.138054,BBV_INDEX,134.07,135.31,133.86,134.23,4391402,134.52349999999998,131.78429015890836,44.79,136.92,132.13,0.82,1.03
2026-01-26 20:26:50.138054,BBV_INDEX,133.42,134.24,133.36,134.11,3382577,134.542,131.87549446640216,52.04,136.92,132.17,0.72,0.97
2026-01-27 20:26:50.138054,BBV_INDEX,138.14,140.24,137.46,138.76,4980827,134.8215,132.14547507556287,62.38,137.76,131.88,1.01,0.98
2026-01-28 20:26:50.138054,BBV_INDEX,138.45,139.06,136.87,137.92,3407143,135.0265,132.37192703338394,56.38,138.23,131.82,1.15,1.01
2026-01-29 20:26:50.138054,BBV_INDEX,133.68,133.85,132.82,133.82,8524113,135.04950000000002,132.42871420854536,48.15,138.21,131.89,0.92,0.99
2026-01-30 20:26:50.138054,BBV_INDEX,139.29,139.28,138.65,139.15,6588342,135.2305,132.69229404350438,58.43,138.89,131.57,1.16,1.03
2026-01-31 20:26:50.138054,BBV_INDEX,141.37,142.79,140.5,141.17,4509625,135.463,133.02475310062187,58.58,139.96,130.97,1.49,1.12
2026-02-01 20:26:50.138054,BBV_INDEX,141.91,143.35,141.26,141.92,7852594,135.892,133.3735863123622,63.62,141.11,130.67,1.8,1.25
2026-02-02 20:26:50.138054,BBV_INDEX,147.11,147.59,147.44,147.55,9851179,136.619,133.92952410403427,69.34,143.82,129.41,2.47,1.5
2026-02-03 20:26:50.138054,BBV_INDEX,147.38,148.9,146.76,147.45,2752571,137.2355,134.45973884505253,68.09,145.87,128.6,2.95,1.79
2026-02-04 20:26:50.138054,BBV_INDEX,150.87,151.81,148.03,150.49,5769734,138.0215,135.0883765374034,69.35,148.4,127.65,3.54,2.14
2026-02-05 20:26:50.138054,BBV_INDEX,150.02,150.65,147.8,150.58,2830535,138.8485,135.69589118299544,73.4,150.45,127.25,3.97,2.5
2026-02-06 20:26:50.138054,BBV_INDEX,150.07,150.53,149.71,150.06,7215229,139.554,136.259189567976,77.47,152.09,127.02,4.22,2.85
2026-02-07 20:26:50.138054,BBV_INDEX,151.46,153.13,150.39,151.44,3365393,140.4275,136.85451546727106,76.38,153.74,127.12,4.48,3.17
2026-02-08 20:26:50.138054,BBV_INDEX,152.6,154.58,152.86,153.36,4338047,141.388,137.50178937051533,81.37,155.54,127.24,4.78,3.5
2026-02-09 20:26:50.138054,BBV_INDEX,155.97,158.09,153.71,156.17,7777121,142.4315,138.23387606186768,83.24,157.72,127.14,5.19,3.83
2026-02-10 20:26:50.138054,BBV_INDEX,159.08,159.06,158.1,158.84,8532922,143.5255,139.04195935355912,82.18,160.23,126.82,5.66,4.2
2026-02-11 20:26:50.138054,BBV_INDEX,157.83,157.89,157.16,157.81,3326700,144.66299999999998,139.7779609475372,81.68,162.03,127.3,5.89,4.54
2026-02-12 20:26:50.138054,BBV_INDEX,157.16,158.81,156.89,157.69,9136693,145.9075,140.48039385155536,93.54,163.26,128.55,5.99,4.83
2026-02-13 20:26:50.138054,BBV_INDEX,162.87,163.33,159.93,162.04,6226572,147.228,141.32586860247474,93.3,165.29,129.16,6.34,5.13
2026-02-14 20:26:50.138054,BBV_INDEX,163.08,163.61,162.69,163.48,8364942,148.6905,142.19465806904435,93.15,167.06,130.32,6.66,5.44
2026-02-15 20:26:50.138054,BBV_INDEX,164.29,165.35,163.31,163.76,9998421,150.173,143.04035775261127,93.03,168.37,131.97,6.86,5.72
2026-02-16 20:26:50.138054,BBV_INDEX,167.27,167.26,166.45,166.91,7502756,151.5805,143.97642215446965,92.27,170.41,132.75,7.19,6.01
2026-02-17 20:26:50.138054,BBV_INDEX,170.28,171.44,169.37,170.25,5869291,153.197,145.00675854056888,93.61,172.63,133.77,7.63,6.34
2026-02-18 20:26:50.138054,BBV_INDEX,174.33,173.94,172.57,173.39,1100774,155.1755,146.1198268330956,93.64,174.35,136.0,8.14,6.7
2026-02-19 20:26:50.138054,BBV_INDEX,173.82,172.28,172.05,172.14,2781887,156.825,147.14022578081733,89.34,175.87,137.78,8.35,7.03
2026-02-20 20:26:50.138054,BBV_INDEX,171.95,172.4,170.59,171.29,9348744,158.33100000000002,148.08727575019705,88.28,176.93,139.74,8.35,7.29
2026-02-21 20:26:50.138054,BBV_INDEX,173.52,173.64,170.73,173.15,1568745,159.89249999999998,149.07012768156187,88.48,177.92,141.86,8.4,7.51
2026-02-22 20:26:50.138054,BBV_INDEX,176.3,177.75,175.15,176.11,6586621,161.32049999999998,150.13051483130454,88.89,179.75,142.89,8.58,7.73
2026-02-23 20:26:50.138054,BBV_INDEX,173.36,174.46,170.43,173.28,9483108,162.61200000000002,151.0383377790965,79.23,180.57,144.66,8.4,7.86
2026-02-24 20:26:50.138054,BBV_INDEX,171.3,172.96,171.71,172.25,7614813,163.7,151.87016767011232,74.27,181.19,146.21,8.08,7.91
2026-02-25 20:26:50.138054,BBV_INDEX,172.34,173.07,171.54,171.77,2658495,164.7595,152.65055325167657,75.78,181.46,148.06,7.7,7.86
2026-02-26 20:26:50.138054,BBV_INDEX,173.7,175.16,170.64,174.25,1478087,165.969,153.49759037906182,78.12,181.66,150.28,7.51,7.79
2026-02-27 20:26:50.138054,BBV_INDEX,170.08,173.48,170.65,171.72,2085437,166.983,154.21219467792213,67.52,181.27,152.69,7.08,7.65
2026-02-28 20:26:50.138054,BBV_INDEX,178.42,178.59,177.34,178.35,4171778,168.2325,155.15877527878794,72.66,181.86,154.6,7.18,7.56
2026-03-01 20:26:50.138054,BBV_INDEX,178.38,179.52,176.9,178.64,5639895,169.356,156.07960762079625,72.67,182.5,156.22,7.21,7.49
2026-03-02 20:26:50.138054,BBV_INDEX,179.2,181.49,178.88,180.25,6076105,170.4265,157.0274661454709,71.32,183.45,157.41,7.28,7.45
2026-03-03 20:26:50.138054,BBV_INDEX,186.58,186.59,183.66,185.98,2483639,171.835,158.1628596299622,73.36,185.2,158.47,7.7,7.5
2026-03-04 20:26:50.138054,BBV_INDEX,187.84,188.27,186.32,187.68,4022947,173.3345,159.3203945464343,72.17,186.75,159.92,8.08,7.61
2026-03-05 20:26:50.138054,BBV_INDEX,190.55,192.17,187.91,189.73,3967532,174.719,160.51292809363295,76.63,188.92,160.52,8.45,7.78
2026-03-06 20:26:50.138054,BBV_INDEX,189.07,189.73,189.23,189.35,2745872,176.0125,161.64379365858855,77.73,190.61,161.42,8.62,7.95
2026-03-07 20:26:50.138054,BBV_INDEX,190.43,193.07,188.81,190.67,5618317,177.358,162.78207626021253,77.36,192.16,162.56,8.75,8.11
2026-03-08 20:26:50.138054,BBV_INDEX,188.22,190.44,183.76,187.99,3762053,178.41199999999998,163.7706222892238,68.71,193.08,163.75,8.54,8.2
2026-03-09 20:26:50.138054,BBV_INDEX,188.59,188.03,184.68,187.88,5627756,179.2935,164.7160880818033,75.16,194.01,164.57,8.28,8.21
2026-03-10 20:26:50.138054,BBV_INDEX,188.22,188.09,188.03,188.06,2395941,180.027,165.63153560800708,78.06,194.97,165.09,7.99,8.17
2026-03-11 20:26:50.138054,BBV_INDEX,186.84,186.73,184.58,185.59,9251245,180.6995,166.41422048612446,72.91,195.35,166.04,7.47,8.03
2026-03-12 20:26:50.138054,BBV_INDEX,188.04,189.33,187.61,188.29,4487106,181.5495,167.27209419255095,73.11,195.88,167.22,7.2,7.86
2026-03-13 20:26:50.138054,BBV_INDEX,189.35,191.82,187.83,189.56,8603555,182.37,168.1461297144117,80.63,196.55,168.19,7.0,7.69
2026-03-14 20:26:50.138054,BBV_INDEX,184.36,185.26,184.47,184.83,6513602,182.80599999999998,168.80039913737596,61.9,196.71,168.9,6.39,7.43
2026-03-15 20:26:50.138054,BBV_INDEX,186.35,187.52,185.28,186.95,8092568,183.4895,169.5121481908122,64.3,196.75,170.23,6.01,7.15
2026-03-16 20:26:50.138054,BBV_INDEX,183.79,185.22,184.28,184.66,4447016,184.10999999999999,170.10618159509409,57.42,196.27,171.95,5.46,6.81
2026-03-17 20:26:50.138054,BBV_INDEX,185.18,188.81,185.62,186.25,2617760,184.834,170.73927251293355,50.53,195.54,174.13,5.09,6.47
2026-03-18 20:26:50.138054,BBV_INDEX,184.01,185.55,183.79,184.28,1507800,185.3355,171.27028143399497,43.43,194.82,175.85,4.59,6.09
2026-03-19 20:26:50.138054,BBV_INDEX,183.79,185.42,182.39,183.46,4640723,185.92249999999999,171.74830961305398,37.27,193.01,178.83,4.08,5.69
2026-03-20 20:26:50.138054,BBV_INDEX,185.77,185.11,183.87,184.62,3639586,186.23600000000002,172.2530817850911,40.69,192.41,180.06,3.72,5.29
2026-03-21 20:26:50.138054,BBV_INDEX,189.73,190.33,188.4,189.74,9349028,186.791,172.938843283715,48.41,192.01,181.57,3.81,5.0
2026-03-22 20:26:50.138054,BBV_INDEX,184.67,186.95,185.76,185.9,5471536,187.0735,173.44712393925556,46.56,191.33,182.82,3.53,4.7
2026-03-23 20:26:50.138054,BBV_INDEX,185.72,185.22,184.58,185.11,1261330,187.03,173.9044916279122,45.54,191.35,182.71,3.21,4.41
2026-03-24 20:26:50.138054,BBV_INDEX,183.73,185.45,182.11,184.33,8641676,186.8625,174.31333509348426,44.11,191.33,182.39,2.86,4.1
2026-03-25 20:26:50.138054,BBV_INDEX,187.8,190.87,187.17,187.24,6836222,186.738,174.8202631290339,52.57,191.01,182.47,2.78,3.83
2026-03-26 20:26:50.138054,BBV_INDEX,186.84,187.22,185.26,186.7,4788656,186.6055,175.2861351631894,47.34,190.69,182.52,2.65,3.6
2026-03-27 20:26:50.138054,BBV_INDEX,187.49,189.67,186.84,187.87,6528837,186.4655,175.77962005875062,47.17,190.14,182.79,2.6,3.4
2026-03-28 20:26:50.138054,BBV_INDEX,191.19,191.73,189.89,191.47,8531426,186.63950000000003,176.39492907605452,61.57,190.9,182.38,2.83,3.28
2026-03-29 20:26:50.138054,BBV_INDEX,193.2,195.41,193.48,193.61,6161731,186.926,177.0700298966014,61.59,192.19,181.66,3.14,3.25
2026-03-30 20:26:50.138054,BBV_INDEX,193.09,192.97,192.52,192.6,5182869,187.15300000000002,177.6790483320288,64.47,192.98,181.32,3.27,3.26
2026-03-31 20:26:50.138054,BBV_INDEX,190.99,191.97,188.32,191.55,8017680,187.451,178.22300722096884,59.85,193.55,181.35,3.25,3.26
2026-04-01 20:26:50.138054,BBV_INDEX,190.71,193.35,188.75,190.94,5978093,187.58350000000002,178.72171282014654,63.04,193.87,181.3,3.15,3.24
2026-04-02 20:26:50.138054,BBV_INDEX,190.98,191.65,190.03,191.45,4394103,187.678,179.22086133700353,65.83,194.14,181.21,3.08,3.2
2026-04-03 20:26:50.138054,BBV_INDEX,188.81,190.0,188.77,189.29,7581838,187.901,179.61572951986616,58.9,194.26,181.54,2.81,3.13
2026-04-04 20:26:50.138054,BBV_INDEX,189.8,192.61,187.87,189.24,6483696,188.0155,179.9931518916361,48.82,194.38,181.65,2.57,3.01
2026-04-05 20:26:50.138054,BBV_INDEX,191.78,193.76,190.75,190.86,4700025,188.3255,180.41930279784648,63.09,194.61,182.04,2.48,2.91
2026-04-06 20:26:50.138054,BBV_INDEX,189.47,190.64,186.2,189.73,3669922,188.4995,180.78442817832308,61.98,194.73,182.27,2.29,2.78
2026-04-07 20:26:50.138054,BBV_INDEX,188.7,189.29,187.34,188.58,7156669,188.7145,181.0901368772124,60.81,194.62,182.8,2.02,2.63
2026-04-08 20:26:50.138054,BBV_INDEX,190.15,189.65,187.08,189.42,5572683,189.0125,181.41679817614525,56.2,194.38,183.64,1.86,2.48
2026-04-09 20:26:50.138054,BBV_INDEX,192.23,193.08,190.65,191.63,4191195,189.363,181.81731589472778,62.81,194.43,184.29,1.88,2.36
2026-04-10 20:26:50.138054,BBV_INDEX,187.83,188.74,186.7,188.2,7542509,189.286,182.06761723218943,50.77,194.38,184.19,1.61,2.21
2026-04-11 20:26:50.138054,BBV_INDEX,186.36,186.98,184.58,185.75,9349141,189.2785,182.21202439955456,35.95,194.39,184.16,1.18,2.0
2026-04-12 20:26:50.138054,BBV_INDEX,189.25,190.76,188.74,189.17,4536192,189.4815,182.48488618780732,39.74,194.21,184.76,1.1,1.82
2026-04-13 20:26:50.138054,BBV_INDEX,188.25,189.77,188.84,189.21,4772077,189.7255,182.74861614122662,41.8,193.79,185.66,1.03,1.66
2026-04-14 20:26:50.138054,BBV_INDEX,186.16,186.68,185.93,186.44,6310607,189.6855,182.89337629255107,38.59,193.87,185.51,0.74,1.48
2026-04-15 20:26:50.138054,BBV_INDEX,186.13,187.24,185.69,186.84,3186401,189.6925,183.04814584970592,40.76,193.85,185.53,0.54,1.29
2026-04-16 20:26:50.138054,BBV_INDEX,191.49,193.09,189.37,191.07,1433728,189.85250000000002,183.36272836540374,49.27,193.96,185.74,0.72,1.18
2026-04-17 20:26:50.138054,BBV_INDEX,190.1,190.25,188.68,189.53,5992249,189.75549999999998,183.60458215499577,50.47,193.8,185.72,0.72,1.09
2026-04-18 20:26:50.138054,BBV_INDEX,187.83,187.2,186.97,187.11,7083308,189.4305,183.74204952146653,46.15,193.2,185.66,0.52,0.97
2026-04-19 20:26:50.138054,BBV_INDEX,186.39,188.52,184.79,186.55,1037372,189.12800000000001,183.85216522650705,41.9,192.8,185.46,0.32,0.84
2026-04-20 20:26:50.138054,BBV_INDEX,190.4,191.23,189.12,190.8,4801370,189.0905,184.12462933527146,51.8,192.67,185.51,0.49,0.77
2026-04-21 20:26:50.138054,BBV_INDEX,188.95,190.28,187.63,189.16,4582694,189.00150000000002,184.32209485153533,50.96,192.47,185.53,0.49,0.72
2026-04-22 20:26:50.138054,BBV_INDEX,190.67,191.0,189.51,190.63,9678246,188.9605,184.56946368088688,51.96,192.33,185.59,0.61,0.69
2026-04-23 20:26:50.138054,BBV_INDEX,192.86,194.0,192.84,193.39,9243402,189.1655,184.91536706595016,52.8,193.08,185.26,0.91,0.74
2026-04-24 20:26:50.138054,BBV_INDEX,195.41,198.57,193.23,195.14,6998240,189.4605,185.31633306336389,61.68,194.2,184.72,1.27,0.84
2026-04-25 20:26:50.138054,BBV_INDEX,195.01,194.47,193.64,194.3,6527028,189.6325,185.6686337275457,65.22,194.81,184.45,1.48,0.97
2026-04-26 20:26:50.138054,BBV_INDEX,194.77,197.97,195.01,196.13,3682811,189.9525,186.078883385289,63.13,195.89,184.01,1.76,1.13
2026-04-27 20:26:50.138054,BBV_INDEX,197.33,198.76,194.14,196.67,1654735,190.357,186.49422129174826,63.81,196.97,183.75,2.01,1.31
2026-04-28 20:26:50.138054,BBV_INDEX,199.65,199.59,198.84,198.97,2250483,190.8345,186.9834675156013,73.61,198.46,183.21,2.37,1.52
2026-04-29 20:26:50.138054,BBV_INDEX,199.13,201.63,198.33,200.13,3124094,191.2595,187.49901780910713,74.35,199.95,182.57,2.72,1.76
2026-04-30 20:26:50.138054,BBV_INDEX,203.99,201.28,199.89,200.61,1098612,191.88,188.01317397345588,70.26,201.38,182.38,2.99,2.0
2026-05-01 20:26:50.138054,BBV_INDEX,196.61,196.13,194.23,195.93,3408504,192.38899999999998,188.32363773920272,61.99,201.59,183.18,2.8,2.16
2026-05-02 20:26:50.138054,BBV_INDEX,198.02,198.95,196.16,197.76,1882729,192.8185,188.69369116119478,70.41,202.19,183.45,2.77,2.29
2026-05-03 20:26:50.138054,BBV_INDEX,196.32,199.79,196.95,197.53,4358270,193.23449999999997,189.04021307644206,71.31,202.67,183.8,2.69,2.37
2026-05-04 20:26:50.138054,BBV_INDEX,192.16,193.31,191.34,192.01,5265921,193.513,189.15667530873844,52.24,202.42,184.61,2.16,2.32
2026-05-05 20:26:50.138054,BBV_INDEX,192.02,192.07,191.0,191.97,4719063,193.7695,189.26700176721928,55.52,202.15,185.39,1.71,2.2
2026-05-06 20:26:50.138054,BBV_INDEX,193.24,195.73,191.13,192.83,8774751,193.8575,189.40672718811265,54.43,202.15,185.56,1.42,2.05
2026-05-07 20:26:50.138054,BBV_INDEX,192.23,192.74,192.13,192.59,1104055,194.0105,189.53156141602983,48.21,202.08,185.94,1.15,1.87
2026-05-08 20:26:50.138054,BBV_INDEX,185.5,187.23,185.12,186.27,3565805,193.9685,189.40365704677376,33.49,202.19,185.74,0.42,1.58
2026-05-09 20:26:50.138054,BBV_INDEX,183.67,185.08,184.14,184.48,5978854,193.86499999999998,189.2105724567042,32.35,202.52,185.21,-0.3,1.2
2026-05-10 20:26:50.138054,BBV_INDEX,182.27,184.16,181.03,182.11,7115015,193.4305,188.9321186348727,25.28,203.5,183.37,-1.05,0.75
2026-05-11 20:26:50.138054,BBV_INDEX,180.83,183.3,180.04,181.38,2545140,193.04149999999998,188.63595711977968,23.22,204.33,181.75,-1.68,0.27
2026-05-12 20:26:50.138054,BBV_INDEX,175.96,176.52,174.09,175.77,5574553,192.29850000000002,188.1314097817491,13.59,205.96,178.64,-2.61,-0.31
2026-05-13 20:26:50.138054,BBV_INDEX,177.67,177.49,176.12,176.53,4441469,191.45549999999997,187.67645253540604,12.49,206.81,176.1,-3.24,-0.9
2026-05-14 20:26:50.138054,BBV_INDEX,176.74,178.13,176.96,177.91,5187286,190.594,187.29345439676266,14.93,206.98,174.21,-3.59,-1.43
2026-05-15 20:26:50.138054,BBV_INDEX,179.2,179.97,177.75,179.4,4340272,189.849,186.98390716551705,21.67,206.87,172.83,-3.7,-1.89
2026-05-16 20:26:50.138054,BBV_INDEX,180.88,180.44,178.89,179.34,7832775,189.0095,186.68414610020267,16.39,206.37,171.64,-3.75,-2.26
2026-05-17 20:26:50.138054,BBV_INDEX,179.48,180.79,178.34,179.16,2913727,188.134,186.38908154725354,16.42,205.64,170.63,-3.77,-2.56
2026-05-18 20:26:50.138054,BBV_INDEX,183.02,182.78,180.48,181.75,1674868,187.273,186.2071567806946,28.99,204.22,170.33,-3.53,-2.76
2026-05-19 20:26:50.138054,BBV_INDEX,183.07,184.04,182.15,182.96,4789077,186.4145,186.07981729909875,32.4,202.32,170.5,-3.2,-2.84
2026-05-20 20:26:50.138054,BBV_INDEX,183.13,182.01,180.74,181.98,6100817,185.483,185.91904015011448,28.9,200.02,170.95,-2.99,-2.87
2026-05-21 20:26:50.138054,BBV_INDEX,183.57,182.9,182.42,182.81,7021381,184.827,185.79711700697274,31.41,198.53,171.12,-2.72,-2.84
2026-05-22 20:26:50.138054,BBV_INDEX,185.48,185.55,181.58,184.65,5587171,184.17149999999998,185.75213202630715,46.29,196.46,171.89,-2.34,-2.74
2026-05-23 20:26:50.138054,BBV_INDEX,186.96,191.37,187.76,187.82,9811106,183.686,185.83322488802062,57.2,194.42,172.96,-1.75,-2.54
2026-05-24 20:26:50.138054,BBV_INDEX,190.17,190.59,186.67,189.13,5751961,183.542,185.9625101865296,65.85,193.87,173.21,-1.17,-2.27
2026-05-25 20:26:50.138054,BBV_INDEX,187.22,188.15,186.42,187.17,3427219,183.302,186.00986272823434,62.39,193.01,173.59,-0.86,-1.99
2026-05-26 20:26:50.138054,BBV_INDEX,185.66,186.85,184.05,186.0,3786375,182.9605,186.00947595457808,77.02,191.69,174.23,-0.7,-1.73
2026-05-27 20:26:50.138054,BBV_INDEX,187.26,188.77,186.06,186.65,5921975,182.6635,186.03459454459463,76.89,190.36,174.97,-0.51,-1.49
2026-05-28 20:26:50.138054,BBV_INDEX,187.11,188.54,187.15,187.53,4510854,182.72650000000002,186.09323789578698,76.26,190.56,174.89,-0.29,-1.25
2026-05-29 20:26:50.138054,BBV_INDEX,189.41,190.82,188.54,190.27,5459034,183.01600000000002,186.25703248810908,77.77,191.52,174.51,0.1,-0.98
2026-05-30 20:26:50.138054,BBV_INDEX,185.57,185.92,184.68,185.49,8824847,183.185,186.22695278269305,62.66,191.75,174.62,0.03,-0.78
2026-05-31 20:26:50.138054,BBV_INDEX,184.53,184.78,182.68,183.76,4054188,183.304,186.13020953631295,58.9,191.83,174.78,-0.16,-0.65
2026-06-01 20:26:50.138054,BBV_INDEX,180.71,181.42,179.13,180.96,7064264,183.5635,185.92745622116342,48.48,191.41,175.71,-0.54,-0.63
2026-06-02 20:26:50.138054,BBV_INDEX,184.24,184.79,183.42,183.77,4249733,183.9255,185.8428500948433,51.46,191.04,176.81,-0.6,-0.62
2026-06-03 20:26:50.138054,BBV_INDEX,186.87,186.64,183.94,185.82,8484101,184.321,185.84195401269258,56.69,190.89,177.75,-0.48,-0.6
2026-06-04 20:26:50.138054,BBV_INDEX,186.75,187.88,184.83,186.77,1626211,184.6895,185.87834797297913,56.87,190.91,178.47,-0.3,-0.54
2026-06-05 20:26:50.138054,BBV_INDEX,188.89,189.03,188.95,188.96,9375840,185.1705,185.99919707207798,57.38,191.14,179.21,0.01,-0.43
2026-06-06 20:26:50.138054,BBV_INDEX,187.06,188.84,186.49,187.59,8948058,185.592,186.06158150062393,49.58,190.93,180.26,0.15,-0.31
2026-06-07 20:26:50.138054,BBV_INDEX,188.63,189.38,188.01,189.06,2723112,185.9575,186.17916653981516,49.87,191.18,180.73,0.37,-0.18
2026-06-08 20:26:50.138054,BBV_INDEX,189.24,189.71,189.23,189.32,4316486,186.27550000000002,186.30233647943027,54.16,191.51,181.04,0.57,-0.03
2026-06-09 20:26:50.138054,BBV_INDEX,187.77,189.82,189.55,189.67,6363471,186.66000000000003,186.43440171553104,57.33,191.69,181.63,0.74,0.13
2026-06-10 20:26:50.138054,BBV_INDEX,189.59,189.54,189.26,189.46,8537915,186.9925,186.5530526286475,55.71,191.83,182.16,0.85,0.27
2026-06-11 20:26:50.138054,BBV_INDEX,193.47,192.51,190.75,192.07,6818946,187.3635,186.76940350595544,58.62,192.57,182.16,1.13,0.44
2026-06-12 20:26:50.138054,BBV_INDEX,195.1,196.16,193.41,195.02,3344323,187.7235,187.09295630964348,58.95,193.95,181.49,1.58,0.67
2026-06-13 20:26:50.138054,BBV_INDEX,191.36,192.29,190.5,191.33,6857878,187.83350000000002,187.2591148857359,61.48,194.24,181.42,1.61,0.86
2026-06-14 20:26:50.138054,BBV_INDEX,189.54,190.4,189.84,190.05,3562575,187.97750000000002,187.36856136080507,62.59,194.45,181.5,1.52,0.99
2026-06-15 20:26:50.138054,BBV_INDEX,190.87,190.55,189.88,190.38,5679471,188.19650000000001,187.4866569937147,70.91,194.69,181.71,1.46,1.08
2026-06-16 20:26:50.138054,BBV_INDEX,191.74,193.77,191.05,191.99,5809110,188.4635,187.66325868023569,69.28,195.12,181.8,1.52,1.17
2026-06-17 20:26:50.138054,BBV_INDEX,189.29,188.01,186.8,187.89,9085854,188.4815,187.67215049669704,54.43,195.13,181.83,1.23,1.18
2026-06-18 20:26:50.138054,BBV_INDEX,185.97,186.65,185.0,185.62,7434087,188.249,187.5916740066305,47.67,194.96,181.54,0.8,1.11
2026-06-19 20:26:50.138054,BBV_INDEX,185.36,186.36,183.42,184.93,4136242,188.221,187.48729463382148,41.31,194.99,181.46,0.4,0.97
2026-06-20 20:26:50.138054,BBV_INDEX,189.81,189.68,187.29,189.53,9886571,188.5095,187.5674007266128,53.67,194.96,182.06,0.45,0.86
2026-06-21 20:26:50.138054,BBV_INDEX,187.08,189.79,185.89,187.38,2125122,188.8305,187.56005167851032,46.9,194.26,183.41,0.31,0.75
2026-06-22 20:26:50.138054,BBV_INDEX,184.56,187.78,184.68,186.46,5157771,188.965,187.5169123970001,44.85,193.98,183.95,0.13,0.63
2026-06-23 20:26:50.138054,BBV_INDEX,186.14,188.36,185.29,186.48,2003520,188.998,187.4762491657452,44.19,193.93,184.06,-0.02,0.5
2026-06-24 20:26:50.138054,BBV_INDEX,186.83,187.88,185.16,186.31,4986967,188.975,187.43051390434343,44.25,193.96,183.99,-0.14,0.37
2026-06-25 20:26:50.138054,BBV_INDEX,185.35,187.92,184.31,186.8,8880140,188.867,187.40578786887897,39.57,193.94,183.79,-0.2,0.26
2026-06-26 20:26:50.138054,BBV_INDEX,187.15,187.58,186.16,186.81,4928088,188.828,187.38242363872686,31.62,193.96,183.7,-0.24,0.16
2026-06-27 20:26:50.138054,BBV_INDEX,186.74,186.74,186.16,186.42,5672601,188.696,187.3446815352474,37.1,193.94,183.46,-0.3,0.07
2026-06-28 20:26:50.138054,BBV_INDEX,187.67,187.85,185.89,187.24,9975981,188.592,187.3405763770024,42.43,193.86,183.32,-0.28,-0.0
2026-06-29 20:26:50.138054,BBV_INDEX,188.18,188.66,187.54,188.04,8321700,188.5105,187.36800475437488,43.86,193.76,183.26,-0.2,-0.04
2026-06-30 20:26:50.138054,BBV_INDEX,189.3,189.83,187.77,189.11,1651756,188.493,187.436318293419,42.22,193.73,183.25,-0.05,-0.04
2026-07-01 20:26:50.138054,BBV_INDEX,189.97,191.2,189.54,190.25,5471052,188.402,187.5466587525006,57.59,193.44,183.36,0.16,-0.0
2026-07-02 20:26:50.138054,BBV_INDEX,188.18,187.49,187.25,187.31,9310824,188.0165,187.53737801710844,55.21,191.99,184.04,0.09,0.02
2026-07-03 20:26:50.138054,BBV_INDEX,186.82,188.26,187.39,187.85,1320965,187.8425,187.54963770271203,59.09,191.5,184.19,0.08,0.03
2026-07-04 20:26:50.138054,BBV_INDEX,187.48,188.9,187.08,188.34,6103731,187.757,187.58063230260566,45.02,191.27,184.24,0.11,0.04
2026-07-05 20:26:50.138054,BBV_INDEX,189.71,192.33,189.43,190.47,7878646,187.7615,187.6939408397584,62.95,191.29,184.23,0.3,0.1
2026-07-06 20:26:50.138054,BBV_INDEX,191.67,192.4,191.02,192.38,4639435,187.781,187.87770786565022,72.91,191.41,184.15,0.59,0.19
2026-07-07 20:26:50.138054,BBV_INDEX,197.16,196.75,196.01,196.62,1013426,188.2175,188.22054285131102,79.58,193.58,182.85,1.16,0.39
2026-07-08 20:26:50.138054,BBV_INDEX,194.37,195.21,194.21,194.58,5933342,188.6655,188.4699333277302,71.75,194.59,182.74,1.43,0.6
2026-07-09 20:26:50.138054,BBV_INDEX,194.98,194.39,192.84,194.33,1897855,189.1355,188.69973986389763,70.06,195.3,182.97,1.6,0.8
2026-07-10 20:26:50.138054,BBV_INDEX,193.99,196.22,194.36,195.01,5762311,189.4095,188.94720104570558,71.09,196.11,182.71,1.77,0.99
2026-07-11 20:26:50.138054,BBV_INDEX,193.07,195.74,192.36,193.43,4440571,189.712,189.1229970831289,66.99,196.57,182.85,1.76,1.15
2026-07-12 20:26:50.138054,BBV_INDEX,192.2,194.65,191.32,192.82,3815428,190.03,189.26797758967285,63.66,196.84,183.22,1.68,1.25
2026-07-13 20:26:50.138054,BBV_INDEX,191.98,194.75,189.45,191.95,5835712,190.30349999999999,189.37315493909745,59.54,196.95,183.65,1.53,1.31
2026-07-14 20:26:50.138054,BBV_INDEX,190.94,191.75,190.33,190.8,7550090,190.528,189.42910964736814,54.11,196.91,184.15,1.3,1.31
2026-07-15 20:26:50.138054,BBV_INDEX,197.14,197.78,196.25,196.97,6373223,191.0365,189.7248308376674,63.12,197.78,184.3,1.6,1.36
2026-07-16 20:26:50.138054,BBV_INDEX,196.34,197.67,193.2,196.88,5269439,191.54000000000002,190.0054257067785,71.03,198.45,184.63,1.81,1.45
2026-07-17 20:26:50.138054,BBV_INDEX,202.02,201.92,200.69,201.02,4685261,192.27,190.43736979670877,74.99,199.95,184.59,2.29,1.62
2026-07-18 20:26:50.138054,BBV_INDEX,198.51,198.79,196.43,198.79,2799635,192.8475,190.76492392232802,68.6,200.67,185.03,2.45,1.79
2026-07-19 20:26:50.138054,BBV_INDEX,200.31,200.05,199.04,199.67,3400690,193.429,191.11414259204068,67.14,201.47,185.39,2.63,1.96
2026-07-20 20:26:50.138054,BBV_INDEX,199.4,199.14,197.51,198.06,8967218,193.87650000000002,191.3865291570587,60.7,201.9,185.85,2.6,2.08
2026-07-21 20:26:50.138054,BBV_INDEX,200.16,201.66,197.95,199.11,2042579,194.3195,191.68941036658583,55.33,202.48,186.16,2.64,2.2
2026-07-22 20:26:50.138054,BBV_INDEX,202.78,204.23,202.52,203.85,4056537,195.1465,192.16629623456288,67.79,203.66,186.63,3.02,2.36
2026-07-23 20:26:50.138054,BBV_INDEX,210.96,211.53,207.6,209.5,9666463,196.22899999999998,192.84604932340355,74.12,206.21,186.24,3.73,2.63
2026-07-24 20:26:50.138054,BBV_INDEX,211.83,213.84,210.89,211.99,1238810,197.4115,193.59679248719164,75.53,208.94,185.88,4.44,3.0
2026-07-25 20:26:50.138054,BBV_INDEX,214.05,214.77,213.01,213.48,1297456,198.56199999999998,194.3765261151449,80.22,211.66,185.46,5.07,3.41
2026-07-26 20:26:50.138054,BBV_INDEX,213.74,214.81,212.39,213.64,7179365,199.625,195.13195646357062,81.82,214.0,185.25,5.52,3.83
2026-07-27 20:26:50.138054,BBV_INDEX,214.94,215.81,214.01,214.95,7050701,200.54149999999998,195.90913464146982,84.68,216.38,184.71,5.91,4.25
2026-07-28 20:26:50.138054,BBV_INDEX,219.27,219.26,218.33,219.2,8221193,201.77249999999998,196.82250191043178,89.16,219.38,184.16,6.49,4.7
2026-07-29 20:26:50.138054,BBV_INDEX,214.98,214.71,213.71,214.54,7096564,202.783,197.51730575708152,75.28,220.91,184.66,6.49,5.06
2026-07-30 20:26:50.138054,BBV_INDEX,214.53,214.98,212.63,213.8,9961448,203.7225,198.15584278621557,73.9,222.1,185.35,6.37,5.32
2026-07-31 20:26:50.138054,BBV_INDEX,210.34,211.97,210.29,211.14,1172844,204.608,198.66502542205026,64.92,222.6,186.62,5.98,5.45
2026-08-01 20:26:50.138054,BBV_INDEX,212.79,215.29,211.65,214.24,4656720,205.679,199.2758087388326,72.2,223.26,188.1,5.86,5.53
2026-08-02 20:26:50.138054,BBV_INDEX,210.4,212.48,210.13,210.8,3640553,206.62150000000003,199.72773780789802,64.9,223.09,190.15,5.42,5.51
2026-08-03 20:26:50.138054,BBV_INDEX,212.24,214.34,212.39,213.4,6554433,207.7515,200.26390495268635,70.01,222.68,192.83,5.23,5.45
2026-08-04 20:26:50.138054,BBV_INDEX,209.41,210.52,210.22,210.23,4983216,208.4145,200.65473220944375,63.74,222.48,194.35,4.76,5.32
2026-08-05 20:26:50.138054,BBV_INDEX,208.25,209.33,204.5,207.31,3990145,208.936,200.91572310319106,54.48,221.93,195.94,4.11,5.07
2026-08-06 20:26:50.138054,BBV_INDEX,212.28,211.84,210.88,211.79,9254149,209.47449999999998,201.34216533443848,53.06,221.97,196.98,3.91,4.84
2026-08-07 20:26:50.138054,BBV_INDEX,214.25,215.5,213.13,214.95,4294676,210.28249999999997,201.87580590955855,53.88,221.93,198.64,3.96,4.67
2026-08-08 20:26:50.138054,BBV_INDEX,211.92,213.13,209.79,212.5,9863277,210.92399999999998,202.2924409719288,48.75,221.47,200.38,3.76,4.48
2026-08-09 20:26:50.138054,BBV_INDEX,207.16,211.31,206.99,207.66,3408324,211.404,202.50293348283358,43.17,220.22,202.59,3.17,4.22
2026-08-10 20:26:50.138054,BBV_INDEX,204.76,208.29,204.08,205.17,7018324,211.70699999999997,202.607524326644,39.12,219.03,204.38,2.47,3.87
2026-08-11 20:26:50.138054,BBV_INDEX,206.77,208.6,206.63,207.0,3067348,211.8645,202.77977827461876,35.66,218.59,205.14,2.05,3.51
2026-08-12 20:26:50.138054,BBV_INDEX,207.13,207.62,206.95,207.08,3186482,211.74349999999998,202.94841442071217,40.17,218.73,204.76,1.7,3.15
2026-08-13 20:26:50.138054,BBV_INDEX,205.32,204.81,203.87,204.59,3464482,211.3735,203.0127903257823,38.4,219.05,203.69,1.2,2.76
2026-08-14 20:26:50.138054,BBV_INDEX,206.03,208.64,205.64,206.26,6649633,211.0125,203.14013188163398,43.7,218.95,203.08,0.94,2.39
2026-08-15 20:26:50.138054,BBV_INDEX,208.77,210.43,208.62,210.35,1763819,210.848,203.42287180784442,45.1,218.69,203.0,1.04,2.12
2026-08-16 20:26:50.138054,BBV_INDEX,207.27,208.65,207.08,207.28,7101918,210.4645,203.57413173694857,45.53,218.21,202.72,0.87,1.87
2026-08-17 20:26:50.138054,BBV_INDEX,207.02,207.32,206.03,207.21,4420799,209.865,203.71671480608785,41.59,216.55,203.18,0.72,1.64
2026-08-18 20:26:50.138054,BBV_INDEX,204.64,206.63,205.0,205.1,4292636,209.39300000000003,203.77096128428047,42.83,216.02,202.76,0.43,1.4
2026-08-19 20:26:50.138054,BBV_INDEX,208.99,212.95,207.39,208.36,6524801,209.121,203.9509235868577,51.45,215.43,202.82,0.45,1.21
2026-08-20 20:26:50.138054,BBV_INDEX,207.2,209.18,207.72,208.84,7527472,209.006,204.14265207364758,45.4,215.24,202.77,0.5,1.07
2026-08-21 20:26:50.138054,BBV_INDEX,206.15,208.29,204.63,207.13,1560806,208.65050000000002,204.25980297272022,37.24,214.42,202.88,0.4,0.93
2026-08-22 20:26:50.138054,BBV_INDEX,201.95,206.39,201.15,202.65,8722480,208.243,204.19667344437826,34.93,214.51,201.98,-0.04,0.74
2026-08-23 20:26:50.138054,BBV_INDEX,205.98,206.06,201.88,204.75,2529623,207.8105,204.21837252499088,45.14,213.76,201.86,-0.22,0.55
2026-08-24 20:26:50.138054,BBV_INDEX,203.29,204.37,201.85,204.1,4529635,207.504,204.21373046518733,48.1,213.56,201.45,-0.41,0.36
2026-08-25 20:26:50.138054,BBV_INDEX,204.23,207.38,202.96,204.63,2910890,207.37000000000003,204.23005476067019,45.58,213.56,201.18,-0.51,0.18
2026-08-26 20:26:50.138054,BBV_INDEX,204.56,205.62,203.75,204.26,2702223,206.99349999999998,204.23122908378116,44.79,212.96,201.02,-0.61,0.02
2026-08-27 20:26:50.138054,BBV_INDEX,205.58,206.16,202.83,205.55,3251507,206.5235,204.28294559029956,51.85,211.2,201.85,-0.58,-0.1
2026-08-28 20:26:50.138054,BBV_INDEX,199.05,202.3,198.83,200.86,5587138,205.9415,204.14871242989565,40.66,210.37,201.51,-0.93,-0.26
