transaction_id,amount_usd,distance_from_home_km,transaction_hour,is_new_device,velocity_txn_per_min,failed_pin_attempts,is_foreign_country,is_fraud
TXN-100000,24.59,1.0,19,0,1,0,0,0
TXN-100001,50.32,9.2,22,0,1,0,0,0
TXN-100002,36.71,3.5,11,0,1,0,0,0
TXN-100003,77.14,5.4,22,0,1,0,0,0
TXN-100004,20.21,2.4,22,0,1,0,0,0
TXN-100005,10.34,4.8,22,0,1,0,0,0
TXN-100006,36.71,1.0,16,1,1,0,0,0
TXN-100007,147.32,6.3,19,0,1,0,0,0
TXN-100008,183.53,2.7,16,0,2,0,0,0
TXN-100009,54.38,3.8,20,0,1,0,0,0
TXN-100010,63.59,2.8,8,0,1,0,0,0
TXN-100011,470.8,8.6,10,0,1,0,0,0
TXN-100012,974.75,9.4,18,0,1,0,0,0
TXN-100013,37.92,9.2,18,0,1,0,0,0
TXN-100014,112.49,4.0,14,0,2,0,0,0
TXN-100015,18.6,2.1,16,0,1,0,0,0
TXN-100016,162.36,1.9,13,0,1,0,0,0
TXN-100017,62.85,8.9,20,0,1,0,1,0
TXN-100018,81.67,12.7,11,0,2,0,0,0
TXN-100019,31.92,0.3,19,0,1,0,0,0
TXN-100020,7.58,21.9,17,0,1,0,0,0
TXN-100021,45.94,2.0,18,0,1,0,0,0
TXN-100022,11.38,1.2,16,0,1,0,0,0
TXN-100023,106.06,0.7,18,0,1,0,0,0
TXN-100024,20.89,0.6,9,0,1,0,0,0
TXN-100025,21.82,4.1,8,0,1,0,0,0
TXN-100026,24.22,0.1,13,0,1,0,0,0
TXN-100027,79.67,1.9,8,0,1,0,0,0
TXN-100028,47.25,1.0,9,0,1,0,0,0
TXN-100029,59.48,1.2,8,0,1,0,0,0
TXN-100030,43.1,2.8,18,0,2,0,0,0
TXN-100031,94.02,17.5,19,0,1,0,0,0
TXN-100032,104.6,6.0,18,0,1,0,0,0
TXN-100033,14.52,4.4,21,0,1,0,0,0
TXN-100034,79.29,1.6,16,0,1,0,0,0
TXN-100035,30.37,0.7,14,0,1,0,0,0
TXN-100036,72.13,9.0,15,1,1,0,0,0
TXN-100037,29.65,2.4,8,0,2,0,0,0
TXN-100038,16.99,2.2,7,0,1,0,0,0
TXN-100039,7.98,3.8,15,0,1,0,0,0
TXN-100040,79.03,1.0,18,1,2,0,0,0
TXN-100041,22.46,3.5,9,0,1,0,0,0
TXN-100042,42.5,1.4,20,0,2,0,0,0
TXN-100043,22.84,2.9,13,1,1,0,0,0
TXN-100044,25.19,1.3,12,0,1,0,0,0
TXN-100045,23.16,10.3,18,0,1,0,0,0
TXN-100046,30.79,3.7,15,0,1,0,0,0
TXN-100047,12.62,1.7,8,0,2,0,0,0
TXN-100048,24.36,7.4,19,0,1,0,0,0
TXN-100049,32.84,7.2,22,0,1,0,0,0
TXN-100050,7.68,1.8,20,0,1,0,0,0
TXN-100051,89.06,3.9,7,0,1,0,0,0
TXN-100052,110.08,4.5,16,0,2,0,0,0
TXN-100053,38.49,2.1,21,0,1,0,0,0
TXN-100054,94.3,0.6,19,0,1,0,1,0
TXN-100055,46.35,13.6,9,0,1,0,0,0
TXN-100056,173.1,1.8,14,0,1,0,0,0
TXN-100057,34.44,5.9,8,1,1,0,0,0
TXN-100058,136.92,12.4,15,0,2,0,0,0
TXN-100059,52.15,3.0,13,0,1,0,0,0
TXN-100060,79.08,12.1,19,0,1,0,0,0
TXN-100061,1390.1,136.4,2,1,4,2,1,1
TXN-100062,76.12,1.6,14,0,1,0,0,0
TXN-100063,50.87,0.4,13,0,2,0,1,0
TXN-100064,34.44,11.6,14,0,1,0,0,0
TXN-100065,96.73,0.7,20,1,2,1,0,0
TXN-100066,36.68,6.9,20,0,1,0,0,0
TXN-100067,48.97,10.6,21,0,1,0,0,0
TXN-100068,21.92,0.2,8,0,1,0,0,0
TXN-100069,64.1,2.6,19,0,1,0,0,0
TXN-100070,15.89,3.0,10,1,1,0,0,0
TXN-100071,55.59,0.6,11,1,2,0,0,0
TXN-100072,36.06,1.8,10,0,1,0,0,0
TXN-100073,64.92,3.7,13,0,1,0,0,0
TXN-100074,23.9,0.5,14,0,1,0,0,0
TXN-100075,37.04,3.0,8,1,2,0,0,0
TXN-100076,9.72,0.3,14,0,1,0,0,0
TXN-100077,12.01,18.9,22,0,1,0,0,0
TXN-100078,29.07,1.6,17,0,1,0,0,0
TXN-100079,56.71,0.4,14,0,1,0,0,0
TXN-100080,31.78,11.8,18,0,2,0,0,0
TXN-100081,40.48,3.3,11,0,1,0,0,0
TXN-100082,52.83,0.9,19,1,1,0,0,0
TXN-100083,50.13,2.5,8,0,2,0,0,0
TXN-100084,169.91,1.0,10,0,1,0,0,0
TXN-100085,42.7,2.1,21,0,1,0,0,0
TXN-100086,32.81,2.0,22,0,1,0,0,0
TXN-100087,51.68,3.7,18,0,1,0,0,0
TXN-100088,144.49,4.4,10,0,1,0,0,0
TXN-100089,24.94,15.3,12,0,1,0,0,0
TXN-100090,114.13,5.3,21,0,1,1,0,0
TXN-100091,33.83,5.7,6,1,1,1,0,0
TXN-100092,253.65,2.8,18,0,1,0,0,0
TXN-100093,16.52,5.7,21,0,1,0,0,0
TXN-100094,114.08,5.5,15,0,1,0,0,0
TXN-100095,45.54,2.4,12,0,1,0,0,0
TXN-100096,102.35,8.5,19,0,1,0,0,0
TXN-100097,318.7,5.0,8,0,2,0,0,0
TXN-100098,107.92,3.0,21,0,1,0,0,0
TXN-100099,19.95,2.5,11,0,1,0,0,0
TXN-100100,64.19,1.5,21,0,1,0,0,0
TXN-100101,16.47,2.4,17,0,1,0,1,0
TXN-100102,130.74,2.6,11,0,1,0,0,0
TXN-100103,30.59,0.8,18,0,1,1,0,0
TXN-100104,54.63,1.7,10,0,1,0,0,0
TXN-100105,80.35,9.1,22,0,1,0,0,0
TXN-100106,76.88,0.1,18,0,1,1,0,0
TXN-100107,53.48,0.6,18,0,1,0,0,0
TXN-100108,58.76,4.6,7,0,1,0,0,0
TXN-100109,58.63,3.9,14,0,2,1,0,0
TXN-100110,97.03,5.8,17,1,2,0,0,0
TXN-100111,72.36,11.0,17,0,2,0,0,0
TXN-100112,15.15,1.1,6,0,1,0,0,0
TXN-100113,32.96,3.8,14,0,1,0,0,0
TXN-100114,34.17,1.9,18,0,1,0,0,0
TXN-100115,237.18,0.2,17,0,1,0,0,0
TXN-100116,232.76,9.9,21,0,1,0,0,0
TXN-100117,12.77,2.0,18,1,1,1,0,0
TXN-100118,15.1,1.7,11,0,1,0,0,0
TXN-100119,72.04,9.8,13,0,1,0,0,0
TXN-100120,36.48,1.0,8,0,2,0,0,0
TXN-100121,32.04,13.5,15,0,1,0,0,0
TXN-100122,15.24,3.9,8,0,1,0,0,0
TXN-100123,46.89,6.3,6,0,1,0,0,0
TXN-100124,26.75,7.6,21,0,1,0,0,0
TXN-100125,47.06,4.9,9,0,1,1,0,0
TXN-100126,28.14,3.9,12,0,1,0,0,0
TXN-100127,11.54,3.2,17,0,1,0,0,0
TXN-100128,71.74,13.9,11,0,1,0,0,0
TXN-100129,80.45,6.6,11,0,2,0,1,0
TXN-100130,33.27,2.0,21,0,1,0,0,0
TXN-100131,15.4,110.8,0,0,5,1,1,1
TXN-100132,27.49,4.9,18,1,1,0,0,0
TXN-100133,41.83,0.0,20,0,2,0,0,0
TXN-100134,27.0,3.5,19,0,1,0,0,0
TXN-100135,78.02,2.8,10,0,1,0,0,0
TXN-100136,54.16,5.7,10,0,2,0,0,0
TXN-100137,36.01,1.7,12,0,1,0,0,0
TXN-100138,18.49,1.1,20,0,1,0,0,0
TXN-100139,25.12,4.4,21,0,1,0,0,0
TXN-100140,138.81,4.1,22,0,1,0,0,0
TXN-100141,79.42,3.1,13,1,1,0,0,0
TXN-100142,67.49,0.4,19,0,1,0,0,0
TXN-100143,21.33,5.2,13,0,1,0,0,0
TXN-100144,115.88,1.8,9,0,1,0,0,0
TXN-100145,22.66,4.5,15,0,1,0,0,0
TXN-100146,72.7,9.6,13,0,2,0,0,0
TXN-100147,57.74,9.9,18,0,2,1,0,0
TXN-100148,82.07,0.5,21,0,1,0,0,0
TXN-100149,15.45,6.8,11,0,1,0,0,0
TXN-100150,19.47,4.7,17,1,1,1,0,0
TXN-100151,39.39,2.9,18,0,1,0,0,0
TXN-100152,114.89,1.6,22,0,1,1,0,0
TXN-100153,43.76,12.3,19,0,1,0,0,0
TXN-100154,26.09,3.5,17,0,1,0,0,0
TXN-100155,33.62,7.8,20,0,1,0,0,0
TXN-100156,28.52,3.0,15,0,1,0,0,0
TXN-100157,17.4,6.0,14,0,1,0,0,0
TXN-100158,34.15,0.9,6,0,2,0,0,0
TXN-100159,95.27,1.0,17,0,1,0,0,0
TXN-100160,72.92,18.7,7,0,1,0,0,0
TXN-100161,701.63,76.2,3,1,5,3,1,1
TXN-100162,21.84,0.0,21,0,1,0,0,0
TXN-100163,15.34,2.8,9,0,1,0,0,0
TXN-100164,355.68,55.2,3,1,4,0,0,1
TXN-100165,78.78,4.6,17,0,2,0,0,0
TXN-100166,16.79,7.2,20,0,1,0,0,0
TXN-100167,9.3,2.8,17,0,2,0,0,0
TXN-100168,9.27,18.3,8,0,1,0,0,0
TXN-100169,2190.2,163.7,23,1,3,0,0,1
TXN-100170,58.25,3.3,6,0,1,0,0,0
TXN-100171,17.2,0.0,17,1,1,0,0,0
TXN-100172,235.15,10.0,8,0,1,0,0,0
TXN-100173,47.58,8.9,12,0,2,1,1,0
TXN-100174,74.49,0.3,10,0,1,0,0,0
TXN-100175,71.81,0.6,18,0,1,0,0,0
TXN-100176,78.45,3.3,10,0,1,1,0,0
TXN-100177,38.57,0.7,9,0,1,0,0,0
TXN-100178,97.57,3.6,14,0,1,0,0,0
TXN-100179,40.45,1.8,10,0,1,0,0,0
TXN-100180,38.62,6.2,7,1,1,0,0,0
TXN-100181,5.36,0.4,10,0,1,0,0,0
TXN-100182,23.47,4.7,11,0,2,0,0,0
TXN-100183,43.42,7.5,11,0,1,0,0,0
TXN-100184,52.89,3.9,14,0,1,0,0,0
TXN-100185,17.34,8.8,14,0,1,0,0,0
TXN-100186,128.24,4.3,19,0,1,0,0,0
TXN-100187,36.63,3.9,8,0,1,0,0,0
TXN-100188,5.91,5.5,6,0,1,0,0,0
TXN-100189,28.71,1.9,18,0,1,0,0,0
TXN-100190,163.88,11.0,20,0,1,0,0,0
TXN-100191,26.05,1.4,14,0,1,0,0,0
TXN-100192,113.33,4.4,20,0,1,0,0,0
TXN-100193,28.25,0.7,14,0,1,0,0,0
TXN-100194,78.73,1.3,18,0,1,0,0,0
TXN-100195,53.69,7.6,15,0,1,0,0,0
TXN-100196,7.59,7.5,17,0,1,0,0,0
TXN-100197,201.47,0.6,16,0,1,0,0,0
TXN-100198,131.75,2.7,22,0,2,0,0,0
TXN-100199,26.58,2.9,8,0,1,0,0,0
TXN-100200,104.93,5.2,18,0,1,0,0,0
TXN-100201,49.98,3.9,13,0,1,0,0,0
TXN-100202,18.58,12.7,12,0,1,0,0,0
TXN-100203,26.5,2.5,11,0,1,0,0,0
TXN-100204,174.16,1.7,8,0,1,0,0,0
TXN-100205,16.52,3.0,12,0,1,0,0,0
TXN-100206,65.59,20.0,8,0,1,0,0,0
TXN-100207,54.53,1.6,12,0,1,0,0,0
TXN-100208,48.7,0.0,10,0,1,0,0,0
TXN-100209,21.19,1.1,20,0,1,0,0,0
TXN-100210,148.82,8.7,20,0,2,0,0,0
TXN-100211,36.95,1.8,11,0,2,0,0,0
TXN-100212,116.12,3.6,20,0,1,0,0,0
TXN-100213,53.05,1.5,13,0,1,0,0,0
TXN-100214,56.26,0.6,11,0,1,0,0,0
TXN-100215,60.04,3.2,20,1,1,0,0,0
TXN-100216,33.98,1.0,19,0,2,0,0,0
TXN-100217,80.01,3.6,6,0,2,0,0,0
TXN-100218,57.48,0.3,14,0,1,0,1,0
TXN-100219,6.43,4.6,9,0,2,0,0,0
TXN-100220,279.65,8.9,20,0,1,1,0,0
TXN-100221,77.83,0.2,8,0,1,0,0,0
TXN-100222,17.63,11.7,17,0,1,0,0,0
TXN-100223,76.48,0.6,22,0,1,0,0,0
TXN-100224,18.98,17.9,8,0,1,0,0,0
TXN-100225,228.98,7.1,9,0,1,0,0,0
TXN-100226,111.26,12.5,20,0,2,0,0,0
TXN-100227,36.09,0.2,16,0,1,0,0,0
TXN-100228,18.98,11.1,7,0,1,0,0,0
TXN-100229,112.03,3.5,14,0,1,0,0,0
TXN-100230,326.41,0.1,12,0,1,0,0,0
TXN-100231,161.8,2.8,21,0,1,1,0,0
TXN-100232,41.66,7.2,11,0,1,0,0,0
TXN-100233,57.57,3.2,22,0,1,0,0,0
TXN-100234,81.49,4.7,12,0,1,0,0,0
TXN-100235,43.15,11.6,10,0,1,0,0,0
TXN-100236,27.3,15.8,15,0,1,0,0,0
TXN-100237,29.82,4.9,10,1,1,0,0,0
TXN-100238,66.92,0.1,10,0,1,0,0,0
TXN-100239,60.37,1.5,22,0,1,0,0,0
TXN-100240,119.58,2.0,22,0,2,0,0,0
TXN-100241,99.21,3.2,18,0,1,0,0,0
TXN-100242,24.9,9.1,12,1,1,0,0,0
TXN-100243,60.29,6.3,14,0,1,0,0,0
TXN-100244,155.74,0.4,18,0,2,0,0,0
TXN-100245,17.94,2.3,14,0,1,0,0,0
TXN-100246,18.21,0.2,10,0,1,0,0,0
TXN-100247,45.47,5.9,7,0,1,0,1,0
TXN-100248,61.03,9.2,16,0,1,0,0,0
TXN-100249,90.54,4.5,20,0,1,0,0,0
TXN-100250,9.99,4.2,12,0,1,0,0,0
TXN-100251,35.02,5.9,10,0,1,0,0,0
TXN-100252,21.36,6.1,7,1,1,0,0,0
TXN-100253,78.42,1.8,18,0,1,0,0,0
TXN-100254,43.01,3.1,16,1,1,0,0,0
TXN-100255,15.16,0.5,14,0,1,0,0,0
TXN-100256,28.57,11.9,13,0,1,0,0,0
TXN-100257,216.56,10.7,20,0,1,0,0,0
TXN-100258,84.82,2.4,13,0,1,0,0,0
TXN-100259,160.56,0.7,11,0,1,0,0,0
TXN-100260,44.0,3.6,16,0,1,0,0,0
TXN-100261,26.64,4.5,18,0,1,0,0,0
TXN-100262,31.97,0.4,10,0,1,0,0,0
TXN-100263,83.32,7.1,9,0,1,0,0,0
TXN-100264,46.1,1.5,10,0,1,1,0,0
TXN-100265,55.21,10.9,12,0,2,0,0,0
TXN-100266,41.87,6.9,8,0,1,0,0,0
TXN-100267,14.4,11.4,13,0,1,0,0,0
TXN-100268,75.93,1.3,20,0,1,0,0,0
TXN-100269,36.88,2.6,13,1,1,0,0,0
TXN-100270,14.94,9.6,12,0,1,0,0,0
TXN-100271,39.23,10.4,14,0,1,0,0,0
TXN-100272,125.44,6.8,12,0,1,0,0,0
TXN-100273,103.88,1.7,21,0,1,0,0,0
TXN-100274,57.23,2.1,21,0,1,0,0,0
TXN-100275,66.26,20.0,20,1,1,0,0,0
TXN-100276,24.87,0.3,11,0,1,0,0,0
TXN-100277,8.1,7.7,9,0,1,0,0,0
TXN-100278,109.72,6.5,12,0,1,0,0,0
TXN-100279,40.36,9.6,15,0,1,0,0,0
TXN-100280,51.82,7.4,21,0,1,0,0,0
TXN-100281,88.46,4.4,13,0,1,0,0,0
TXN-100282,34.78,4.8,6,0,1,0,0,0
TXN-100283,66.59,4.3,6,0,1,0,0,0
TXN-100284,32.63,0.9,21,0,1,0,0,0
TXN-100285,47.76,1.7,6,0,1,1,0,0
TXN-100286,4.29,0.1,6,1,2,0,0,0
TXN-100287,38.55,0.4,18,0,1,0,0,0
TXN-100288,44.95,10.3,12,0,1,0,0,0
TXN-100289,65.29,3.1,15,0,1,0,0,0
TXN-100290,45.58,0.7,16,0,2,0,0,0
TXN-100291,44.36,0.1,21,0,1,0,0,0
TXN-100292,279.93,775.3,4,0,5,2,1,1
TXN-100293,47.25,1.9,9,0,1,0,0,0
TXN-100294,98.7,2.1,11,0,1,0,0,0
TXN-100295,314.76,4.8,6,0,1,0,0,0
TXN-100296,69.49,2.1,22,1,1,0,0,0
TXN-100297,17.56,4.8,15,0,1,0,0,0
TXN-100298,32.16,4.1,16,0,1,0,0,0
TXN-100299,107.27,10.0,8,0,2,0,0,0
TXN-100300,111.23,2.5,7,0,2,0,0,0
TXN-100301,68.72,4.5,15,0,2,0,0,0
TXN-100302,53.26,7.1,10,0,1,0,0,0
TXN-100303,68.48,2.2,11,0,2,1,0,0
TXN-100304,13.71,0.4,7,0,1,0,0,0
TXN-100305,27.42,5.1,20,0,1,0,0,0
TXN-100306,963.01,64.9,2,1,3,1,0,1
TXN-100307,171.94,4.1,9,0,1,0,0,0
TXN-100308,59.82,3.7,14,0,1,0,1,0
TXN-100309,61.19,8.9,10,0,1,0,0,0
TXN-100310,486.97,1.4,8,0,2,0,0,0
TXN-100311,76.43,1.2,12,0,1,1,0,0
TXN-100312,17.87,6.2,14,1,1,0,0,0
TXN-100313,43.48,5.4,15,0,1,0,0,0
TXN-100314,104.39,0.3,20,0,1,0,0,0
TXN-100315,32.38,16.2,17,0,1,0,0,0
TXN-100316,107.07,13.7,15,0,1,0,0,0
TXN-100317,179.66,1.2,10,0,1,0,0,0
TXN-100318,40.01,3.9,17,0,1,0,0,0
TXN-100319,56.85,19.4,21,0,1,0,0,0
TXN-100320,27.08,0.3,15,0,1,0,0,0
TXN-100321,103.51,9.0,22,0,1,0,0,0
TXN-100322,52.27,5.7,7,0,1,1,0,0
TXN-100323,10.33,2.5,21,0,1,0,0,0
TXN-100324,358.29,1.4,7,0,1,0,0,0
TXN-100325,136.12,3.8,19,0,1,0,0,0
TXN-100326,46.64,2.9,12,1,1,0,0,0
TXN-100327,139.73,4.6,7,0,1,0,1,0
TXN-100328,6.82,1.9,19,0,1,0,0,0
TXN-100329,25.2,2.0,17,0,1,1,0,0
TXN-100330,67.83,0.4,15,0,1,0,0,0
TXN-100331,10.84,7.2,16,0,1,0,0,0
TXN-100332,42.07,10.6,10,0,1,0,0,0
TXN-100333,29.44,3.9,11,0,1,0,0,0
TXN-100334,88.3,3.2,19,0,1,0,0,0
TXN-100335,23.47,1.0,15,1,1,0,0,0
TXN-100336,43.77,1.0,20,0,1,0,0,0
TXN-100337,11.56,26.0,18,0,2,0,0,0
TXN-100338,110.89,4.9,9,0,1,0,0,0
TXN-100339,17.42,0.6,12,0,1,0,0,0
TXN-100340,153.58,2.1,10,0,2,0,0,0
TXN-100341,53.08,1.6,17,0,1,0,0,0
TXN-100342,131.95,13.5,19,0,1,0,0,0
TXN-100343,89.57,0.6,21,0,2,0,0,0
TXN-100344,23.37,0.2,17,0,1,0,0,0
TXN-100345,10.21,0.9,8,0,1,0,0,0
TXN-100346,95.98,4.7,19,1,1,0,0,0
TXN-100347,33.48,22.1,22,0,1,0,0,0
TXN-100348,90.55,4.8,9,0,2,0,0,0
TXN-100349,109.47,5.2,14,0,1,1,0,0
TXN-100350,30.43,4.8,14,0,2,0,0,0
TXN-100351,25.57,6.9,12,0,2,0,0,0
TXN-100352,29.31,3.3,10,0,2,0,0,0
TXN-100353,15.47,11.1,16,0,1,0,0,0
TXN-100354,17.4,0.9,10,0,1,0,0,0
TXN-100355,5.8,0.5,16,0,1,0,0,0
TXN-100356,41.1,4.0,8,0,2,0,0,0
TXN-100357,32.25,1.4,18,0,1,0,0,0
TXN-100358,55.19,0.3,22,1,1,0,0,0
TXN-100359,71.34,0.2,15,0,1,0,0,0
TXN-100360,45.89,2.1,12,0,1,0,0,0
TXN-100361,27.04,2.5,18,1,1,0,0,0
TXN-100362,53.85,2.8,11,0,1,0,0,0
TXN-100363,164.63,11.0,16,0,1,0,0,0
TXN-100364,128.55,3.9,10,0,1,0,0,0
TXN-100365,49.53,8.6,16,0,2,0,0,0
TXN-100366,105.95,1.9,10,1,1,0,0,0
TXN-100367,86.18,8.7,17,0,2,0,0,0
TXN-100368,51.27,1.3,8,0,1,0,0,0
TXN-100369,48.08,6.9,14,0,1,0,0,0
TXN-100370,48.65,19.2,20,0,1,0,0,0
TXN-100371,91.62,0.1,21,0,1,0,0,0
TXN-100372,34.31,1.8,14,1,1,0,0,0
TXN-100373,32.11,9.4,7,0,1,0,0,0
TXN-100374,9.49,5.4,17,0,1,0,0,0
TXN-100375,8.85,12.2,13,0,1,0,0,0
TXN-100376,73.23,0.6,15,0,1,0,0,0
TXN-100377,24.42,2.6,17,0,1,0,0,0
TXN-100378,17.3,23.8,22,0,1,0,0,0
TXN-100379,4370.18,588.1,23,1,4,1,1,1
TXN-100380,29.67,5.1,18,0,2,0,0,0
TXN-100381,39.48,4.7,17,0,2,0,0,0
TXN-100382,20.67,6.4,10,0,1,0,0,0
TXN-100383,3507.75,61.2,1,1,5,3,0,1
TXN-100384,181.74,3.3,7,0,1,0,0,0
TXN-100385,123.91,10.0,22,0,1,0,0,0
TXN-100386,112.06,5.9,20,0,1,0,0,0
TXN-100387,10.8,1.8,11,0,1,0,0,0
TXN-100388,45.77,12.3,14,0,1,0,0,0
TXN-100389,37.21,5.4,7,0,1,0,0,0
TXN-100390,66.26,2.8,13,0,1,0,0,0
TXN-100391,28.84,13.2,13,0,1,1,1,0
TXN-100392,48.56,17.9,19,0,1,0,0,0
TXN-100393,50.41,16.0,20,0,1,0,0,0
TXN-100394,50.94,2.0,15,0,1,0,0,0
TXN-100395,30.03,1.9,15,0,1,1,0,0
TXN-100396,135.94,8.3,10,0,1,0,0,0
TXN-100397,109.87,2.1,6,0,1,0,0,0
TXN-100398,181.97,5.3,22,0,1,0,0,0
TXN-100399,58.06,2.4,10,1,1,0,0,0
TXN-100400,33.89,3.2,20,0,1,0,0,0
TXN-100401,24.08,1.6,9,0,1,1,0,0
TXN-100402,47.09,1.6,18,0,1,0,0,0
TXN-100403,26.66,5.8,11,0,1,0,0,0
TXN-100404,111.29,4.9,7,0,1,0,0,0
TXN-100405,12.8,2.6,14,0,2,0,0,0
TXN-100406,26.84,17.9,18,0,1,0,0,0
TXN-100407,37.46,0.2,21,0,2,0,0,0
TXN-100408,43.92,7.5,19,0,1,0,0,0
TXN-100409,66.52,5.2,19,0,1,0,0,0
TXN-100410,25.21,2.5,11,0,1,0,1,0
TXN-100411,20.28,0.5,19,0,2,0,0,0
TXN-100412,6.08,1.7,18,0,1,0,0,0
TXN-100413,20.9,9.6,20,0,1,0,0,0
TXN-100414,22.84,0.3,15,0,1,0,0,0
TXN-100415,15.56,2.4,18,0,1,0,0,0
TXN-100416,28.43,3.3,10,0,1,1,0,0
TXN-100417,29.05,8.0,13,0,1,0,0,0
TXN-100418,24.97,5.6,21,0,1,0,0,0
TXN-100419,170.49,4.7,7,0,1,0,0,0
TXN-100420,100.08,0.1,16,0,1,0,0,0
TXN-100421,41.91,1.5,7,0,1,0,0,0
TXN-100422,18.66,4.5,17,0,2,0,0,0
TXN-100423,23.86,11.6,10,0,1,0,0,0
TXN-100424,34.67,4.4,6,0,1,0,0,0
TXN-100425,77.44,11.7,22,0,1,0,0,0
TXN-100426,29.55,1.3,8,0,1,0,0,0
TXN-100427,35.48,3.3,21,0,1,0,0,0
TXN-100428,54.52,1.9,15,0,1,0,0,0
TXN-100429,38.23,2.5,22,0,1,0,0,0
TXN-100430,24.42,1.8,10,0,1,0,0,0
TXN-100431,66.35,1.1,21,0,1,0,0,0
TXN-100432,23.52,3.6,21,0,1,0,0,0
TXN-100433,51.62,6.6,13,0,1,0,0,0
TXN-100434,74.45,4.8,17,0,1,0,0,0
TXN-100435,13.79,1.4,14,0,1,0,0,0
TXN-100436,15.11,5.8,18,0,1,0,0,0
TXN-100437,251.1,2.8,17,0,1,0,0,0
TXN-100438,32.82,9.5,10,0,1,0,0,0
TXN-100439,113.01,10.2,17,0,1,0,0,0
TXN-100440,63.99,10.4,21,0,1,0,0,0
TXN-100441,51.29,0.2,15,0,1,0,0,0
TXN-100442,36.69,4.7,10,0,1,0,0,0
TXN-100443,57.93,3.7,14,0,1,0,0,0
TXN-100444,15.25,3.0,13,0,2,1,0,0
TXN-100445,44.81,3.2,15,0,2,0,0,0
TXN-100446,40.49,1.0,13,0,1,0,0,0
TXN-100447,61.67,1.4,18,0,1,0,0,0
TXN-100448,340.87,2.3,13,0,1,0,0,0
TXN-100449,189.76,0.6,11,0,1,0,1,0
TXN-100450,87.07,2.2,10,0,1,0,0,0
TXN-100451,47.64,3.7,9,0,1,0,0,0
TXN-100452,31.71,7.1,14,0,2,0,0,0
TXN-100453,8.85,7.9,12,0,2,0,0,0
TXN-100454,67.88,11.6,9,0,1,0,0,0
TXN-100455,38.53,5.0,6,0,1,0,0,0
TXN-100456,97.52,0.2,7,0,1,0,0,0
TXN-100457,180.81,97.1,23,1,6,1,0,1
TXN-100458,45.59,4.8,22,0,1,0,0,0
TXN-100459,152.59,209.7,3,1,5,0,0,1
TXN-100460,96.07,4.1,14,0,1,0,0,0
TXN-100461,43.05,10.2,10,0,1,0,0,0
TXN-100462,287.07,0.4,18,0,1,0,0,0
TXN-100463,52.76,2.7,17,0,1,0,0,0
TXN-100464,17.41,5.5,21,0,1,0,0,0
TXN-100465,36.3,3.1,22,0,1,0,0,0
TXN-100466,15.9,7.5,6,0,1,0,0,0
TXN-100467,16.77,10.4,14,0,1,0,0,0
TXN-100468,3526.0,141.5,1,1,4,1,1,1
TXN-100469,20.47,0.2,11,0,2,0,0,0
TXN-100470,28.91,4.0,22,0,1,0,0,0
TXN-100471,5.12,3.9,10,0,1,0,0,0
TXN-100472,164.5,2.9,18,0,1,0,0,0
TXN-100473,26.58,4.5,11,0,1,0,1,0
TXN-100474,20.52,1.4,15,0,1,0,0,0
TXN-100475,32.67,0.1,18,0,1,0,0,0
TXN-100476,26.41,0.6,22,0,1,0,0,0
TXN-100477,43.48,0.8,20,0,1,0,0,0
TXN-100478,834.94,80.5,0,1,5,2,1,1
TXN-100479,45.72,2.7,13,0,1,0,0,0
TXN-100480,14.37,9.1,10,0,1,0,0,0
TXN-100481,66.31,4.4,7,0,1,0,0,0
TXN-100482,17.56,1.9,19,0,1,0,0,0
TXN-100483,38.86,0.3,13,0,1,0,0,0
TXN-100484,22.61,14.5,8,0,1,0,0,0
TXN-100485,34.74,0.7,14,0,1,0,0,0
TXN-100486,127.92,4.9,12,0,1,0,0,0
TXN-100487,22.32,2.2,6,0,1,0,0,0
TXN-100488,24.99,6.8,10,0,1,0,0,0
TXN-100489,146.91,1.7,14,0,1,0,0,0
TXN-100490,35.24,1.0,17,0,2,0,0,0
TXN-100491,16.26,1.8,20,0,1,0,0,0
TXN-100492,325.78,140.9,1,1,5,2,0,1
TXN-100493,91.2,3.4,6,0,1,0,0,0
TXN-100494,60.56,3.4,8,0,1,0,1,0
TXN-100495,39.67,1.9,22,0,1,0,0,0
TXN-100496,21.13,2.7,8,0,1,0,0,0
TXN-100497,35.37,2.4,16,0,1,0,0,0
TXN-100498,41.42,10.5,17,0,1,0,0,0
TXN-100499,15.2,2.6,18,0,1,0,0,0
TXN-100500,15.78,4.5,17,0,1,0,0,0
TXN-100501,105.2,4.7,9,0,1,0,0,0
TXN-100502,68.73,1.1,15,0,1,0,0,0
TXN-100503,65.68,2.0,7,0,1,0,0,0
TXN-100504,146.54,2.0,19,0,1,0,1,0
TXN-100505,90.93,0.4,12,0,1,0,0,0
TXN-100506,22.85,2.2,20,0,1,0,0,0
TXN-100507,22.72,11.1,10,1,1,0,0,0
TXN-100508,57.19,3.8,20,0,1,0,0,0
TXN-100509,43.89,6.3,12,0,1,0,0,0
TXN-100510,22.5,10.4,9,0,1,0,0,0
TXN-100511,19.45,26.7,22,0,1,0,0,0
TXN-100512,32.38,2.3,15,0,2,0,0,0
TXN-100513,33.97,8.2,21,0,2,0,0,0
TXN-100514,18.16,0.1,8,0,1,0,0,0
TXN-100515,14.61,3.5,7,0,1,0,0,0
TXN-100516,181.21,2.5,20,0,1,0,0,0
TXN-100517,47.55,2.0,12,0,1,0,0,0
TXN-100518,45.61,6.2,18,0,1,0,0,0
TXN-100519,31.1,10.1,22,0,1,0,0,0
TXN-100520,13.46,1.6,21,0,1,0,0,0
TXN-100521,41.96,0.4,6,0,1,0,0,0
TXN-100522,32.46,0.3,19,0,1,0,0,0
TXN-100523,66.57,18.9,6,1,1,0,0,0
TXN-100524,68.34,0.2,19,0,1,0,0,0
TXN-100525,81.89,4.6,18,0,1,0,0,0
TXN-100526,58.03,2.5,21,0,1,0,0,0
TXN-100527,44.37,3.0,6,0,1,0,0,0
TXN-100528,169.44,0.2,8,0,1,0,0,0
TXN-100529,13.39,2.7,14,0,1,0,0,0
TXN-100530,68.79,1.7,22,0,2,0,0,0
TXN-100531,40.95,14.1,7,0,2,0,0,0
TXN-100532,46.19,0.7,6,0,1,0,0,0
TXN-100533,45.52,8.9,16,0,1,0,0,0
TXN-100534,139.48,4.4,20,0,1,0,0,0
TXN-100535,35.31,2.0,6,0,1,0,0,0
TXN-100536,83.98,1.3,10,0,1,0,0,0
TXN-100537,41.45,4.2,13,0,1,1,0,0
TXN-100538,122.67,5.0,13,0,1,0,0,0
TXN-100539,22.95,1.4,16,0,1,0,0,0
TXN-100540,43.91,2.3,22,0,1,0,0,0
TXN-100541,22.29,2.6,8,0,2,0,0,0
TXN-100542,34.19,1.5,14,0,1,0,0,0
TXN-100543,51.56,10.5,21,0,1,0,0,0
TXN-100544,18.21,4.7,22,0,1,1,0,0
TXN-100545,60.94,5.2,8,0,1,0,0,0
TXN-100546,147.82,11.3,15,0,1,0,0,0
TXN-100547,139.17,3.2,6,0,1,1,0,0
TXN-100548,388.55,3.3,19,0,1,0,0,0
TXN-100549,80.15,3.5,17,0,1,0,0,0
TXN-100550,47.74,7.5,15,0,2,0,0,0
TXN-100551,970.74,231.1,5,1,3,3,1,1
TXN-100552,43.94,1.9,8,0,1,0,0,0
TXN-100553,22.36,5.0,11,0,1,0,0,0
TXN-100554,41.06,3.0,21,0,1,0,0,0
TXN-100555,19.67,6.9,12,0,1,0,0,0
TXN-100556,114.63,7.3,17,1,1,0,1,0
TXN-100557,120.5,4.0,15,0,1,1,0,0
TXN-100558,16.38,3.2,22,0,1,0,0,0
TXN-100559,100.9,10.7,22,0,1,0,0,0
TXN-100560,27.86,24.1,14,0,1,0,0,0
TXN-100561,98.99,2.6,13,0,1,0,0,0
TXN-100562,17.28,7.1,6,0,1,0,0,0
TXN-100563,39.95,12.3,10,0,1,0,0,0
TXN-100564,43.67,0.7,15,0,1,0,0,0
TXN-100565,539.33,0.6,14,0,1,0,0,0
TXN-100566,50.46,3.3,13,1,1,0,0,0
TXN-100567,18.05,3.4,19,0,1,0,0,0
TXN-100568,25.3,7.8,14,0,2,0,0,0
TXN-100569,88.91,7.8,6,0,1,0,0,0
TXN-100570,44.78,0.1,8,0,1,0,0,0
TXN-100571,123.72,10.8,7,0,2,0,0,0
TXN-100572,41.5,5.8,8,0,2,0,0,0
TXN-100573,8.87,3.4,6,0,1,0,0,0
TXN-100574,81.88,3.7,11,0,1,0,0,0
TXN-100575,48.87,0.4,11,0,1,0,0,0
TXN-100576,27.12,3.2,16,0,1,0,0,0
TXN-100577,66.03,1.9,20,0,2,0,0,0
TXN-100578,26.43,0.2,21,0,1,0,0,0
TXN-100579,36.68,3.3,6,0,2,0,0,0
TXN-100580,78.85,0.4,18,0,1,0,0,0
TXN-100581,70.56,7.6,18,0,1,0,0,0
TXN-100582,69.25,6.1,15,0,1,0,0,0
TXN-100583,29.56,3.9,19,0,1,0,0,0
TXN-100584,230.99,4.8,7,0,1,0,1,0
TXN-100585,256.54,7.6,18,0,1,0,0,0
TXN-100586,20.04,0.5,9,0,1,0,0,0
TXN-100587,37.53,1.0,10,0,1,0,0,0
TXN-100588,29.97,0.3,11,0,1,1,0,0
TXN-100589,35.4,1.9,9,0,1,0,0,0
TXN-100590,80.7,5.5,13,0,1,0,0,0
TXN-100591,49.1,1.5,9,0,1,0,0,0
TXN-100592,14.58,5.8,16,0,1,0,0,0
TXN-100593,213.25,1.4,15,0,2,0,0,0
TXN-100594,61.29,19.0,8,0,2,0,0,0
TXN-100595,41.9,7.1,18,0,2,0,0,0
TXN-100596,42.86,8.6,7,0,1,0,0,0
TXN-100597,34.91,0.9,8,0,1,0,0,0
TXN-100598,91.48,6.9,12,0,2,0,0,0
TXN-100599,145.49,2.4,22,0,1,0,1,0
TXN-100600,37.93,5.2,18,0,2,0,0,0
TXN-100601,19.95,5.8,10,0,1,0,0,0
TXN-100602,56.36,3.3,7,0,1,0,0,0
TXN-100603,43.73,11.8,7,0,1,0,0,0
TXN-100604,21.46,21.2,18,0,1,0,0,0
TXN-100605,106.21,12.0,20,0,2,0,0,0
TXN-100606,76.98,1.9,6,0,2,1,0,0
TXN-100607,24.16,5.9,6,0,1,0,0,0
TXN-100608,41.12,2.3,19,0,1,0,0,0
TXN-100609,37.82,2.8,16,0,1,0,0,0
TXN-100610,43.99,9.0,20,0,2,0,0,0
TXN-100611,81.15,3.7,9,0,1,0,0,0
TXN-100612,31.3,0.9,11,0,1,0,0,0
TXN-100613,35.07,2.3,6,0,1,0,0,0
TXN-100614,52.21,11.0,21,1,1,0,0,0
TXN-100615,81.76,0.5,6,0,1,0,0,0
TXN-100616,13.01,4.4,7,0,1,0,0,0
TXN-100617,30.27,2.8,19,0,1,0,0,0
TXN-100618,17.09,0.3,14,1,1,0,0,0
TXN-100619,37.38,0.1,7,0,1,0,0,0
TXN-100620,9.38,1.9,7,0,1,1,0,0
TXN-100621,38.93,2.9,9,0,1,0,0,0
TXN-100622,16.65,2.1,16,0,2,0,0,0
TXN-100623,29.92,9.1,12,1,1,0,0,0
TXN-100624,7.71,8.0,20,1,1,0,0,0
TXN-100625,43.12,1.6,8,0,2,0,0,0
TXN-100626,66.9,11.7,6,0,1,0,0,0
TXN-100627,27.88,1.2,11,0,1,0,0,0
TXN-100628,21.42,5.6,17,0,1,0,0,0
TXN-100629,112.14,10.4,22,1,1,0,0,0
TXN-100630,151.96,0.9,13,0,1,0,0,0
TXN-100631,19.42,1.5,8,0,1,0,0,0
TXN-100632,4.49,1.8,19,0,1,0,0,0
TXN-100633,58.64,6.1,8,0,1,0,0,0
TXN-100634,57.12,1.3,10,0,2,0,0,0
TXN-100635,65.67,22.7,22,0,1,0,0,0
TXN-100636,63.3,1.7,15,0,1,0,0,0
TXN-100637,23.38,23.2,18,1,1,0,0,0
TXN-100638,141.47,4.6,20,0,1,0,0,0
TXN-100639,27.58,9.2,22,0,1,0,0,0
TXN-100640,140.96,2.2,21,0,1,0,0,0
TXN-100641,27.65,2.0,8,0,1,0,0,0
TXN-100642,45.62,2.1,20,0,1,0,1,0
TXN-100643,91.96,1.5,12,0,1,0,0,0
TXN-100644,35.19,2.0,8,0,1,0,0,0
TXN-100645,48.83,5.2,18,0,1,0,0,0
TXN-100646,28.07,1.5,14,0,1,0,1,0
TXN-100647,116.86,7.3,9,0,1,0,0,0
TXN-100648,11.61,4.3,21,0,1,0,0,0
TXN-100649,14.32,1.6,9,0,2,0,0,0
TXN-100650,35.74,2.0,9,0,1,0,0,0
TXN-100651,38.25,9.6,7,0,1,0,0,0
TXN-100652,30.39,2.3,20,0,2,0,0,0
TXN-100653,52.39,3.2,8,0,1,0,0,0
TXN-100654,22.88,4.3,10,0,1,0,0,0
TXN-100655,31.14,7.8,13,0,1,0,0,0
TXN-100656,11.44,7.7,8,0,1,0,0,0
TXN-100657,55.23,2.5,6,0,1,0,0,0
TXN-100658,14.17,11.2,17,0,1,0,0,0
TXN-100659,54.24,2.8,19,0,1,0,0,0
TXN-100660,32.46,0.9,14,0,1,0,0,0
TXN-100661,32.37,5.7,22,0,2,0,0,0
TXN-100662,113.65,0.1,17,0,1,0,0,0
TXN-100663,36.45,0.3,20,0,1,0,0,0
TXN-100664,30.35,3.6,10,0,1,0,0,0
TXN-100665,37.08,0.9,6,0,2,0,0,0
TXN-100666,27.49,1.6,17,0,1,0,1,0
TXN-100667,12.99,21.1,9,0,1,0,0,0
TXN-100668,42.51,4.6,12,0,1,0,0,0
TXN-100669,112.9,1.6,9,0,1,1,0,0
TXN-100670,61.47,9.1,8,0,1,0,0,0
TXN-100671,42.47,16.9,12,0,1,0,0,0
TXN-100672,24.02,0.0,21,0,1,0,0,0
TXN-100673,45.14,8.8,17,0,1,0,0,0
TXN-100674,23.23,3.9,17,1,1,0,0,0
TXN-100675,33.04,9.5,10,0,1,0,0,0
TXN-100676,35.32,2.9,21,1,1,0,0,0
TXN-100677,47.6,10.4,21,0,2,0,0,0
TXN-100678,107.43,3.7,15,0,1,0,0,0
TXN-100679,14.31,9.9,20,0,1,0,0,0
TXN-100680,24.43,0.7,14,0,1,0,0,0
TXN-100681,75.33,11.1,9,0,1,0,0,0
TXN-100682,104.37,4.7,11,0,1,1,0,0
TXN-100683,38.29,0.7,14,0,1,1,0,0
TXN-100684,22.47,4.4,18,0,1,0,0,0
TXN-100685,182.07,1.9,11,0,1,0,0,0
TXN-100686,13.69,1.7,9,0,1,1,0,0
TXN-100687,51.64,8.8,15,1,1,0,0,0
TXN-100688,112.1,1.4,22,0,1,0,0,0
TXN-100689,75.51,18.1,21,0,1,0,0,0
TXN-100690,51.61,0.6,8,0,1,0,0,0
TXN-100691,21.67,3.3,13,0,1,0,0,0
TXN-100692,47.4,3.6,11,0,2,0,0,0
TXN-100693,105.23,12.6,13,0,1,0,0,0
TXN-100694,20.5,0.3,20,0,1,0,0,0
TXN-100695,26.56,3.5,18,0,1,0,0,0
TXN-100696,12.73,10.4,22,1,1,0,0,0
TXN-100697,34.34,1.6,7,0,1,0,0,0
TXN-100698,11.52,8.3,18,0,1,0,0,0
TXN-100699,116.75,3.2,19,0,1,0,0,0
TXN-100700,13.69,4.2,19,0,1,0,0,0
TXN-100701,44.6,2.1,8,0,1,0,0,0
TXN-100702,82.11,3.4,17,0,1,0,0,0
TXN-100703,79.7,1.6,8,0,1,0,0,0
TXN-100704,14.5,0.2,8,0,1,0,0,0
TXN-100705,73.06,11.2,6,0,1,0,0,0
TXN-100706,235.43,0.7,13,0,1,1,0,0
TXN-100707,31.74,2.2,10,0,1,0,0,0
TXN-100708,31.53,2.7,10,0,1,0,0,0
TXN-100709,9.2,2.8,7,0,1,0,0,0
TXN-100710,17.93,0.0,13,0,1,0,0,0
TXN-100711,19.22,26.3,11,0,1,0,0,0
TXN-100712,41.56,2.5,13,0,1,0,0,0
TXN-100713,33.45,10.5,18,0,1,0,0,0
TXN-100714,38.09,3.4,8,0,1,0,0,0
TXN-100715,52.02,4.3,7,0,1,0,0,0
TXN-100716,120.17,5.5,22,0,1,0,0,0
TXN-100717,54.38,5.7,22,0,1,0,0,0
TXN-100718,22.64,3.4,16,0,1,0,0,0
TXN-100719,14.68,0.3,19,0,1,0,0,0
TXN-100720,11.04,4.1,22,0,1,0,0,0
TXN-100721,49.74,3.3,20,0,1,0,0,0
TXN-100722,60.15,2.8,8,0,1,0,0,0
TXN-100723,28.72,1.6,17,1,1,0,0,0
TXN-100724,19.61,0.2,15,1,1,0,0,0
TXN-100725,26.93,1.9,20,0,1,0,0,0
TXN-100726,1025.61,170.8,1,0,4,3,1,1
TXN-100727,55.44,2.2,16,0,1,0,0,0
TXN-100728,10.64,7.4,10,0,1,0,0,0
TXN-100729,40.2,7.1,22,1,1,0,0,0
TXN-100730,37.34,6.2,6,0,1,0,0,0
TXN-100731,9.07,9.3,8,0,1,0,0,0
TXN-100732,21.37,7.0,17,0,1,0,0,0
TXN-100733,26.33,1.3,10,0,2,1,0,0
TXN-100734,145.7,0.8,17,0,2,0,0,0
TXN-100735,12.48,6.1,11,0,1,0,0,0
TXN-100736,368.82,0.3,13,0,1,0,0,0
TXN-100737,39.62,0.5,20,0,2,0,0,0
TXN-100738,51.91,0.2,20,0,1,0,0,0
TXN-100739,205.93,4.1,9,0,1,0,0,0
TXN-100740,73.35,2.9,9,0,1,0,0,0
TXN-100741,61.46,5.1,12,0,1,0,0,0
TXN-100742,4.03,2.2,13,0,1,1,0,0
TXN-100743,115.92,0.3,6,0,1,0,0,0
TXN-100744,34.87,8.6,14,0,1,0,0,0
TXN-100745,54.76,2.1,11,0,1,0,0,0
TXN-100746,15.51,12.1,13,0,1,0,0,0
TXN-100747,15.09,2.9,19,0,1,0,0,0
TXN-100748,66.93,2.9,8,0,1,0,0,0
TXN-100749,113.66,9.6,12,0,1,0,0,0
TXN-100750,62.01,10.5,9,0,1,0,0,0
TXN-100751,49.34,1.4,7,0,1,0,0,0
TXN-100752,62.03,3.1,17,0,1,0,0,0
TXN-100753,11.06,0.5,18,0,1,0,0,0
TXN-100754,33.02,6.9,7,0,1,0,0,0
TXN-100755,96.61,5.3,7,0,1,0,0,0
TXN-100756,36.36,6.3,6,0,1,0,0,0
TXN-100757,30.06,3.9,9,0,1,0,0,0
TXN-100758,67.15,13.0,20,0,1,0,0,0
TXN-100759,84.63,0.1,21,1,1,0,0,0
TXN-100760,64.26,7.5,10,0,1,0,0,0
TXN-100761,306.18,88.1,5,1,4,0,0,1
TXN-100762,20.89,6.9,7,0,1,0,0,0
TXN-100763,16.4,2.3,14,1,1,0,0,0
TXN-100764,27.31,18.5,18,0,1,1,0,0
TXN-100765,22.71,5.6,16,0,1,0,0,0
TXN-100766,11.44,1.0,9,0,1,0,0,0
TXN-100767,45.78,1.1,18,0,1,0,0,0
TXN-100768,96.26,9.8,22,0,1,0,0,0
TXN-100769,35.43,6.6,11,0,1,0,0,0
TXN-100770,40.05,0.7,21,0,1,0,0,0
TXN-100771,62.2,3.9,19,0,1,0,0,0
TXN-100772,77.58,0.9,19,0,1,0,0,0
TXN-100773,55.3,0.6,10,0,1,0,0,0
TXN-100774,63.3,13.6,14,0,2,0,0,0
TXN-100775,56.04,4.6,18,0,1,0,0,0
TXN-100776,101.83,5.9,8,0,1,0,0,0
TXN-100777,26.65,18.1,9,0,1,0,0,0
TXN-100778,9.69,0.5,20,0,1,0,0,0
TXN-100779,43.57,1.4,6,0,1,0,0,0
TXN-100780,48.7,0.1,10,0,1,0,0,0
TXN-100781,127.87,2.1,14,0,1,0,0,0
TXN-100782,7.09,11.2,18,0,1,0,0,0
TXN-100783,25.69,13.1,12,0,1,0,0,0
TXN-100784,48.11,3.0,16,0,1,0,0,0
TXN-100785,23.16,5.6,8,0,1,0,0,0
TXN-100786,76.95,2.7,18,0,1,0,0,0
TXN-100787,51.68,8.0,7,0,1,0,0,0
TXN-100788,26.82,4.4,9,0,2,0,0,0
TXN-100789,15.89,4.0,6,0,1,0,0,0
TXN-100790,5.26,5.6,8,0,1,0,0,0
TXN-100791,179.1,8.4,9,0,2,0,0,0
TXN-100792,59.99,2.4,9,0,2,0,0,0
TXN-100793,179.96,12.9,13,0,1,0,0,0
TXN-100794,21.62,4.4,13,0,1,0,0,0
TXN-100795,18.66,7.3,18,0,1,0,0,0
TXN-100796,12.06,3.6,7,0,1,0,0,0
TXN-100797,2966.02,116.8,0,0,4,1,1,1
TXN-100798,52.07,4.7,20,0,1,0,0,0
TXN-100799,73.34,2.6,8,0,2,0,0,0
TXN-100800,20.54,8.0,21,0,1,0,0,0
TXN-100801,38.94,0.3,17,0,2,0,1,0
TXN-100802,120.17,14.7,21,0,1,0,0,0
TXN-100803,79.23,2.5,7,0,1,0,0,0
TXN-100804,64.06,5.8,17,0,1,0,0,0
TXN-100805,30.91,3.5,20,0,1,0,0,0
TXN-100806,10.24,9.9,10,0,1,0,0,0
TXN-100807,61.86,1.8,6,0,2,0,0,0
TXN-100808,99.77,4.1,10,0,1,0,0,0
TXN-100809,65.77,23.0,11,0,1,0,0,0
TXN-100810,101.92,0.3,14,0,1,0,0,0
TXN-100811,54.91,2.7,18,0,1,0,0,0
TXN-100812,58.58,9.4,10,0,1,0,0,0
TXN-100813,27.97,11.3,8,0,2,0,0,0
TXN-100814,65.74,1.5,22,0,2,0,0,0
TXN-100815,44.89,4.0,7,0,1,0,0,0
TXN-100816,12.04,8.1,21,0,2,0,0,0
TXN-100817,35.88,5.3,11,0,1,0,0,0
TXN-100818,10.64,5.7,19,0,1,0,0,0
TXN-100819,69.0,38.1,21,0,1,0,0,0
TXN-100820,66.73,8.1,12,0,1,0,0,0
TXN-100821,14.94,1.5,12,0,2,0,0,0
TXN-100822,29.75,9.4,21,0,2,0,0,0
TXN-100823,42.65,2.2,6,0,2,0,0,0
TXN-100824,29.68,2.1,7,0,1,0,0,0
TXN-100825,142.71,1.6,9,0,2,0,0,0
TXN-100826,104.48,2.1,9,0,1,0,0,0
TXN-100827,60.54,3.7,9,0,1,0,0,0
TXN-100828,18.84,2.2,21,0,2,0,0,0
TXN-100829,49.76,0.0,7,0,1,0,0,0
TXN-100830,103.32,3.7,14,0,1,0,0,0
TXN-100831,7.99,1.5,7,0,1,0,0,0
TXN-100832,51.82,1.0,21,0,1,0,0,0
TXN-100833,66.95,4.0,14,0,1,0,0,0
TXN-100834,1753.29,136.5,23,0,5,1,1,1
TXN-100835,37.25,10.6,9,0,1,0,0,0
TXN-100836,75.33,4.5,7,0,1,0,0,0
TXN-100837,316.27,15.3,22,0,1,0,0,0
TXN-100838,16.35,1.7,19,0,1,0,0,0
TXN-100839,107.64,9.3,17,0,2,0,0,0
TXN-100840,7.98,7.2,8,1,1,0,0,0
TXN-100841,42.76,2.4,13,1,1,0,0,0
TXN-100842,84.04,0.5,22,0,1,0,0,0
TXN-100843,78.18,3.8,10,0,1,0,0,0
TXN-100844,71.52,1.3,12,0,1,0,0,0
TXN-100845,31.58,3.6,16,1,1,0,0,0
TXN-100846,263.76,2.3,12,0,1,0,0,0
TXN-100847,39.86,22.4,22,0,1,0,0,0
TXN-100848,21.29,4.9,10,0,1,0,0,0
TXN-100849,15.61,13.7,20,0,1,0,0,0
TXN-100850,102.49,2.7,14,0,2,0,0,0
TXN-100851,26.17,7.2,8,0,1,0,0,0
TXN-100852,58.33,5.0,19,1,1,0,0,0
TXN-100853,23.11,5.9,11,0,1,0,0,0
TXN-100854,99.16,1.1,9,0,1,0,0,0
TXN-100855,18.81,0.2,17,0,1,0,0,0
TXN-100856,62.67,1.2,20,0,1,0,0,0
TXN-100857,23.27,1.3,11,0,1,0,0,0
TXN-100858,35.09,15.2,8,0,1,0,0,0
TXN-100859,68.67,14.7,21,0,1,0,0,0
TXN-100860,56.32,1.6,12,0,1,0,0,0
TXN-100861,31.85,1.1,12,0,1,0,0,0
TXN-100862,26.07,2.5,17,0,1,0,0,0
TXN-100863,25.17,7.9,13,0,1,1,0,0
TXN-100864,30.94,25.5,15,0,1,0,0,0
TXN-100865,35.82,0.8,19,0,1,0,0,0
TXN-100866,28.31,0.6,20,0,1,0,0,0
TXN-100867,43.59,5.4,15,0,1,0,0,0
TXN-100868,31.85,6.7,14,0,1,0,0,0
TXN-100869,19.11,10.2,11,0,1,0,0,0
TXN-100870,145.08,7.8,20,0,2,0,0,0
TXN-100871,31.43,31.8,14,0,1,0,0,0
TXN-100872,354.83,3.4,16,0,2,0,0,0
TXN-100873,61.35,2.6,6,0,1,0,0,0
TXN-100874,197.42,6.1,9,0,1,0,0,0
TXN-100875,58.4,2.5,8,0,1,0,0,0
TXN-100876,10.1,2.7,20,0,1,0,0,0
TXN-100877,84.55,7.2,10,0,1,0,0,0
TXN-100878,196.15,2.7,21,1,1,0,1,0
TXN-100879,28.34,2.9,20,0,1,0,0,0
TXN-100880,8.9,3.5,21,0,1,0,0,0
TXN-100881,52.22,1.6,12,0,1,0,0,0
TXN-100882,19.96,2.8,17,0,1,0,0,0
TXN-100883,49.63,10.4,15,1,1,0,0,0
TXN-100884,12.37,7.9,14,0,1,0,0,0
TXN-100885,100.08,1.4,9,0,1,0,0,0
TXN-100886,78.13,6.1,15,0,1,0,0,0
TXN-100887,42.75,18.9,16,0,1,0,0,0
TXN-100888,16.41,0.2,19,0,1,1,0,0
TXN-100889,18.61,0.7,21,0,1,0,0,0
TXN-100890,23.29,7.8,11,0,1,1,0,0
TXN-100891,27.96,0.0,22,0,2,0,0,0
TXN-100892,44.0,4.2,7,0,1,1,1,0
TXN-100893,21.27,7.4,11,0,1,0,0,0
TXN-100894,120.88,0.7,13,0,1,0,0,0
TXN-100895,524.0,0.5,17,1,1,0,0,0
TXN-100896,78.92,1.5,19,0,2,0,0,0
TXN-100897,25.99,0.4,10,0,1,0,0,0
TXN-100898,15.1,10.5,12,1,1,0,0,0
TXN-100899,52.21,12.9,7,0,1,0,0,0
TXN-100900,50.01,0.2,14,0,1,0,0,0
TXN-100901,54.7,0.8,14,0,1,0,0,0
TXN-100902,39.81,4.5,12,0,1,0,0,0
TXN-100903,28.56,0.5,17,0,1,0,0,0
TXN-100904,19.28,4.3,12,1,1,0,0,0
TXN-100905,17.8,1.7,6,0,1,0,0,0
TXN-100906,92.42,0.5,18,0,1,0,0,0
TXN-100907,66.01,10.5,17,0,1,0,0,0
TXN-100908,56.77,2.0,18,0,1,0,0,0
TXN-100909,25.05,2.6,18,0,1,0,1,0
TXN-100910,31.07,1.7,11,0,2,0,0,0
TXN-100911,54.39,3.5,21,0,1,0,0,0
TXN-100912,25.17,3.2,9,0,1,0,0,0
TXN-100913,76.54,3.4,20,0,1,0,0,0
TXN-100914,35.23,0.9,14,0,1,0,0,0
TXN-100915,260.24,4.1,15,0,1,1,0,0
TXN-100916,68.72,6.4,16,0,1,0,0,0
TXN-100917,57.88,10.2,9,0,1,0,0,0
TXN-100918,26.89,4.4,21,1,2,0,0,0
TXN-100919,26.88,1.8,21,0,1,0,0,0
TXN-100920,113.24,32.9,10,0,1,0,0,0
TXN-100921,33.49,0.3,13,0,1,0,0,0
TXN-100922,65.58,11.0,7,0,1,0,0,0
TXN-100923,12.45,10.7,11,0,1,0,0,0
TXN-100924,7.83,13.4,16,0,1,0,0,0
TXN-100925,26.97,5.1,8,0,1,0,0,0
TXN-100926,30.5,1.6,16,0,1,0,0,0
TXN-100927,41.65,0.1,6,0,1,0,0,0
TXN-100928,66.83,9.7,11,0,1,0,0,0
TXN-100929,57.07,2.1,13,0,1,0,0,0
TXN-100930,33.95,3.5,8,0,1,0,0,0
TXN-100931,248.8,7.8,22,0,1,0,0,0
TXN-100932,116.32,5.1,8,0,1,0,0,0
TXN-100933,71.94,11.8,9,0,1,0,0,0
TXN-100934,180.89,0.4,12,0,1,0,0,0
TXN-100935,36.38,3.8,11,0,1,0,0,0
TXN-100936,141.87,10.6,16,0,1,0,0,0
TXN-100937,36.31,2.3,7,0,1,0,0,0
TXN-100938,64.92,4.2,17,1,1,0,0,0
TXN-100939,69.74,4.2,20,0,1,0,0,0
TXN-100940,74.9,1.2,22,0,2,0,0,0
TXN-100941,53.86,21.8,17,0,1,0,0,0
TXN-100942,90.46,0.2,22,0,1,0,0,0
TXN-100943,88.21,1.6,8,0,1,0,0,0
TXN-100944,86.18,7.5,20,0,1,0,0,0
TXN-100945,10.79,6.8,21,0,1,0,0,0
TXN-100946,116.99,5.7,11,0,1,0,0,0
TXN-100947,30.51,5.0,10,1,1,0,0,0
TXN-100948,67.42,21.3,16,1,1,0,0,0
TXN-100949,22.39,9.2,17,0,1,1,0,0
TXN-100950,48.33,1.9,15,0,1,0,0,0
TXN-100951,23.65,2.5,6,0,1,0,0,0
TXN-100952,33.86,8.9,13,0,1,1,0,0
TXN-100953,30.71,0.3,12,0,2,0,0,0
TXN-100954,148.5,13.1,21,0,1,0,0,0
TXN-100955,1349.55,54.8,23,1,6,1,1,1
TXN-100956,14.8,1.3,15,0,1,0,0,0
TXN-100957,152.37,2.2,12,0,1,0,0,0
TXN-100958,46.08,1.2,14,0,1,0,0,0
TXN-100959,178.1,2.0,15,0,1,1,0,0
TXN-100960,55.97,1.0,13,0,1,0,0,0
TXN-100961,10.86,15.4,11,0,1,0,0,0
TXN-100962,28.78,1.4,11,0,2,0,0,0
TXN-100963,41.2,2.6,14,0,2,0,0,0
TXN-100964,35.8,5.3,9,0,1,0,0,0
TXN-100965,32.41,7.0,21,0,1,0,0,0
TXN-100966,115.77,22.2,22,0,1,0,0,0
TXN-100967,10.79,11.9,13,0,2,0,0,0
TXN-100968,93.25,9.1,18,0,1,0,0,0
TXN-100969,96.19,7.2,15,0,1,0,0,0
TXN-100970,38.84,1.8,17,0,2,0,0,0
TXN-100971,21.64,11.5,20,1,1,0,0,0
TXN-100972,45.47,19.9,17,0,1,0,0,0
TXN-100973,109.38,0.9,19,1,1,0,0,0
TXN-100974,21.68,5.7,12,0,1,0,0,0
TXN-100975,127.9,3.6,13,0,1,0,0,0
TXN-100976,40.78,9.0,21,0,1,0,0,0
TXN-100977,196.69,2.5,10,0,2,0,0,0
TXN-100978,20.13,4.8,19,0,2,0,0,0
TXN-100979,20.44,6.9,9,0,1,0,0,0
TXN-100980,176.84,1.2,15,0,1,0,0,0
TXN-100981,31.27,1.9,7,0,1,0,1,0
TXN-100982,30.8,11.2,11,0,1,0,0,0
TXN-100983,13.82,2.9,16,0,2,1,0,0
TXN-100984,96.65,3.2,15,0,1,0,0,0
TXN-100985,88.69,0.9,19,0,1,0,0,0
TXN-100986,45.51,5.2,22,0,2,0,0,0
TXN-100987,134.25,16.4,15,0,1,0,0,0
TXN-100988,22.9,5.7,15,0,1,1,0,0
TXN-100989,58.6,0.5,13,0,1,0,0,0
TXN-100990,68.76,9.8,12,0,1,0,0,0
TXN-100991,44.37,5.9,6,0,2,0,0,0
TXN-100992,122.57,1.9,13,0,1,0,0,0
TXN-100993,48.35,2.2,8,0,2,0,0,0
TXN-100994,4.25,2.5,9,0,1,0,0,0
TXN-100995,69.5,0.3,15,0,1,0,0,0
TXN-100996,26.0,1.5,13,0,1,0,0,0
TXN-100997,27.45,3.8,18,0,1,0,0,0
TXN-100998,66.23,17.4,7,0,1,0,0,0
TXN-100999,53.76,17.3,17,0,1,0,1,0
TXN-101000,29.61,16.6,22,0,1,0,0,0
TXN-101001,19.86,1.6,10,0,1,0,0,0
TXN-101002,26.83,2.4,19,0,1,0,0,0
TXN-101003,55.08,0.1,21,0,1,0,0,0
TXN-101004,16.8,1.6,12,0,1,0,0,0
TXN-101005,24.59,8.8,20,0,2,0,1,0
TXN-101006,93.76,6.1,16,0,1,0,0,0
TXN-101007,48.76,3.5,7,0,1,0,0,0
TXN-101008,9.89,10.0,16,0,1,0,0,0
TXN-101009,40.16,0.1,14,0,1,0,0,0
TXN-101010,23.65,4.0,8,0,1,0,0,0
TXN-101011,24.79,0.4,15,0,1,0,0,0
TXN-101012,49.87,0.4,13,0,1,0,0,0
TXN-101013,79.06,4.4,13,0,1,1,0,0
TXN-101014,115.21,6.1,8,0,2,0,0,0
TXN-101015,136.18,21.6,12,0,1,0,0,0
TXN-101016,8.1,8.7,8,0,1,0,0,0
TXN-101017,24.14,0.8,11,0,1,0,0,0
TXN-101018,58.86,2.2,21,0,1,0,0,0
TXN-101019,50.19,1.9,10,0,1,0,0,0
TXN-101020,106.16,75.7,5,0,5,1,1,1
TXN-101021,91.08,1.2,20,1,1,0,0,0
TXN-101022,65.11,18.2,20,0,1,0,0,0
TXN-101023,218.53,7.2,16,1,1,0,0,0
TXN-101024,66.26,1.9,20,0,2,0,1,0
TXN-101025,130.81,1.2,22,0,1,0,0,0
TXN-101026,54.2,13.5,19,0,1,0,0,0
TXN-101027,253.85,14.7,20,0,1,1,0,0
TXN-101028,107.47,1.0,13,0,2,0,0,0
TXN-101029,47.48,0.9,22,0,1,0,0,0
TXN-101030,76.38,10.1,11,0,1,0,0,0
TXN-101031,143.23,2.3,22,0,1,0,0,0
TXN-101032,87.89,6.9,15,0,1,0,0,0
TXN-101033,64.0,1.1,22,0,2,0,0,0
TXN-101034,20.52,6.4,11,0,1,0,0,0
TXN-101035,17.16,3.2,13,0,1,0,0,0
TXN-101036,67.02,0.6,10,0,1,0,0,0
TXN-101037,64.6,1.1,14,0,1,0,0,0
TXN-101038,56.19,6.4,7,0,1,0,0,0
TXN-101039,114.29,4.5,18,0,2,0,0,0
TXN-101040,66.84,0.5,14,0,1,0,0,0
TXN-101041,45.73,1.7,9,0,1,0,0,0
TXN-101042,27.4,23.4,14,0,1,0,0,0
TXN-101043,10.71,0.6,19,0,1,0,0,0
TXN-101044,75.26,1.2,21,0,2,0,0,0
TXN-101045,76.01,1.3,12,0,1,0,0,0
TXN-101046,52.23,4.2,22,0,1,0,0,0
TXN-101047,577.09,390.6,0,1,5,3,1,1
TXN-101048,22.58,3.0,17,0,2,0,0,0
TXN-101049,18.42,4.9,7,0,1,0,0,0
TXN-101050,12.26,21.0,15,0,1,0,0,0
TXN-101051,138.57,2.2,19,0,1,0,0,0
TXN-101052,60.84,3.4,20,0,2,0,0,0
TXN-101053,58.0,4.8,19,0,1,0,0,0
TXN-101054,40.33,12.0,9,0,1,0,0,0
TXN-101055,21.8,2.9,18,0,1,0,0,0
TXN-101056,41.84,19.4,6,1,2,0,0,0
TXN-101057,37.81,10.3,12,0,1,0,0,0
TXN-101058,61.96,4.7,21,0,1,1,0,0
TXN-101059,28.11,1.8,22,0,1,0,0,0
TXN-101060,73.85,0.3,17,0,1,0,0,0
TXN-101061,101.39,9.8,19,0,1,0,0,0
TXN-101062,37.35,0.5,7,0,1,0,0,0
TXN-101063,17.71,12.9,14,0,1,0,1,0
TXN-101064,95.03,0.3,6,0,1,0,0,0
TXN-101065,87.71,1.7,22,0,1,0,0,0
TXN-101066,93.16,3.1,6,0,1,0,0,0
TXN-101067,37.57,2.9,21,1,1,0,0,0
TXN-101068,73.79,0.3,20,0,1,1,0,0
TXN-101069,24.99,10.7,17,0,1,0,0,0
TXN-101070,55.38,3.5,19,0,1,0,0,0
TXN-101071,207.45,2.4,22,0,1,0,0,0
TXN-101072,52.06,1.5,19,0,1,0,0,0
TXN-101073,39.33,9.7,6,1,1,0,0,0
TXN-101074,23.06,8.9,10,0,1,0,0,0
TXN-101075,106.13,20.1,13,1,2,0,0,0
TXN-101076,43.59,5.6,11,0,1,0,0,0
TXN-101077,114.76,6.1,9,0,1,0,0,0
TXN-101078,18.1,2.1,6,0,1,0,0,0
TXN-101079,87.67,12.3,18,0,1,0,0,0
TXN-101080,56.43,2.2,10,0,1,0,0,0
TXN-101081,36.66,1.5,10,0,2,0,0,0
TXN-101082,18.96,4.9,21,0,1,0,0,0
TXN-101083,74.92,8.8,10,0,1,0,0,0
TXN-101084,134.66,0.4,7,0,1,0,0,0
TXN-101085,61.35,8.5,21,0,1,0,0,0
TXN-101086,86.17,1.2,9,0,1,0,1,0
TXN-101087,38.78,9.1,17,0,1,0,0,0
TXN-101088,87.87,4.2,16,0,1,0,0,0
TXN-101089,1901.4,76.7,4,0,3,1,1,1
TXN-101090,14.33,1.1,17,0,1,1,0,0
TXN-101091,54.92,28.3,21,1,1,0,0,0
TXN-101092,354.36,4.0,21,0,1,0,0,0
TXN-101093,46.5,1.0,16,0,1,0,0,0
TXN-101094,75.76,17.4,8,0,1,0,0,0
TXN-101095,64.47,0.5,8,0,1,0,0,0
TXN-101096,35.23,1.4,22,0,2,0,0,0
TXN-101097,45.87,7.9,10,0,1,0,0,0
TXN-101098,74.51,4.3,16,0,1,0,0,0
TXN-101099,1056.35,236.4,4,1,3,1,0,1
TXN-101100,108.09,7.7,19,0,1,0,0,0
TXN-101101,68.12,0.8,22,0,1,0,0,0
TXN-101102,12.93,7.1,12,0,1,0,0,0
TXN-101103,32.67,13.1,19,0,2,0,0,0
TXN-101104,53.17,2.7,17,0,1,0,0,0
TXN-101105,98.85,2.9,8,0,2,0,0,0
TXN-101106,26.21,1.8,15,0,1,0,0,0
TXN-101107,46.82,9.5,12,0,1,0,0,0
TXN-101108,53.44,9.8,11,0,1,0,0,0
TXN-101109,39.59,0.9,10,0,1,0,0,0
TXN-101110,85.32,0.5,21,0,1,0,0,0
TXN-101111,62.3,3.9,7,0,1,0,0,0
TXN-101112,49.46,1.2,16,0,1,0,1,0
TXN-101113,52.01,16.1,22,0,1,0,0,0
TXN-101114,17.13,1.6,18,0,1,0,0,0
TXN-101115,115.97,4.0,14,0,1,0,0,0
TXN-101116,20.1,5.1,18,0,2,0,0,0
TXN-101117,7.87,7.1,17,0,1,0,0,0
TXN-101118,61.99,4.6,9,0,2,0,0,0
TXN-101119,35.29,1.7,6,0,1,0,0,0
TXN-101120,5.79,6.5,12,0,1,0,0,0
TXN-101121,31.71,3.1,13,0,1,0,0,0
TXN-101122,29.82,1.6,12,0,2,0,0,0
TXN-101123,155.56,2.7,7,0,1,0,0,0
TXN-101124,37.45,14.6,19,0,1,0,0,0
TXN-101125,53.91,5.3,22,0,1,0,0,0
TXN-101126,13.51,1.2,19,0,1,0,0,0
TXN-101127,41.88,4.8,15,0,1,0,0,0
TXN-101128,72.63,7.7,10,0,1,0,0,0
TXN-101129,64.13,4.2,17,0,2,0,0,0
TXN-101130,38.83,0.8,14,0,1,0,0,0
TXN-101131,27.03,12.3,13,0,1,0,0,0
TXN-101132,13.26,3.6,8,0,1,0,0,0
TXN-101133,119.39,28.7,17,0,1,0,0,0
TXN-101134,64.53,2.3,18,0,2,0,0,0
TXN-101135,26.08,4.1,9,0,1,0,0,0
TXN-101136,8.29,1.0,10,0,2,0,0,0
TXN-101137,60.27,5.3,18,0,1,1,0,0
TXN-101138,88.46,2.4,9,0,1,0,0,0
TXN-101139,23.47,7.5,17,0,2,0,0,0
TXN-101140,99.17,1.3,9,0,1,0,0,0
TXN-101141,35.82,1.7,11,0,1,0,0,0
TXN-101142,33.56,0.5,8,0,1,0,0,0
TXN-101143,14.21,5.3,8,0,1,0,0,0
TXN-101144,102.11,5.5,14,0,2,0,0,0
TXN-101145,26.48,7.1,20,0,1,0,0,0
TXN-101146,37.25,0.7,14,0,1,0,0,0
TXN-101147,75.75,0.0,17,0,2,1,0,0
TXN-101148,63.48,10.2,14,0,1,0,0,0
TXN-101149,134.28,9.6,9,0,2,0,0,0
TXN-101150,12.36,7.4,20,0,1,0,0,0
TXN-101151,62.22,10.3,20,0,2,0,0,0
TXN-101152,142.91,0.4,14,0,1,0,0,0
TXN-101153,66.34,2.1,17,0,2,0,0,0
TXN-101154,31.16,4.1,7,0,1,0,0,0
TXN-101155,54.14,7.0,14,0,2,0,0,0
TXN-101156,51.87,7.2,9,0,1,0,0,0
TXN-101157,41.15,7.7,13,0,2,0,0,0
TXN-101158,195.79,101.1,2,1,3,1,0,1
TXN-101159,33.42,10.9,17,0,2,0,0,0
TXN-101160,102.71,0.1,10,0,1,0,0,0
TXN-101161,46.07,6.2,16,0,1,0,0,0
TXN-101162,22.88,9.9,9,0,1,0,0,0
TXN-101163,377.38,61.4,4,1,4,3,1,1
TXN-101164,70.22,0.3,13,0,1,0,0,0
TXN-101165,78.03,9.9,15,0,1,0,0,0
TXN-101166,38.03,7.8,21,0,1,0,0,0
TXN-101167,66.91,12.1,12,0,1,0,0,0
TXN-101168,9.97,4.0,18,0,1,0,0,0
TXN-101169,47.49,4.6,13,0,1,0,0,0
TXN-101170,15.93,6.4,17,0,2,0,0,0
TXN-101171,7.55,19.5,15,0,1,0,0,0
TXN-101172,58.27,3.3,19,0,1,0,0,0
TXN-101173,70.56,1.8,10,0,1,0,0,0
TXN-101174,61.54,7.1,13,1,1,0,0,0
TXN-101175,26.31,5.9,22,1,1,0,0,0
TXN-101176,24.09,0.5,6,0,1,0,0,0
TXN-101177,23.8,3.8,22,0,1,0,0,0
TXN-101178,100.01,22.0,9,0,1,0,0,0
TXN-101179,67.29,1.3,8,0,2,0,0,0
TXN-101180,66.28,1.3,8,0,1,0,1,0
TXN-101181,16.98,19.5,20,0,1,0,1,0
TXN-101182,101.21,0.2,20,0,1,0,0,0
TXN-101183,18.09,5.7,17,0,1,0,0,0
TXN-101184,115.54,7.5,9,0,1,0,0,0
TXN-101185,26.25,1.0,21,0,1,0,0,0
TXN-101186,156.14,12.3,19,0,1,0,0,0
TXN-101187,33.13,1.1,16,0,1,0,0,0
TXN-101188,52.94,2.8,14,0,1,0,1,0
TXN-101189,126.38,3.1,10,0,1,0,0,0
TXN-101190,367.2,1.0,11,0,2,0,0,0
TXN-101191,15.91,7.4,7,0,1,0,0,0
TXN-101192,114.87,1.0,18,0,1,0,0,0
TXN-101193,9.93,2.9,10,0,1,0,0,0
TXN-101194,10.91,0.6,15,0,1,0,0,0
TXN-101195,23.09,2.7,12,0,1,0,0,0
TXN-101196,115.72,13.1,19,0,1,0,0,0
TXN-101197,85.85,11.8,13,0,1,0,0,0
TXN-101198,66.74,2.2,9,0,1,0,0,0
TXN-101199,148.74,1.1,17,0,1,0,0,0
TXN-101200,66.95,1.2,18,0,1,0,0,0
TXN-101201,21.48,1.7,14,0,2,0,0,0
TXN-101202,102.75,1.0,19,0,1,0,0,0
TXN-101203,39.52,9.1,22,0,1,0,0,0
TXN-101204,37.18,12.1,13,0,1,0,0,0
TXN-101205,57.57,2.5,10,0,1,0,0,0
TXN-101206,45.38,0.2,16,0,1,0,0,0
TXN-101207,32.07,0.2,15,0,1,0,0,0
TXN-101208,36.17,4.4,14,0,1,0,0,0
TXN-101209,62.65,0.9,9,0,1,0,0,0
TXN-101210,22.09,1.2,21,0,1,0,0,0
TXN-101211,29.29,1.4,20,0,1,0,0,0
TXN-101212,41.41,11.7,9,0,1,0,0,0
TXN-101213,12.7,5.5,8,0,1,0,0,0
TXN-101214,156.73,1.3,21,0,1,0,0,0
TXN-101215,40.32,0.0,16,0,1,0,0,0
TXN-101216,59.21,1.1,7,0,1,0,0,0
TXN-101217,61.76,0.0,8,0,2,1,0,0
TXN-101218,163.79,0.4,7,0,1,0,0,0
TXN-101219,10.91,11.8,13,0,1,0,0,0
TXN-101220,36.22,2.2,9,0,1,0,0,0
TXN-101221,10.58,7.4,21,0,1,0,0,0
TXN-101222,291.47,3.6,15,0,1,0,0,0
TXN-101223,56.6,7.8,15,0,2,0,0,0
TXN-101224,59.94,0.0,15,1,1,0,0,0
TXN-101225,77.62,2.1,8,0,1,0,0,0
TXN-101226,41.42,2.3,16,0,2,0,0,0
TXN-101227,115.99,7.2,17,0,1,0,0,0
TXN-101228,109.44,11.0,8,0,1,0,0,0
TXN-101229,57.18,6.9,6,0,1,0,0,0
TXN-101230,37.17,14.0,10,0,1,0,0,0
TXN-101231,77.21,0.4,18,0,1,0,0,0
TXN-101232,38.57,2.6,13,0,1,0,0,0
TXN-101233,50.37,6.0,16,0,1,0,0,0
TXN-101234,24.22,8.2,20,0,1,0,0,0
TXN-101235,33.11,2.6,10,0,1,0,0,0
TXN-101236,66.23,10.9,11,0,1,0,1,0
TXN-101237,153.29,9.4,17,0,1,0,0,0
TXN-101238,40.19,21.7,20,0,1,0,0,0
TXN-101239,18.17,30.8,13,0,1,0,0,0
TXN-101240,341.3,278.3,23,1,6,1,1,1
TXN-101241,30.27,2.0,9,0,1,0,0,0
TXN-101242,1118.55,83.9,23,1,6,1,1,1
TXN-101243,92.83,10.8,12,0,1,0,0,0
TXN-101244,25.29,6.6,6,0,1,1,0,0
TXN-101245,42.78,7.9,15,0,1,0,0,0
TXN-101246,86.43,5.7,10,0,1,0,0,0
TXN-101247,16.39,3.0,21,0,1,0,0,0
TXN-101248,148.11,8.9,20,0,1,0,0,0
TXN-101249,12.02,0.3,13,1,1,0,0,0
TXN-101250,28.78,1.4,15,0,2,0,0,0
TXN-101251,69.89,3.8,6,1,1,0,0,0
TXN-101252,25.53,3.2,20,0,1,0,1,0
TXN-101253,40.29,7.4,20,0,1,0,0,0
TXN-101254,30.71,2.4,20,0,1,0,0,0
TXN-101255,64.18,1.7,22,0,1,0,0,0
TXN-101256,84.8,2.8,20,0,1,0,1,0
TXN-101257,22.44,2.1,22,0,1,0,0,0
TXN-101258,111.04,2.3,9,0,1,0,0,0
TXN-101259,55.93,1.4,12,0,1,0,0,0
TXN-101260,26.42,5.2,21,0,2,0,0,0
TXN-101261,18.15,1.7,15,0,1,0,0,0
TXN-101262,42.7,12.4,12,0,1,0,0,0
TXN-101263,63.52,0.9,7,0,1,0,0,0
TXN-101264,91.46,1.7,22,0,1,0,0,0
TXN-101265,16.0,5.2,15,0,1,0,0,0
TXN-101266,21.34,2.3,9,0,2,0,1,0
TXN-101267,70.47,14.3,12,0,1,0,0,0
TXN-101268,152.77,20.0,20,0,1,0,0,0
TXN-101269,69.6,2.8,22,0,1,0,0,0
TXN-101270,108.48,11.9,17,0,1,0,0,0
TXN-101271,31.16,5.3,17,0,1,0,0,0
TXN-101272,39.26,0.7,11,0,2,0,0,0
TXN-101273,29.52,1.8,19,0,2,0,0,0
TXN-101274,75.82,4.0,9,0,1,0,0,0
TXN-101275,12.99,4.2,15,0,1,0,0,0
TXN-101276,9.25,1.7,9,0,2,0,0,0
TXN-101277,119.65,1.3,13,0,1,0,0,0
TXN-101278,26.97,6.0,11,0,1,0,0,0
TXN-101279,44.31,0.1,18,0,1,0,0,0
TXN-101280,65.6,9.0,9,0,1,0,0,0
TXN-101281,191.54,0.4,16,0,2,0,0,0
TXN-101282,45.2,4.8,8,0,1,0,0,0
TXN-101283,72.38,2.2,18,0,1,0,0,0
TXN-101284,51.16,1.8,14,0,1,0,0,0
TXN-101285,110.15,2.0,9,1,1,0,0,0
TXN-101286,149.74,2.2,20,0,1,0,0,0
TXN-101287,66.57,2.5,8,0,1,0,0,0
TXN-101288,27.95,5.7,10,1,2,0,0,0
TXN-101289,132.21,4.2,6,0,1,1,0,0
TXN-101290,19.59,2.7,22,0,1,0,0,0
TXN-101291,25.49,10.9,13,0,1,1,0,0
TXN-101292,147.18,4.3,7,0,1,0,0,0
TXN-101293,79.81,16.8,20,0,1,0,0,0
TXN-101294,23.71,3.1,20,0,1,0,0,0
TXN-101295,33.37,3.1,12,0,2,0,0,0
TXN-101296,38.83,0.4,18,0,1,0,0,0
TXN-101297,105.31,0.5,14,0,2,0,0,0
TXN-101298,3.34,5.7,18,0,1,0,0,0
TXN-101299,14.98,5.6,10,0,1,0,0,0
TXN-101300,47.36,0.1,17,0,1,0,0,0
TXN-101301,17.64,1.3,8,0,1,0,0,0
TXN-101302,22.44,7.7,11,0,1,0,0,0
TXN-101303,42.92,5.5,9,0,2,0,0,0
TXN-101304,77.36,2.3,9,0,1,0,0,0
TXN-101305,91.34,0.6,10,0,1,0,0,0
TXN-101306,47.19,8.8,12,0,1,1,0,0
TXN-101307,67.76,3.2,9,0,1,0,0,0
TXN-101308,23.86,5.3,9,0,1,0,0,0
TXN-101309,29.21,2.1,21,0,1,0,0,0
TXN-101310,24.28,1.4,21,0,1,0,0,0
TXN-101311,26.33,0.1,15,0,1,1,0,0
TXN-101312,25.78,1.8,18,0,1,0,0,0
TXN-101313,49.29,4.9,22,0,1,0,0,0
TXN-101314,40.67,8.3,21,0,1,0,0,0
TXN-101315,45.43,5.4,17,0,1,1,0,0
TXN-101316,47.7,5.3,17,0,1,0,0,0
TXN-101317,45.95,1.2,21,0,1,0,0,0
TXN-101318,16.43,3.6,7,1,1,0,0,0
TXN-101319,31.8,5.7,10,0,1,0,0,0
TXN-101320,91.74,8.0,21,0,2,0,0,0
TXN-101321,161.33,2.0,12,0,2,0,0,0
TXN-101322,120.27,6.5,18,0,2,0,0,0
TXN-101323,44.76,2.1,21,0,1,0,0,0
TXN-101324,32.53,1.1,18,0,1,0,0,0
TXN-101325,48.54,1.0,10,0,1,0,0,0
TXN-101326,139.1,5.3,9,0,1,0,0,0
TXN-101327,39.31,3.9,12,0,1,0,0,0
TXN-101328,28.8,8.8,20,0,1,0,0,0
TXN-101329,33.18,1.4,12,0,1,0,0,0
TXN-101330,162.69,18.2,8,0,1,0,0,0
TXN-101331,41.2,1.5,7,0,1,0,0,0
TXN-101332,14.24,3.4,6,0,1,0,0,0
TXN-101333,81.58,1.7,19,0,1,0,0,0
TXN-101334,62.23,10.8,13,0,1,1,0,0
TXN-101335,15.24,1.7,8,0,1,0,0,0
TXN-101336,27.85,22.2,7,0,2,1,0,0
TXN-101337,58.84,6.3,20,0,1,0,0,0
TXN-101338,14.91,0.4,15,0,1,0,0,0
TXN-101339,63.54,2.0,21,1,1,1,0,0
TXN-101340,21.84,1.2,17,0,1,0,0,0
TXN-101341,22.9,13.5,18,0,1,0,0,0
TXN-101342,11.54,1.8,6,0,1,0,0,0
TXN-101343,96.65,6.4,14,0,1,0,0,0
TXN-101344,21.38,5.2,22,0,1,0,0,0
TXN-101345,49.08,1.1,17,0,1,0,0,0
TXN-101346,63.04,5.4,12,0,1,0,0,0
TXN-101347,40.44,4.9,17,0,1,0,0,0
TXN-101348,14.83,7.7,20,0,1,0,1,0
TXN-101349,36.34,3.4,20,0,1,1,0,0
TXN-101350,9.28,9.8,20,0,1,0,0,0
TXN-101351,96.37,1.9,7,0,1,0,0,0
TXN-101352,30.22,2.2,9,0,1,0,0,0
TXN-101353,83.41,0.0,10,0,1,1,0,0
TXN-101354,105.65,0.5,20,0,1,0,0,0
TXN-101355,51.02,1.6,17,0,2,0,0,0
TXN-101356,43.73,5.2,14,0,2,0,0,0
TXN-101357,14.5,5.7,17,1,1,0,0,0
TXN-101358,17.45,0.5,10,0,1,0,0,0
TXN-101359,118.51,9.6,13,0,1,0,0,0
TXN-101360,199.69,6.1,14,0,1,0,0,0
TXN-101361,57.82,5.5,17,0,1,0,0,0
TXN-101362,91.13,7.5,16,0,1,0,0,0
TXN-101363,77.73,8.4,18,0,1,0,0,0
TXN-101364,219.16,3.6,16,0,1,0,0,0
TXN-101365,35.95,8.9,13,0,1,0,0,0
TXN-101366,82.82,0.9,12,1,1,0,0,0
TXN-101367,47.85,3.7,21,0,1,0,0,0
TXN-101368,22.14,0.9,17,0,1,0,0,0
TXN-101369,14.85,1.8,20,0,1,0,0,0
TXN-101370,37.33,2.4,15,0,1,0,0,0
TXN-101371,46.27,5.0,22,0,1,0,0,0
TXN-101372,11.45,8.8,11,0,1,0,0,0
TXN-101373,29.4,3.3,14,0,1,0,0,0
TXN-101374,235.11,2.8,16,0,1,0,0,0
TXN-101375,16.68,4.9,14,1,1,0,0,0
TXN-101376,87.94,0.5,16,0,2,0,0,0
TXN-101377,45.13,8.9,10,0,2,0,0,0
TXN-101378,37.16,11.8,10,0,2,0,0,0
TXN-101379,48.7,9.8,22,0,1,1,0,0
TXN-101380,17.72,0.8,22,0,1,0,0,0
TXN-101381,170.34,3.0,8,0,1,0,0,0
TXN-101382,115.26,7.2,20,0,1,0,0,0
TXN-101383,127.6,3.7,18,0,1,0,0,0
TXN-101384,37.41,2.8,21,0,1,0,0,0
TXN-101385,15.89,9.7,17,0,1,0,0,0
TXN-101386,93.9,6.5,13,0,1,0,0,0
TXN-101387,12.61,1.2,10,0,1,0,0,0
TXN-101388,21.33,0.8,8,0,1,1,0,0
TXN-101389,46.31,7.5,15,0,1,0,0,0
TXN-101390,39.64,1.3,19,0,1,0,0,0
TXN-101391,18.13,0.7,9,0,1,1,0,0
TXN-101392,76.23,13.6,7,0,1,0,0,0
TXN-101393,65.13,0.3,6,1,1,0,0,0
TXN-101394,33.68,5.3,14,0,1,0,0,0
TXN-101395,87.08,1.5,7,0,1,0,0,0
TXN-101396,21.75,7.5,19,0,1,0,0,0
TXN-101397,150.02,8.5,12,0,2,0,0,0
TXN-101398,21.95,1.3,15,0,1,0,0,0
TXN-101399,9.18,3.2,16,0,2,0,0,0
TXN-101400,55.06,10.7,14,0,1,0,0,0
TXN-101401,91.2,6.1,20,0,1,0,0,0
TXN-101402,123.7,0.1,17,0,1,0,0,0
TXN-101403,153.64,8.9,12,0,1,0,0,0
TXN-101404,9.71,8.3,21,0,2,0,0,0
TXN-101405,33.68,3.2,15,0,1,0,0,0
TXN-101406,14.81,10.2,21,0,1,0,0,0
TXN-101407,109.6,1.1,16,0,1,0,0,0
TXN-101408,12.1,3.4,6,0,1,0,0,0
TXN-101409,367.53,86.3,5,1,5,2,1,1
TXN-101410,101.09,6.3,13,1,2,0,0,0
TXN-101411,68.36,2.6,19,0,1,1,0,0
TXN-101412,30.99,5.3,10,0,2,0,0,0
TXN-101413,20.98,5.9,12,0,1,0,0,0
TXN-101414,73.36,6.7,17,0,1,0,0,0
TXN-101415,45.28,5.8,7,0,1,0,0,0
TXN-101416,317.95,1.9,17,0,1,0,0,0
TXN-101417,172.02,3.3,20,0,1,0,0,0
TXN-101418,26.29,5.6,17,0,1,0,1,0
TXN-101419,144.22,0.4,8,0,1,0,0,0
TXN-101420,25.29,1.7,9,0,1,0,0,0
TXN-101421,35.29,1.3,9,0,1,0,0,0
TXN-101422,42.31,7.7,13,1,1,0,0,0
TXN-101423,47.45,6.0,13,0,1,0,0,0
TXN-101424,37.5,9.6,10,0,1,0,0,0
TXN-101425,57.16,8.0,9,0,1,0,0,0
TXN-101426,8.13,4.5,21,0,1,0,0,0
TXN-101427,16.84,2.6,6,0,2,0,0,0
TXN-101428,74.86,1.8,11,0,2,0,0,0
TXN-101429,145.83,0.3,13,0,1,0,0,0
TXN-101430,42.08,3.1,22,1,1,0,0,0
TXN-101431,13.43,7.1,10,0,1,0,0,0
TXN-101432,12.9,0.4,22,0,1,0,0,0
TXN-101433,22.14,3.5,7,1,2,0,0,0
TXN-101434,6.11,4.1,19,1,2,0,0,0
TXN-101435,58.61,0.9,16,0,2,0,0,0
TXN-101436,15.08,2.7,20,0,1,0,0,0
TXN-101437,37.99,6.4,21,0,1,0,0,0
TXN-101438,233.08,4.8,17,0,1,0,0,0
TXN-101439,141.96,9.1,16,0,1,0,0,0
TXN-101440,252.3,12.9,22,0,2,0,0,0
TXN-101441,74.73,9.0,10,0,1,0,0,0
TXN-101442,58.78,1.3,19,0,1,0,0,0
TXN-101443,48.8,4.3,6,0,2,0,0,0
TXN-101444,1357.35,106.6,2,1,6,1,0,1
TXN-101445,9.62,1.2,10,0,2,0,0,0
TXN-101446,66.73,10.9,19,0,1,0,0,0
TXN-101447,19.65,2.0,6,0,1,0,0,0
TXN-101448,66.33,0.1,14,0,1,0,0,0
TXN-101449,30.02,7.6,8,0,1,0,0,0
TXN-101450,16.19,0.6,11,0,1,0,0,0
TXN-101451,66.37,12.0,7,1,1,0,0,0
TXN-101452,18.56,12.7,11,0,2,0,0,0
TXN-101453,37.57,13.4,20,0,1,0,0,0
TXN-101454,30.23,6.0,13,0,1,1,0,0
TXN-101455,147.21,5.2,10,0,1,0,0,0
TXN-101456,9.2,9.0,21,0,1,0,0,0
TXN-101457,32.27,0.8,21,0,1,0,0,0
TXN-101458,62.82,4.6,9,0,1,0,0,0
TXN-101459,50.83,1.9,7,0,1,0,0,0
TXN-101460,47.49,0.1,6,0,1,0,0,0
TXN-101461,61.33,8.2,11,0,1,1,0,0
TXN-101462,43.11,0.4,19,0,1,0,0,0
TXN-101463,8.33,3.9,20,1,1,0,0,0
TXN-101464,136.26,4.4,7,0,1,0,0,0
TXN-101465,111.85,6.6,19,0,1,0,0,0
TXN-101466,46.06,6.2,21,0,1,0,0,0
TXN-101467,8.54,5.9,20,0,1,0,0,0
TXN-101468,40.28,2.0,22,0,1,0,0,0
TXN-101469,72.45,5.7,18,0,2,0,0,0
TXN-101470,97.09,2.7,20,0,1,0,0,0
TXN-101471,35.98,6.5,9,0,1,0,0,0
TXN-101472,124.32,8.0,14,0,1,0,0,0
TXN-101473,46.2,33.8,11,0,2,0,0,0
TXN-101474,9.18,0.5,20,0,1,0,0,0
TXN-101475,11.05,1.5,15,0,1,0,0,0
TXN-101476,24.26,0.3,9,0,1,0,0,0
TXN-101477,11.82,6.5,18,0,1,0,0,0
TXN-101478,97.08,1.5,6,0,1,0,0,0
TXN-101479,56.55,0.8,11,0,1,0,0,0
TXN-101480,69.52,2.4,8,0,2,0,0,0
TXN-101481,88.29,4.1,11,1,1,0,0,0
TXN-101482,82.7,0.2,15,0,1,0,0,0
TXN-101483,27.0,11.4,11,0,1,0,0,0
TXN-101484,44.37,15.5,10,0,1,0,0,0
TXN-101485,28.01,2.8,20,0,1,0,0,0
TXN-101486,62.34,1.1,21,0,1,0,0,0
TXN-101487,113.75,2.3,21,0,1,0,0,0
TXN-101488,12.79,4.9,12,0,1,1,0,0
TXN-101489,133.13,3.8,16,0,1,0,0,0
TXN-101490,41.07,11.0,14,0,1,0,0,0
TXN-101491,85.63,1.9,22,1,1,0,0,0
TXN-101492,39.64,4.0,10,0,1,0,0,0
TXN-101493,129.43,0.7,10,0,2,0,0,0
TXN-101494,35.61,1.5,12,0,1,0,0,0
TXN-101495,28.09,4.6,7,0,1,0,0,0
TXN-101496,38.69,2.6,7,0,1,0,1,0
TXN-101497,29.18,5.8,19,0,2,0,0,0
TXN-101498,14.89,7.8,10,0,1,0,0,0
TXN-101499,48.95,1.1,10,0,1,0,0,0
TXN-101500,78.45,2.8,9,0,1,0,0,0
TXN-101501,106.31,0.2,17,0,2,0,0,0
TXN-101502,18.85,0.2,11,0,2,0,0,0
TXN-101503,266.41,0.2,6,1,1,0,0,0
TXN-101504,65.83,3.3,18,0,1,0,0,0
TXN-101505,17.43,6.3,14,0,2,0,0,0
TXN-101506,27.34,0.9,21,0,1,0,0,0
TXN-101507,39.92,0.1,16,0,1,1,0,0
TXN-101508,10.65,7.8,13,0,2,0,0,0
TXN-101509,20.92,1.8,9,0,1,0,0,0
TXN-101510,183.93,0.1,22,0,2,0,0,0
TXN-101511,25.83,0.1,9,0,1,0,0,0
TXN-101512,22.02,0.6,20,0,1,0,0,0
TXN-101513,23.65,11.5,8,0,1,0,0,0
TXN-101514,27.49,4.0,10,0,1,0,0,0
TXN-101515,92.32,1.3,9,0,2,0,0,0
TXN-101516,40.47,0.5,17,0,1,0,0,0
TXN-101517,24.63,1.8,20,0,1,0,0,0
TXN-101518,11.77,40.1,7,0,1,0,0,0
TXN-101519,86.33,8.6,22,0,1,1,0,0
TXN-101520,124.41,2.0,13,0,1,0,0,0
TXN-101521,36.92,7.7,6,0,1,0,0,0
TXN-101522,56.34,7.3,18,0,1,0,0,0
TXN-101523,146.5,0.0,8,0,1,0,0,0
TXN-101524,66.51,18.2,21,0,1,0,0,0
TXN-101525,34.34,4.3,19,0,1,0,0,0
TXN-101526,72.17,0.3,8,0,2,0,0,0
TXN-101527,15.54,4.5,8,0,2,1,0,0
TXN-101528,74.32,7.9,8,0,1,0,1,0
TXN-101529,109.28,22.3,22,0,2,0,0,0
TXN-101530,70.64,0.6,8,0,1,0,0,0
TXN-101531,46.74,15.3,17,1,2,0,0,0
TXN-101532,82.53,11.0,18,0,1,0,0,0
TXN-101533,107.66,1.5,13,0,1,0,0,0
TXN-101534,53.04,10.7,9,0,2,0,0,0
TXN-101535,11.13,7.6,11,0,2,0,0,0
TXN-101536,34.93,7.2,14,0,1,0,0,0
TXN-101537,29.35,4.1,22,0,1,0,0,0
TXN-101538,23.71,8.7,10,0,1,0,0,0
TXN-101539,36.81,4.3,10,0,1,0,0,0
TXN-101540,25.47,3.7,11,0,1,0,0,0
TXN-101541,58.49,1.5,8,0,1,0,0,0
TXN-101542,43.32,1.6,21,0,1,0,0,0
TXN-101543,61.58,10.6,13,0,1,0,0,0
TXN-101544,108.05,2.5,22,0,1,0,0,0
TXN-101545,8.77,11.4,21,0,1,0,0,0
TXN-101546,11.38,1.5,13,0,1,0,0,0
TXN-101547,35.33,1.2,7,0,1,0,0,0
TXN-101548,37.68,9.2,11,0,2,0,0,0
TXN-101549,58.61,9.2,6,0,1,0,0,0
TXN-101550,110.19,0.1,18,0,1,0,0,0
TXN-101551,134.84,4.3,10,0,1,0,0,0
TXN-101552,13.43,5.7,20,0,1,0,0,0
TXN-101553,163.21,2.8,9,0,1,0,0,0
TXN-101554,36.77,5.3,14,0,1,0,0,0
TXN-101555,50.2,1.4,13,0,1,0,0,0
TXN-101556,67.67,0.9,21,0,1,0,0,0
TXN-101557,50.83,6.6,12,0,1,0,0,0
TXN-101558,70.93,0.9,16,0,1,0,0,0
TXN-101559,69.05,13.9,20,0,1,0,0,0
TXN-101560,23.71,0.9,12,0,1,0,0,0
TXN-101561,139.05,0.8,7,0,2,0,0,0
TXN-101562,42.32,0.8,17,0,1,0,1,0
TXN-101563,27.15,3.3,6,0,1,0,0,0
TXN-101564,34.8,1.6,6,1,1,0,0,0
TXN-101565,19.24,11.0,18,0,1,0,0,0
TXN-101566,51.53,15.7,21,1,1,0,0,0
TXN-101567,62.59,3.8,21,0,1,0,0,0
TXN-101568,17.99,1.0,12,0,1,0,0,0
TXN-101569,28.63,1.2,13,0,1,0,0,0
TXN-101570,307.77,8.4,15,0,2,0,0,0
TXN-101571,38.66,5.8,13,0,1,0,0,0
TXN-101572,53.18,12.9,12,0,1,0,0,0
TXN-101573,189.59,4.9,22,0,1,0,1,0
TXN-101574,11.63,1.3,22,0,1,0,0,0
TXN-101575,27.9,5.6,10,0,1,0,0,0
TXN-101576,78.19,0.4,20,0,1,0,0,0
TXN-101577,7.86,13.2,13,0,1,0,0,0
TXN-101578,12.36,0.9,17,0,1,0,0,0
TXN-101579,59.64,8.0,9,0,1,0,0,0
TXN-101580,19.05,0.5,8,0,1,0,0,0
TXN-101581,15.79,0.2,17,0,1,0,0,0
TXN-101582,125.54,1.2,10,0,1,0,0,0
TXN-101583,14.99,1.2,6,0,1,0,0,0
TXN-101584,106.87,2.6,10,0,1,0,0,0
TXN-101585,99.03,6.7,20,0,1,0,0,0
TXN-101586,108.52,2.3,17,0,1,0,0,0
TXN-101587,37.39,4.3,8,0,1,0,0,0
TXN-101588,39.39,5.4,18,0,2,0,0,0
TXN-101589,44.5,2.1,15,0,2,0,0,0
TXN-101590,77.47,18.2,11,0,1,0,0,0
TXN-101591,13.22,1.7,21,0,1,0,0,0
TXN-101592,49.96,13.1,21,0,1,0,0,0
TXN-101593,38.96,8.4,18,0,1,0,0,0
TXN-101594,58.41,1.0,21,0,1,0,0,0
TXN-101595,38.2,10.5,19,0,1,0,0,0
TXN-101596,22.19,6.0,12,0,1,0,0,0
TXN-101597,101.5,8.8,17,0,1,0,0,0
TXN-101598,33.16,0.0,18,0,1,0,0,0
TXN-101599,30.35,1.5,21,0,1,1,0,0
TXN-101600,28.29,3.4,6,0,1,0,0,0
TXN-101601,58.38,4.1,17,0,1,0,0,0
TXN-101602,42.65,2.0,6,0,1,0,0,0
TXN-101603,113.61,0.4,7,0,1,0,0,0
TXN-101604,59.64,12.1,18,0,1,0,0,0
TXN-101605,19.34,6.7,20,0,1,0,0,0
TXN-101606,32.53,4.4,14,0,1,0,0,0
TXN-101607,112.71,1.9,20,0,1,0,0,0
TXN-101608,21.8,1.0,22,0,1,0,0,0
TXN-101609,70.67,3.4,18,0,1,0,0,0
TXN-101610,80.28,3.2,19,0,1,0,0,0
TXN-101611,120.3,1.1,7,1,1,0,0,0
TXN-101612,36.64,7.4,18,0,1,0,0,0
TXN-101613,59.9,1.9,8,0,1,0,0,0
TXN-101614,58.75,42.7,19,0,1,0,0,0
TXN-101615,31.01,10.0,18,0,1,0,0,0
TXN-101616,213.28,1.3,12,0,1,0,0,0
TXN-101617,35.69,4.3,11,0,1,0,0,0
TXN-101618,82.37,5.7,6,0,1,0,0,0
TXN-101619,231.65,3.5,14,0,1,0,0,0
TXN-101620,9.04,12.9,9,0,1,1,0,0
TXN-101621,42.07,9.4,6,0,1,0,0,0
TXN-101622,63.02,1.5,22,0,1,0,0,0
TXN-101623,45.4,4.8,13,0,1,0,0,0
TXN-101624,71.84,0.8,21,0,1,0,0,0
TXN-101625,39.95,9.3,8,0,1,0,0,0
TXN-101626,23.56,0.8,20,0,1,0,0,0
TXN-101627,7.29,0.8,14,0,1,0,0,0
TXN-101628,19.05,1.5,18,0,2,0,0,0
TXN-101629,27.53,16.9,10,0,1,0,0,0
TXN-101630,24.06,3.2,8,0,1,0,0,0
TXN-101631,153.5,0.4,12,0,1,0,0,0
TXN-101632,14.23,8.7,15,0,1,0,0,0
TXN-101633,18.05,1.8,8,0,1,0,0,0
TXN-101634,91.81,11.8,16,0,2,0,0,0
TXN-101635,28.19,4.1,7,0,1,0,0,0
TXN-101636,28.83,0.1,10,0,1,0,0,0
TXN-101637,62.44,9.1,7,0,2,1,0,0
TXN-101638,15.17,15.6,22,0,1,0,1,0
TXN-101639,118.44,1.0,11,0,1,0,0,0
TXN-101640,214.88,7.2,22,0,1,0,0,0
TXN-101641,186.26,2.2,22,0,2,0,0,0
TXN-101642,43.44,3.0,19,0,1,0,0,0
TXN-101643,21.07,8.0,7,0,1,0,0,0
TXN-101644,45.41,0.9,8,0,1,1,0,0
TXN-101645,25.76,2.3,16,0,2,0,0,0
TXN-101646,47.83,3.5,12,0,1,0,0,0
TXN-101647,238.39,1.2,21,0,1,0,0,0
TXN-101648,28.87,2.8,14,0,1,0,0,0
TXN-101649,683.12,267.7,2,1,4,2,1,1
TXN-101650,28.2,18.6,16,0,1,0,1,0
TXN-101651,150.72,0.7,9,0,1,0,0,0
TXN-101652,40.78,2.6,12,0,1,0,0,0
TXN-101653,117.75,17.4,16,0,1,0,0,0
TXN-101654,37.62,15.5,8,0,2,0,0,0
TXN-101655,38.54,1.2,8,0,1,0,0,0
TXN-101656,22.93,0.6,19,0,1,0,0,0
TXN-101657,42.41,11.0,22,1,1,0,0,0
TXN-101658,7.83,3.2,14,0,1,0,0,0
TXN-101659,38.83,10.0,18,0,1,0,0,0
TXN-101660,80.86,7.1,11,0,2,0,0,0
TXN-101661,21.15,11.4,11,0,1,0,0,0
TXN-101662,32.05,17.3,18,0,1,0,1,0
TXN-101663,27.04,29.3,12,0,1,0,0,0
TXN-101664,56.65,3.5,11,0,2,0,0,0
TXN-101665,11.46,5.5,20,0,1,1,0,0
TXN-101666,85.65,4.9,9,0,1,0,0,0
TXN-101667,219.88,2.0,19,0,1,0,0,0
TXN-101668,48.38,20.4,18,0,1,0,0,0
TXN-101669,78.3,7.3,6,0,1,0,0,0
TXN-101670,109.48,0.9,12,0,1,0,0,0
TXN-101671,14.71,6.7,21,0,2,0,0,0
TXN-101672,54.15,0.9,6,0,1,1,1,0
TXN-101673,69.72,0.9,7,0,1,0,1,0
TXN-101674,60.65,7.5,17,0,1,0,0,0
TXN-101675,77.39,2.9,19,0,1,0,0,0
TXN-101676,119.6,2.6,16,0,1,0,0,0
TXN-101677,11.83,25.4,10,0,1,0,0,0
TXN-101678,87.43,6.2,20,0,1,0,0,0
TXN-101679,18.32,2.6,11,1,1,0,0,0
TXN-101680,84.33,1.8,6,0,1,0,0,0
TXN-101681,88.01,8.6,7,0,1,0,1,0
TXN-101682,55.98,3.3,17,0,2,0,0,0
TXN-101683,106.06,3.3,20,0,1,1,0,0
TXN-101684,43.96,16.8,16,0,1,0,0,0
TXN-101685,19.48,2.1,8,0,1,0,0,0
TXN-101686,33.57,0.4,21,0,1,0,0,0
TXN-101687,25.96,7.2,16,0,1,0,0,0
TXN-101688,41.29,2.1,19,0,1,0,0,0
TXN-101689,27.53,3.8,14,0,2,0,0,0
TXN-101690,27.35,1.8,10,0,1,0,0,0
TXN-101691,64.42,1.8,6,1,1,0,0,0
TXN-101692,31.19,7.2,15,0,1,0,0,0
TXN-101693,170.7,3.1,10,0,2,0,0,0
TXN-101694,21.4,11.8,11,0,1,0,0,0
TXN-101695,39.61,0.6,10,0,1,0,0,0
TXN-101696,61.96,15.3,9,0,1,0,0,0
TXN-101697,165.35,7.7,15,0,2,0,0,0
TXN-101698,184.31,1.8,16,0,1,0,0,0
TXN-101699,28.44,4.8,16,0,1,0,0,0
TXN-101700,21.88,1.3,9,0,1,0,0,0
TXN-101701,37.59,1.5,15,0,1,0,0,0
TXN-101702,16.13,3.8,15,0,1,0,0,0
TXN-101703,89.82,2.0,18,0,1,0,0,0
TXN-101704,32.25,0.3,8,0,1,0,0,0
TXN-101705,17.16,6.2,15,0,1,0,1,0
TXN-101706,22.04,5.2,11,0,1,0,0,0
TXN-101707,54.66,0.5,9,0,1,0,0,0
TXN-101708,22.21,0.1,10,0,1,0,0,0
TXN-101709,52.12,0.4,20,0,1,0,0,0
TXN-101710,132.29,12.0,19,0,1,0,0,0
TXN-101711,70.74,0.1,11,0,2,0,0,0
TXN-101712,64.76,7.9,18,0,1,0,0,0
TXN-101713,82.09,0.1,18,0,2,0,0,0
TXN-101714,9.6,0.8,19,0,2,0,0,0
TXN-101715,86.37,9.5,17,0,1,0,0,0
TXN-101716,26.15,5.3,19,0,2,0,0,0
TXN-101717,5.62,0.6,19,0,1,1,0,0
TXN-101718,76.33,10.3,20,1,2,0,0,0
TXN-101719,9.27,10.3,18,0,1,0,0,0
TXN-101720,44.57,2.7,18,0,2,0,0,0
TXN-101721,119.32,6.5,19,0,1,0,0,0
TXN-101722,20.61,2.0,19,0,1,0,0,0
TXN-101723,50.81,2.8,22,0,1,0,0,0
TXN-101724,37.38,18.8,8,0,1,0,0,0
TXN-101725,21.91,3.2,19,0,1,0,0,0
TXN-101726,50.07,4.9,16,0,1,0,0,0
TXN-101727,27.0,3.7,6,0,1,0,0,0
TXN-101728,32.35,3.3,8,0,1,0,0,0
TXN-101729,57.18,15.4,7,0,1,0,0,0
TXN-101730,63.17,1.1,21,0,1,0,0,0
TXN-101731,13.01,0.4,13,0,2,0,0,0
TXN-101732,47.36,2.5,21,0,1,0,0,0
TXN-101733,10.23,11.3,20,0,1,0,0,0
TXN-101734,39.98,10.3,17,0,1,0,0,0
TXN-101735,20.81,3.4,14,0,1,0,0,0
TXN-101736,45.35,0.1,16,0,2,0,0,0
TXN-101737,68.77,0.8,10,0,1,0,0,0
TXN-101738,35.17,8.2,7,0,1,0,0,0
TXN-101739,141.88,4.9,17,0,1,0,0,0
TXN-101740,157.34,0.5,14,1,1,0,0,0
TXN-101741,59.63,3.7,10,0,1,0,0,0
TXN-101742,91.41,6.3,10,0,2,0,0,0
TXN-101743,32.86,3.1,20,0,1,0,0,0
TXN-101744,53.39,5.9,18,1,1,1,0,0
TXN-101745,46.09,1.3,15,0,2,0,0,0
TXN-101746,29.28,7.0,11,0,1,0,0,0
TXN-101747,60.99,0.5,19,0,1,0,0,0
TXN-101748,69.35,21.3,15,0,1,0,0,0
TXN-101749,42.25,1.3,20,0,1,0,0,0
TXN-101750,74.35,8.8,17,0,2,0,1,0
TXN-101751,139.71,10.4,8,0,2,1,0,0
TXN-101752,13.7,2.5,11,0,1,0,0,0
TXN-101753,184.53,51.0,1,1,6,2,0,1
TXN-101754,40.51,3.1,18,0,1,0,0,0
TXN-101755,43.84,5.0,14,0,1,1,0,0
TXN-101756,108.35,8.1,9,0,1,0,0,0
TXN-101757,24.1,4.8,22,0,1,0,0,0
TXN-101758,47.53,5.4,22,1,1,0,0,0
TXN-101759,47.05,221.7,23,1,5,2,0,1
TXN-101760,52.86,7.4,17,0,1,0,0,0
TXN-101761,29.08,12.3,20,0,1,0,0,0
TXN-101762,36.18,2.5,9,0,2,0,0,0
TXN-101763,33.1,6.4,9,0,1,0,0,0
TXN-101764,52.9,1.4,14,0,1,0,0,0
TXN-101765,32.21,17.5,22,0,1,0,0,0
TXN-101766,220.08,6.8,21,0,1,0,0,0
TXN-101767,24.68,0.9,21,0,1,0,0,0
TXN-101768,41.68,2.5,10,0,1,0,0,0
TXN-101769,13.3,3.6,15,0,1,0,0,0
TXN-101770,50.73,6.6,22,0,1,0,0,0
TXN-101771,48.74,3.4,17,0,1,0,0,0
TXN-101772,15.52,4.7,16,0,1,0,0,0
TXN-101773,18.66,2.0,9,1,1,0,0,0
TXN-101774,86.64,9.4,16,0,1,0,0,0
TXN-101775,29.77,3.8,11,0,1,0,0,0
TXN-101776,16.26,15.7,8,0,1,0,0,0
TXN-101777,25.55,9.5,10,0,1,0,0,0
TXN-101778,13.32,10.0,19,0,1,0,0,0
TXN-101779,72.1,5.3,9,0,1,0,0,0
TXN-101780,51.67,7.3,17,0,1,0,0,0
TXN-101781,100.7,10.4,15,0,1,0,0,0
TXN-101782,49.07,0.8,9,0,1,0,0,0
TXN-101783,59.61,1.8,11,0,1,0,0,0
TXN-101784,52.81,16.0,13,0,1,0,0,0
TXN-101785,80.25,1.8,14,0,1,0,0,0
TXN-101786,60.86,18.1,15,0,1,0,0,0
TXN-101787,384.95,223.6,2,1,6,1,1,1
TXN-101788,13.19,0.4,14,0,1,0,0,0
TXN-101789,69.81,11.8,20,0,1,0,0,0
TXN-101790,75.02,7.4,11,0,1,0,0,0
TXN-101791,52.12,1.8,20,0,1,0,0,0
TXN-101792,17.82,1.5,12,0,1,0,0,0
TXN-101793,80.32,10.9,7,0,1,0,1,0
TXN-101794,203.11,0.5,10,0,1,0,0,0
TXN-101795,11.74,9.0,15,1,1,0,0,0
TXN-101796,31.5,5.8,13,0,1,0,0,0
TXN-101797,49.21,5.7,12,0,1,0,0,0
TXN-101798,29.38,3.0,19,0,2,0,0,0
TXN-101799,4.08,7.5,15,0,1,0,0,0
TXN-101800,101.34,9.7,15,0,1,0,0,0
TXN-101801,49.77,9.5,15,0,1,0,0,0
TXN-101802,54.29,4.8,13,0,1,0,0,0
TXN-101803,25.16,3.2,6,0,1,0,0,0
TXN-101804,33.32,7.4,21,0,1,0,0,0
TXN-101805,42.49,15.7,6,0,1,0,0,0
TXN-101806,390.97,1.7,8,0,1,0,0,0
TXN-101807,33.21,4.9,15,0,1,0,0,0
TXN-101808,42.47,0.2,6,0,1,0,0,0
TXN-101809,120.33,1.3,13,0,1,0,0,0
TXN-101810,5.9,4.2,9,0,1,0,0,0
TXN-101811,41.03,1.2,14,0,1,0,0,0
TXN-101812,25.73,2.2,15,0,1,0,0,0
TXN-101813,11.35,6.2,14,0,2,0,0,0
TXN-101814,171.0,6.3,14,0,1,0,0,0
TXN-101815,35.9,0.7,16,1,2,0,0,0
TXN-101816,69.57,11.7,16,0,1,0,0,0
TXN-101817,36.05,5.0,19,0,1,0,0,0
TXN-101818,24.35,0.7,12,0,1,0,0,0
TXN-101819,38.58,14.5,21,0,1,0,0,0
TXN-101820,29.53,5.2,16,0,1,0,0,0
TXN-101821,69.02,2.5,18,0,1,0,0,0
TXN-101822,23.91,3.4,6,1,1,0,0,0
TXN-101823,23.53,3.7,10,0,1,0,0,0
TXN-101824,61.1,1.0,19,0,2,0,0,0
TXN-101825,36.91,0.3,16,0,1,0,0,0
TXN-101826,74.94,11.6,13,0,1,0,0,0
TXN-101827,26.19,1.8,19,0,1,0,0,0
TXN-101828,30.04,0.5,7,0,2,0,0,0
TXN-101829,37.26,13.1,14,0,1,0,0,0
TXN-101830,533.06,0.0,22,0,2,0,1,0
TXN-101831,124.56,2.8,18,0,1,0,0,0
TXN-101832,18.6,0.2,6,1,1,0,0,0
TXN-101833,36.68,0.0,19,0,1,0,0,0
TXN-101834,70.76,2.9,14,0,1,0,0,0
TXN-101835,105.58,23.8,16,0,1,0,0,0
TXN-101836,35.44,1.4,19,0,2,0,0,0
TXN-101837,56.32,3.7,22,0,1,0,0,0
TXN-101838,35.73,8.0,9,0,1,0,0,0
TXN-101839,329.89,3.0,8,0,1,0,0,0
TXN-101840,72.48,4.5,14,0,1,0,0,0
TXN-101841,28.18,2.3,13,0,1,0,0,0
TXN-101842,62.63,8.3,21,0,2,0,1,0
TXN-101843,27.47,1.1,7,0,1,0,0,0
TXN-101844,22.75,0.2,12,0,1,0,0,0
TXN-101845,138.15,2.8,10,0,1,0,0,0
TXN-101846,37.81,6.6,10,0,1,0,0,0
TXN-101847,69.84,4.7,14,0,1,0,0,0
TXN-101848,44.35,1.4,16,0,1,0,0,0
TXN-101849,65.29,5.9,7,0,1,0,0,0
TXN-101850,63.71,4.3,18,0,1,0,0,0
TXN-101851,93.2,0.8,20,0,1,0,0,0
TXN-101852,25.19,9.5,12,0,1,0,0,0
TXN-101853,14.6,1.0,6,0,1,0,0,0
TXN-101854,30.16,11.4,18,1,1,0,0,0
TXN-101855,55.03,4.4,13,0,1,0,0,0
TXN-101856,25.38,0.3,16,0,1,0,0,0
TXN-101857,34.14,11.6,15,1,1,0,0,0
TXN-101858,122.03,0.9,8,0,1,0,1,0
TXN-101859,19.36,1.2,15,0,1,0,0,0
TXN-101860,27.06,7.0,20,0,2,0,0,0
TXN-101861,29.04,13.7,21,0,1,0,0,0
TXN-101862,29.86,10.3,7,0,1,0,0,0
TXN-101863,23.41,2.2,13,0,1,0,0,0
TXN-101864,80.52,4.8,21,0,2,0,0,0
TXN-101865,19.09,1.1,17,0,1,0,0,0
TXN-101866,22.46,8.4,7,0,1,0,0,0
TXN-101867,71.35,0.8,13,0,1,0,0,0
TXN-101868,95.22,15.7,12,0,1,0,0,0
TXN-101869,30.35,1.1,6,0,1,0,0,0
TXN-101870,200.06,8.3,20,0,1,0,0,0
TXN-101871,112.41,9.0,15,0,1,0,0,0
TXN-101872,25.81,4.5,9,0,1,0,0,0
TXN-101873,26.66,0.1,15,0,1,0,0,0
TXN-101874,23.69,0.5,9,0,1,0,0,0
TXN-101875,45.07,0.6,18,0,1,0,0,0
TXN-101876,180.53,23.0,18,0,1,0,0,0
TXN-101877,10.16,0.8,16,0,1,0,0,0
TXN-101878,158.17,3.0,20,0,1,0,0,0
TXN-101879,22.45,3.3,12,0,1,1,0,0
TXN-101880,87.58,9.7,21,0,1,0,0,0
TXN-101881,37.85,9.1,19,0,1,0,0,0
TXN-101882,10.77,0.4,15,0,2,0,1,0
TXN-101883,43.25,0.8,8,0,2,0,0,0
TXN-101884,188.44,3.6,18,0,1,0,0,0
TXN-101885,13.7,3.3,7,0,2,0,0,0
TXN-101886,88.63,18.9,9,0,1,0,0,0
TXN-101887,62.97,0.9,19,0,1,1,0,0
TXN-101888,1821.64,69.9,5,1,5,1,1,1
TXN-101889,58.81,6.1,11,0,1,0,0,0
TXN-101890,79.25,7.7,13,0,2,0,0,0
TXN-101891,108.25,12.9,12,0,1,0,0,0
TXN-101892,86.0,9.1,21,0,1,0,0,0
TXN-101893,15.65,4.9,18,0,2,0,0,0
TXN-101894,18.94,1.8,14,0,2,0,0,0
TXN-101895,32.67,3.2,10,0,1,0,0,0
TXN-101896,13.84,0.6,21,0,1,0,0,0
TXN-101897,93.99,4.6,14,0,2,0,0,0
TXN-101898,11.57,9.7,22,0,1,0,0,0
TXN-101899,32.85,0.7,11,0,1,0,0,0
TXN-101900,50.12,6.0,6,0,1,0,0,0
TXN-101901,66.46,0.0,12,0,1,0,0,0
TXN-101902,43.03,4.4,11,0,2,0,0,0
TXN-101903,52.41,4.7,22,0,1,0,0,0
TXN-101904,57.93,5.5,6,0,1,0,0,0
TXN-101905,39.17,7.7,9,0,1,0,0,0
TXN-101906,32.88,5.9,10,0,2,0,0,0
TXN-101907,64.93,2.8,14,0,1,0,0,0
TXN-101908,16.59,4.5,17,0,1,0,0,0
TXN-101909,17.38,6.5,9,0,1,0,0,0
TXN-101910,50.23,0.8,7,0,1,0,0,0
TXN-101911,56.34,7.9,15,0,1,0,0,0
TXN-101912,65.04,2.1,11,0,1,0,0,0
TXN-101913,62.43,1.0,18,1,1,0,0,0
TXN-101914,7.46,5.6,15,0,1,0,0,0
TXN-101915,11.0,2.0,13,0,1,0,0,0
TXN-101916,167.82,1.3,15,0,1,0,0,0
TXN-101917,174.47,12.7,16,0,1,0,0,0
TXN-101918,84.22,0.1,22,0,1,0,0,0
TXN-101919,37.67,5.6,10,0,1,0,0,0
TXN-101920,35.94,2.8,9,0,1,0,0,0
TXN-101921,55.25,0.8,17,0,1,0,0,0
TXN-101922,106.36,4.4,12,0,2,0,1,0
TXN-101923,88.83,2.5,15,0,1,0,0,0
TXN-101924,82.52,0.6,22,0,1,0,0,0
TXN-101925,99.04,0.7,15,0,1,0,0,0
TXN-101926,76.72,4.7,20,0,1,0,0,0
TXN-101927,56.61,2.2,15,0,1,0,0,0
TXN-101928,49.98,1.6,6,0,1,0,0,0
TXN-101929,16.68,1.5,12,0,2,0,0,0
TXN-101930,19.38,2.4,22,0,1,0,0,0
TXN-101931,49.28,4.9,21,0,1,0,0,0
TXN-101932,102.72,0.3,6,0,1,0,0,0
TXN-101933,54.32,2.0,17,0,1,0,0,0
TXN-101934,71.51,4.4,9,0,1,0,0,0
TXN-101935,46.71,8.5,20,0,1,0,0,0
TXN-101936,63.77,1.7,13,0,1,1,0,0
TXN-101937,72.66,7.4,12,0,1,0,0,0
TXN-101938,91.12,2.1,22,1,1,0,0,0
TXN-101939,23.0,23.9,16,0,1,0,0,0
TXN-101940,30.69,1.4,7,0,1,0,0,0
TXN-101941,24.83,12.7,15,0,1,0,0,0
TXN-101942,115.6,126.9,3,0,6,2,0,1
TXN-101943,235.17,2.2,11,0,1,0,0,0
TXN-101944,16.74,2.1,20,0,1,0,0,0
TXN-101945,135.51,3.3,7,0,1,0,0,0
TXN-101946,124.0,2.4,18,0,1,0,0,0
TXN-101947,17.8,2.1,12,0,1,0,0,0
TXN-101948,29.58,0.4,17,0,2,0,0,0
TXN-101949,22.8,7.7,8,0,1,0,0,0
TXN-101950,27.41,10.7,10,0,1,0,0,0
TXN-101951,141.05,0.7,8,0,1,0,0,0
TXN-101952,138.35,9.4,20,1,1,0,0,0
TXN-101953,54.94,9.5,6,0,2,0,0,0
TXN-101954,145.03,4.0,9,0,1,0,0,0
TXN-101955,162.35,6.2,17,0,1,0,0,0
TXN-101956,92.85,4.3,18,0,1,0,0,0
TXN-101957,164.47,1.0,13,0,1,0,0,0
TXN-101958,81.27,5.7,10,0,1,0,0,0
TXN-101959,36.36,11.5,8,0,1,0,0,0
TXN-101960,117.53,1.8,15,0,1,0,0,0
TXN-101961,30.83,0.7,20,0,1,0,0,0
TXN-101962,125.27,0.3,13,0,1,0,0,0
TXN-101963,39.59,5.8,16,0,1,0,0,0
TXN-101964,166.47,16.2,17,0,1,0,0,0
TXN-101965,165.44,1.1,18,0,1,0,0,0
TXN-101966,26.22,0.8,21,0,1,0,0,0
TXN-101967,188.89,2.6,7,1,1,0,0,0
TXN-101968,16.07,1.5,21,0,1,0,0,0
TXN-101969,24.74,5.0,8,1,1,0,0,0
TXN-101970,8.67,3.9,15,0,1,0,0,0
TXN-101971,282.28,3.4,21,0,1,0,0,0
TXN-101972,167.27,4.4,15,0,1,0,0,0
TXN-101973,45.96,3.7,15,0,1,0,0,0
TXN-101974,48.45,2.5,15,0,1,0,0,0
TXN-101975,19.22,2.5,6,0,1,0,0,0
TXN-101976,22.53,20.2,8,0,1,0,0,0
TXN-101977,61.31,3.4,11,0,1,0,0,0
TXN-101978,49.09,2.2,8,0,1,0,0,0
TXN-101979,53.73,4.8,8,0,1,0,0,0
TXN-101980,39.74,9.9,6,0,1,0,0,0
TXN-101981,53.23,16.9,19,0,2,0,0,0
TXN-101982,22.64,7.0,13,0,1,0,0,0
TXN-101983,20.76,17.4,21,0,1,0,0,0
TXN-101984,38.61,0.4,14,0,1,0,0,0
TXN-101985,48.78,4.7,17,0,1,0,0,0
TXN-101986,82.05,0.5,10,0,1,0,0,0
TXN-101987,52.56,12.0,14,0,1,0,0,0
TXN-101988,36.21,2.9,14,0,1,0,0,0
TXN-101989,40.89,1.9,19,0,1,0,0,0
TXN-101990,43.35,3.7,14,0,1,0,0,0
TXN-101991,26.58,5.7,20,0,1,0,0,0
TXN-101992,60.68,4.5,20,0,1,1,0,0
TXN-101993,193.86,3.9,16,0,1,0,0,0
TXN-101994,30.47,15.0,18,0,1,0,0,0
TXN-101995,14.04,3.5,11,0,1,0,0,0
TXN-101996,13.0,6.3,18,0,1,0,0,0
TXN-101997,27.08,2.2,20,0,1,0,0,0
TXN-101998,10.11,1.0,11,0,1,0,0,0
TXN-101999,28.88,0.7,16,0,2,0,0,0
TXN-102000,51.31,3.0,14,0,1,0,0,0
TXN-102001,16.17,3.8,7,0,1,0,0,0
TXN-102002,74.91,0.8,17,0,2,0,0,0
TXN-102003,370.04,3.1,15,0,1,0,0,0
TXN-102004,28.46,4.5,14,0,1,0,0,0
TXN-102005,35.7,11.0,12,0,1,0,0,0
TXN-102006,16.5,1.3,8,0,1,0,0,0
TXN-102007,176.4,0.2,9,0,1,0,0,0
TXN-102008,7.66,4.5,16,0,1,0,0,0
TXN-102009,89.74,1.4,6,0,2,0,0,0
TXN-102010,26.19,2.8,6,1,1,0,0,0
TXN-102011,35.17,0.3,19,0,1,0,0,0
TXN-102012,62.64,7.7,18,0,1,0,0,0
TXN-102013,32.37,0.6,20,0,1,0,0,0
TXN-102014,103.32,7.9,20,1,1,0,0,0
TXN-102015,23.34,0.4,7,0,1,0,0,0
TXN-102016,31.72,8.8,8,0,1,0,0,0
TXN-102017,32.94,1.7,16,0,1,0,1,0
TXN-102018,60.79,0.1,10,0,1,0,0,0
TXN-102019,24.96,1.6,7,0,1,0,0,0
TXN-102020,2296.34,51.7,5,1,5,3,0,1
TXN-102021,31.93,5.7,20,0,2,0,0,0
TXN-102022,22.53,3.6,21,0,1,0,0,0
TXN-102023,18.0,3.9,7,1,1,0,0,0
TXN-102024,33.56,10.1,21,0,1,0,0,0
TXN-102025,24.21,3.8,13,0,1,0,0,0
TXN-102026,62.04,0.3,14,0,1,0,0,0
TXN-102027,40.78,1.5,11,0,1,0,0,0
TXN-102028,33.73,6.4,9,0,1,0,0,0
TXN-102029,182.05,9.8,22,0,2,0,0,0
TXN-102030,18.22,0.9,11,0,1,1,0,0
TXN-102031,51.73,0.4,19,0,1,0,0,0
TXN-102032,2823.29,52.7,4,1,4,0,1,1
TXN-102033,9.26,0.1,22,1,1,0,0,0
TXN-102034,63.28,2.7,6,0,2,0,0,0
TXN-102035,28.04,0.6,12,0,1,0,0,0
TXN-102036,1290.79,444.1,5,0,5,1,1,1
TXN-102037,42.01,2.8,7,0,1,0,0,0
TXN-102038,10.26,1.4,14,0,1,0,0,0
TXN-102039,59.79,22.1,11,0,1,0,0,0
TXN-102040,158.49,2.4,10,0,1,0,0,0
TXN-102041,51.76,19.1,11,0,1,0,0,0
TXN-102042,443.51,0.8,9,0,1,0,0,0
TXN-102043,232.43,2.2,22,0,1,0,0,0
TXN-102044,139.52,1.6,15,0,1,0,0,0
TXN-102045,57.63,0.9,18,0,2,0,0,0
TXN-102046,131.12,1.7,14,0,1,0,0,0
TXN-102047,81.94,1.1,20,0,1,0,0,0
TXN-102048,44.71,4.0,7,0,1,0,0,0
TXN-102049,20.8,4.2,12,0,1,0,0,0
TXN-102050,123.17,1.0,16,0,1,0,0,0
TXN-102051,104.81,0.1,9,0,2,0,0,0
TXN-102052,287.08,6.3,20,0,1,0,0,0
TXN-102053,173.57,5.0,15,0,1,0,0,0
TXN-102054,343.51,0.3,8,0,1,0,0,0
TXN-102055,159.32,2.4,14,0,1,0,0,0
TXN-102056,152.99,1.1,10,0,1,0,0,0
TXN-102057,17.26,9.2,8,0,2,0,0,0
TXN-102058,126.07,4.2,12,0,1,1,0,0
TXN-102059,80.34,12.7,11,0,1,0,0,0
TXN-102060,8.12,0.6,22,0,1,0,0,0
TXN-102061,107.53,2.0,21,0,1,0,0,0
TXN-102062,57.79,6.1,21,0,1,0,0,0
TXN-102063,29.13,6.3,12,0,1,0,0,0
TXN-102064,19.16,2.6,20,0,1,0,0,0
TXN-102065,30.26,5.3,15,0,1,0,0,0
TXN-102066,5.14,4.1,6,0,1,0,0,0
TXN-102067,65.95,3.8,20,0,1,0,0,0
TXN-102068,25.47,6.6,9,0,1,0,0,0
TXN-102069,159.47,6.5,17,0,1,0,0,0
TXN-102070,32.04,1.5,15,0,1,0,0,0
TXN-102071,23.12,1.5,9,0,1,0,0,0
TXN-102072,73.17,0.9,7,0,1,0,0,0
TXN-102073,21.75,2.9,22,0,1,0,0,0
TXN-102074,5.1,2.1,6,0,1,0,0,0
TXN-102075,55.77,5.4,18,0,1,0,0,0
TXN-102076,45.02,0.4,14,0,1,0,0,0
TXN-102077,54.33,7.9,21,0,1,0,0,0
TXN-102078,36.94,6.7,19,0,1,0,0,0
TXN-102079,105.46,9.7,15,0,1,0,0,0
TXN-102080,244.03,7.0,10,0,1,0,0,0
TXN-102081,22.96,13.0,19,0,1,1,0,0
TXN-102082,15.17,3.1,13,1,1,0,0,0
TXN-102083,89.35,4.8,6,0,1,0,0,0
TXN-102084,311.49,23.1,20,0,1,0,0,0
TXN-102085,32.52,1.3,11,0,1,0,0,0
TXN-102086,18.76,0.8,12,0,1,0,0,0
TXN-102087,54.22,3.0,17,0,1,0,0,0
TXN-102088,48.97,16.6,6,1,1,1,0,0
TXN-102089,12.3,3.2,8,0,1,0,0,0
TXN-102090,46.41,10.4,11,0,1,0,0,0
TXN-102091,20.43,3.4,8,0,1,0,0,0
TXN-102092,74.14,14.1,18,0,1,0,0,0
TXN-102093,67.46,1.3,14,0,1,0,0,0
TXN-102094,45.98,7.5,8,0,1,0,0,0
TXN-102095,38.2,0.9,9,1,1,0,0,0
TXN-102096,26.89,0.3,20,0,1,0,0,0
TXN-102097,18.12,0.8,10,0,1,0,0,0
TXN-102098,300.48,3.6,16,0,1,0,0,0
TXN-102099,30.53,10.8,9,0,1,0,0,0
TXN-102100,99.35,3.6,12,0,1,0,0,0
TXN-102101,21.45,0.4,13,1,1,0,0,0
TXN-102102,37.66,1.4,13,0,1,0,0,0
TXN-102103,121.21,11.3,15,0,1,0,0,0
TXN-102104,120.04,1.5,10,0,1,1,0,0
TXN-102105,147.58,0.2,19,0,1,0,0,0
TXN-102106,69.54,1.2,13,0,1,0,0,0
TXN-102107,14.44,1.1,21,1,1,0,0,0
TXN-102108,26.79,13.3,14,0,1,0,0,0
TXN-102109,60.2,7.3,16,1,1,0,0,0
TXN-102110,33.97,0.1,15,0,1,0,0,0
TXN-102111,29.58,1.4,20,0,1,0,0,0
TXN-102112,42.26,0.3,19,0,1,0,0,0
TXN-102113,50.71,5.9,15,1,1,0,0,0
TXN-102114,26.43,3.0,17,0,1,0,0,0
TXN-102115,45.07,1.8,15,0,1,0,0,0
TXN-102116,57.2,12.0,17,0,1,0,1,0
TXN-102117,18.2,8.4,14,0,1,0,0,0
TXN-102118,27.16,1.6,15,0,1,0,0,0
TXN-102119,35.01,4.3,17,0,1,0,0,0
TXN-102120,56.42,7.4,20,0,1,0,0,0
TXN-102121,57.86,14.0,19,0,1,0,0,0
TXN-102122,64.81,4.1,11,0,2,0,0,0
TXN-102123,169.18,1.0,15,0,1,0,0,0
TXN-102124,61.43,2.1,8,0,2,0,0,0
TXN-102125,11.46,3.9,22,0,1,0,0,0
TXN-102126,173.67,3.7,13,0,1,0,0,0
TXN-102127,19.88,1.8,10,0,1,0,0,0
TXN-102128,25.95,4.7,8,0,1,0,0,0
TXN-102129,32.88,0.4,8,0,1,0,0,0
TXN-102130,131.22,3.9,9,0,2,0,0,0
TXN-102131,40.4,5.0,19,0,2,0,0,0
TXN-102132,75.77,1.1,11,0,1,0,0,0
TXN-102133,13.19,7.5,13,0,1,0,0,0
TXN-102134,29.13,2.7,6,0,1,0,0,0
TXN-102135,55.88,0.9,7,0,1,0,0,0
TXN-102136,46.87,2.2,9,0,2,0,0,0
TXN-102137,131.54,0.0,19,0,1,0,0,0
TXN-102138,23.57,8.2,8,0,1,0,1,0
TXN-102139,117.31,4.4,7,0,1,0,0,0
TXN-102140,116.2,1.9,20,0,1,0,0,0
TXN-102141,22.27,4.2,10,0,2,0,0,0
TXN-102142,11.88,5.3,22,0,1,0,0,0
TXN-102143,185.94,2.7,13,0,2,0,0,0
TXN-102144,152.76,0.5,18,0,1,0,0,0
TXN-102145,34.2,0.5,20,0,1,0,0,0
TXN-102146,45.39,0.4,6,0,1,0,0,0
TXN-102147,142.97,10.6,8,0,1,0,0,0
TXN-102148,42.95,4.0,22,0,1,0,0,0
TXN-102149,32.79,4.5,7,0,1,0,0,0
TXN-102150,94.25,13.6,10,0,1,0,0,0
TXN-102151,40.94,2.4,6,0,1,0,0,0
TXN-102152,27.16,0.9,11,0,1,0,0,0
TXN-102153,39.98,15.3,9,0,1,0,0,0
TXN-102154,242.02,1.2,6,0,1,1,0,0
TXN-102155,67.23,3.8,7,0,1,0,0,0
TXN-102156,23.24,6.9,13,0,1,0,0,0
TXN-102157,35.22,1.1,22,0,1,0,0,0
TXN-102158,20.18,6.3,18,0,2,0,0,0
TXN-102159,78.84,0.2,19,0,1,0,0,0
TXN-102160,32.47,3.5,16,0,2,1,0,0
TXN-102161,66.11,0.8,12,0,1,0,0,0
TXN-102162,59.54,0.6,8,0,1,0,0,0
TXN-102163,82.51,0.7,10,0,1,0,0,0
TXN-102164,7.75,5.9,10,0,2,0,0,0
TXN-102165,26.53,1.4,11,0,1,0,0,0
TXN-102166,46.3,2.2,13,0,1,0,0,0
TXN-102167,33.93,1.8,19,0,1,0,0,0
TXN-102168,136.29,4.4,15,0,1,0,0,0
TXN-102169,98.36,1.5,21,0,1,0,0,0
TXN-102170,45.23,0.9,6,0,1,0,0,0
TXN-102171,32.63,2.8,7,0,1,0,0,0
TXN-102172,9.68,15.4,22,0,1,0,0,0
TXN-102173,28.52,3.1,11,0,1,0,0,0
TXN-102174,17.53,2.8,22,0,1,0,0,0
TXN-102175,16.05,0.0,10,0,1,0,0,0
TXN-102176,26.85,3.2,9,0,1,0,0,0
TXN-102177,9.39,19.7,14,0,1,0,0,0
TXN-102178,154.62,2.9,20,0,1,1,0,0
TXN-102179,27.01,1.0,9,0,1,0,0,0
TXN-102180,41.9,1.0,16,0,1,0,0,0
TXN-102181,132.6,1.2,15,0,1,0,0,0
TXN-102182,57.34,6.8,10,0,1,1,0,0
TXN-102183,73.31,7.1,22,1,1,0,0,0
TXN-102184,43.29,0.3,8,0,1,0,0,0
TXN-102185,20.92,2.3,20,0,1,0,0,0
TXN-102186,40.77,20.8,17,0,1,0,0,0
TXN-102187,22.02,2.1,21,0,2,0,0,0
TXN-102188,15.74,15.8,11,0,1,0,0,0
TXN-102189,164.92,3.7,15,0,1,0,0,0
TXN-102190,13.1,6.2,21,0,1,0,0,0
TXN-102191,160.71,2.6,18,0,1,0,0,0
TXN-102192,193.19,12.0,18,0,1,0,0,0
TXN-102193,18.95,0.1,17,0,1,0,0,0
TXN-102194,20.05,0.9,11,0,1,0,0,0
TXN-102195,16.76,6.9,8,0,1,0,0,0
TXN-102196,49.86,10.4,18,0,1,0,0,0
TXN-102197,97.42,3.1,11,0,1,0,0,0
TXN-102198,48.17,4.5,14,0,1,0,0,0
TXN-102199,18.49,3.1,17,0,1,0,0,0
TXN-102200,18.24,7.1,6,0,1,0,0,0
TXN-102201,64.1,0.2,22,0,1,0,0,0
TXN-102202,104.16,11.0,18,1,1,0,0,0
TXN-102203,51.62,1.4,8,0,1,0,0,0
TXN-102204,50.73,0.0,16,0,2,0,0,0
TXN-102205,162.76,2.0,6,0,1,0,0,0
TXN-102206,164.15,9.1,19,0,1,0,0,0
TXN-102207,25.68,4.2,7,0,1,0,0,0
TXN-102208,57.82,12.7,8,0,1,0,0,0
TXN-102209,13.29,2.0,20,0,1,0,0,0
TXN-102210,19.64,0.0,12,0,1,0,0,0
TXN-102211,27.39,8.8,18,1,1,0,0,0
TXN-102212,29.86,6.1,16,0,2,0,0,0
TXN-102213,43.47,2.2,14,0,1,0,0,0
TXN-102214,27.64,4.1,22,0,1,0,0,0
TXN-102215,35.88,5.1,11,0,1,0,0,0
TXN-102216,77.81,2.5,8,0,1,0,0,0
TXN-102217,25.92,1.7,14,0,2,1,0,0
TXN-102218,58.06,1.4,10,0,1,0,1,0
TXN-102219,8.3,0.4,8,0,1,0,0,0
TXN-102220,45.4,4.1,17,0,2,0,0,0
TXN-102221,58.28,5.1,21,1,1,0,0,0
TXN-102222,42.46,5.4,11,0,1,0,0,0
TXN-102223,59.97,2.8,16,0,2,0,0,0
TXN-102224,16.78,1.8,15,0,1,0,0,0
TXN-102225,556.49,1.5,9,0,1,0,0,0
TXN-102226,32.76,7.0,9,0,2,0,0,0
TXN-102227,398.25,190.0,2,1,6,3,1,1
TXN-102228,62.77,16.1,20,0,1,1,0,0
TXN-102229,87.46,3.2,12,0,1,0,0,0
TXN-102230,109.99,4.3,13,0,1,0,0,0
TXN-102231,9.2,9.4,22,0,1,0,0,0
TXN-102232,20.33,0.4,21,0,2,0,0,0
TXN-102233,40.83,0.5,18,0,2,0,0,0
TXN-102234,21.75,0.8,14,0,1,0,0,0
TXN-102235,63.36,4.2,10,0,1,0,0,0
TXN-102236,26.19,11.6,12,0,1,0,0,0
TXN-102237,97.63,6.7,12,0,1,0,1,0
TXN-102238,35.13,4.2,18,1,1,0,0,0
TXN-102239,23.6,2.1,18,1,1,0,0,0
TXN-102240,27.2,0.5,9,0,1,0,0,0
TXN-102241,45.99,1.0,22,1,1,0,0,0
TXN-102242,16.61,0.9,16,0,1,0,0,0
TXN-102243,4.86,3.8,15,0,1,0,0,0
TXN-102244,101.66,1.2,20,0,1,0,0,0
TXN-102245,51.82,1.0,12,0,1,0,0,0
TXN-102246,30.91,2.5,19,0,1,0,0,0
TXN-102247,85.85,9.9,11,0,1,0,0,0
TXN-102248,7.88,6.6,13,0,1,0,0,0
TXN-102249,88.98,2.5,19,0,1,0,0,0
TXN-102250,19.99,3.2,19,0,1,0,0,0
TXN-102251,36.79,1.0,13,0,1,0,0,0
TXN-102252,97.29,3.0,12,0,1,0,1,0
TXN-102253,44.42,4.7,18,0,1,0,0,0
TXN-102254,96.23,4.8,16,0,2,0,0,0
TXN-102255,137.37,1.5,15,0,1,0,0,0
TXN-102256,43.76,5.6,22,0,1,0,0,0
TXN-102257,27.37,2.0,7,0,1,0,0,0
TXN-102258,51.86,5.1,6,0,1,0,0,0
TXN-102259,93.04,5.5,7,0,1,0,0,0
TXN-102260,464.9,0.7,13,0,2,0,0,0
TXN-102261,83.61,5.4,6,0,1,0,0,0
TXN-102262,38.85,1.6,12,0,2,0,0,0
TXN-102263,25.37,0.5,15,0,1,0,0,0
TXN-102264,131.86,2.6,20,0,1,0,0,0
TXN-102265,56.88,6.8,17,0,1,0,0,0
TXN-102266,315.13,1.0,10,1,1,0,0,0
TXN-102267,69.05,3.4,6,0,1,0,0,0
TXN-102268,12.45,3.7,17,0,1,0,0,0
TXN-102269,28.35,1.3,12,0,2,0,0,0
TXN-102270,35.26,5.3,8,0,2,0,0,0
TXN-102271,43.82,1.6,7,0,1,0,0,0
TXN-102272,9.99,6.5,9,0,1,0,0,0
TXN-102273,15.54,0.1,17,0,1,0,0,0
TXN-102274,16.62,7.0,19,1,1,0,0,0
TXN-102275,27.51,4.1,19,0,1,0,0,0
TXN-102276,17.65,1.0,10,0,1,0,0,0
TXN-102277,26.87,3.7,7,0,1,0,0,0
TXN-102278,52.92,1.2,17,0,1,0,0,0
TXN-102279,72.5,3.1,14,0,1,0,0,0
TXN-102280,58.25,23.3,18,0,1,1,0,0
TXN-102281,9.83,0.1,22,0,1,0,0,0
TXN-102282,19.37,15.3,15,0,1,0,0,0
TXN-102283,16.1,6.4,13,0,1,0,0,0
TXN-102284,6.08,2.9,15,0,1,0,0,0
TXN-102285,30.66,1.3,21,0,1,0,0,0
TXN-102286,48.02,0.0,12,1,1,0,0,0
TXN-102287,20.49,2.3,9,0,1,1,0,0
TXN-102288,61.24,0.1,17,0,1,0,0,0
TXN-102289,25.85,0.7,7,0,1,0,0,0
TXN-102290,12.43,1.1,15,0,1,0,0,0
TXN-102291,36.6,1.8,21,0,1,0,0,0
TXN-102292,57.8,10.6,22,0,1,1,0,0
TXN-102293,61.26,9.5,13,0,1,0,0,0
TXN-102294,38.77,0.1,22,0,1,0,0,0
TXN-102295,79.14,2.1,20,0,1,0,0,0
TXN-102296,26.56,4.6,8,1,1,0,0,0
TXN-102297,20.37,9.5,20,0,1,0,0,0
TXN-102298,48.08,4.2,17,0,1,0,0,0
TXN-102299,31.54,0.6,10,0,1,0,0,0
TXN-102300,48.15,3.9,18,0,1,0,0,0
TXN-102301,61.72,7.4,22,0,1,0,0,0
TXN-102302,87.66,6.2,8,0,1,0,0,0
TXN-102303,13.53,0.6,14,0,1,0,0,0
TXN-102304,428.15,4.7,16,0,1,0,0,0
TXN-102305,61.89,9.1,7,0,1,0,0,0
TXN-102306,16.67,0.3,17,0,1,0,0,0
TXN-102307,51.07,6.4,6,0,2,0,0,0
TXN-102308,60.23,0.4,15,0,1,1,0,0
TXN-102309,25.22,0.7,19,0,1,0,0,0
TXN-102310,41.35,6.8,14,0,1,0,0,0
TXN-102311,184.98,0.1,10,0,1,1,0,0
TXN-102312,78.13,0.5,6,0,1,0,0,0
TXN-102313,191.42,0.6,12,0,1,0,0,0
TXN-102314,21.04,11.0,17,0,1,0,0,0
TXN-102315,27.49,3.7,7,0,1,0,0,0
TXN-102316,132.04,3.8,17,0,2,0,0,0
TXN-102317,18.12,3.2,21,0,1,0,0,0
TXN-102318,20.85,0.4,17,0,1,0,0,0
TXN-102319,38.63,3.6,7,1,1,0,0,0
TXN-102320,28.11,12.1,14,1,1,0,0,0
TXN-102321,53.05,6.2,12,0,1,0,0,0
TXN-102322,43.6,7.8,7,0,1,0,0,0
TXN-102323,200.62,2.8,11,0,1,0,0,0
TXN-102324,67.94,1.5,6,0,1,0,0,0
TXN-102325,49.01,4.6,9,0,1,0,0,0
TXN-102326,103.14,1.1,7,0,2,0,0,0
TXN-102327,16.62,0.8,22,0,2,1,0,0
TXN-102328,105.47,15.9,14,0,1,0,0,0
TXN-102329,3.52,2.4,7,0,2,0,0,0
TXN-102330,66.74,15.9,9,0,1,0,0,0
TXN-102331,27.76,2.0,18,0,1,0,0,0
TXN-102332,35.23,1.8,14,0,1,0,0,0
TXN-102333,107.88,1.1,17,0,2,0,0,0
TXN-102334,30.02,7.9,18,1,1,0,0,0
TXN-102335,27.55,4.7,13,0,1,0,0,0
TXN-102336,65.0,1.5,6,0,1,0,0,0
TXN-102337,15.71,2.9,9,0,1,0,0,0
TXN-102338,66.49,1.9,14,0,1,0,0,0
TXN-102339,59.52,0.5,10,1,1,0,0,0
TXN-102340,172.38,1.6,13,0,2,0,0,0
TXN-102341,153.52,5.4,9,0,1,0,0,0
TXN-102342,23.65,2.6,8,0,1,0,0,0
TXN-102343,57.16,1.0,10,0,1,0,1,0
TXN-102344,60.65,7.4,15,0,2,0,0,0
TXN-102345,58.99,0.8,11,0,1,0,0,0
TXN-102346,20.74,9.4,19,0,1,0,0,0
TXN-102347,9.67,0.5,12,0,1,0,0,0
TXN-102348,95.58,10.5,16,0,2,1,0,0
TXN-102349,17.97,2.0,21,0,1,0,0,0
TXN-102350,41.3,0.2,10,0,1,0,0,0
TXN-102351,26.03,4.5,18,0,1,0,0,0
TXN-102352,28.03,3.8,10,0,1,0,0,0
TXN-102353,15.3,1.7,10,0,1,0,0,0
TXN-102354,91.6,1.2,8,0,1,0,0,0
TXN-102355,40.79,0.5,15,0,2,1,1,0
TXN-102356,17.01,3.7,20,0,1,0,0,0
TXN-102357,46.3,0.1,9,0,1,0,0,0
TXN-102358,48.59,15.3,9,0,1,0,0,0
TXN-102359,29.66,1.7,22,0,1,1,0,0
TXN-102360,42.99,4.5,8,0,1,0,0,0
TXN-102361,126.91,6.3,18,0,2,0,0,0
TXN-102362,13.14,8.4,15,0,1,0,0,0
TXN-102363,32.78,3.5,7,0,1,0,0,0
TXN-102364,19.41,14.6,14,0,1,0,0,0
TXN-102365,19.29,4.0,14,0,1,0,0,0
TXN-102366,19.24,8.1,10,0,2,0,0,0
TXN-102367,48.35,12.6,17,0,1,0,0,0
TXN-102368,56.9,11.3,12,0,1,0,0,0
TXN-102369,65.29,1.6,6,1,1,0,0,0
TXN-102370,53.4,5.3,15,0,1,0,0,0
TXN-102371,74.86,6.0,14,0,1,0,0,0
TXN-102372,217.27,2.4,12,0,1,1,0,0
TXN-102373,31.68,0.1,10,0,1,0,0,0
TXN-102374,31.03,1.0,11,0,1,0,0,0
TXN-102375,159.36,11.1,8,0,1,0,0,0
TXN-102376,62.76,3.4,13,0,1,0,0,0
TXN-102377,12.78,0.2,10,0,1,0,0,0
TXN-102378,41.37,3.7,20,0,1,0,0,0
TXN-102379,24.96,4.3,20,0,1,0,0,0
TXN-102380,34.29,3.0,12,0,1,0,0,0
TXN-102381,26.24,2.3,7,0,2,0,0,0
TXN-102382,20.5,3.3,13,1,1,0,0,0
TXN-102383,70.94,2.3,12,1,1,0,0,0
TXN-102384,74.21,2.5,22,0,1,0,0,0
TXN-102385,96.67,3.2,20,0,1,0,0,0
TXN-102386,124.23,4.3,17,0,1,0,0,0
TXN-102387,101.86,1.2,6,0,2,0,0,0
TXN-102388,49.44,2.9,7,1,2,0,0,0
TXN-102389,131.27,0.9,9,0,1,0,0,0
TXN-102390,31.11,2.8,14,1,1,0,0,0
TXN-102391,86.7,10.5,8,0,1,0,0,0
TXN-102392,26.51,0.7,11,1,1,0,0,0
TXN-102393,171.6,0.8,16,0,1,0,0,0
TXN-102394,237.63,6.1,13,0,1,0,0,0
TXN-102395,5.17,0.2,14,0,2,0,0,0
TXN-102396,35.19,9.7,18,1,1,1,0,0
TXN-102397,15.47,3.5,17,0,1,0,0,0
TXN-102398,24.95,3.9,6,0,1,0,0,0
TXN-102399,14.87,0.0,16,0,1,0,0,0
TXN-102400,8.44,0.0,11,0,1,0,0,0
TXN-102401,34.91,0.8,7,0,1,0,0,0
TXN-102402,38.29,3.2,14,0,1,0,0,0
TXN-102403,52.31,9.6,9,0,1,0,0,0
TXN-102404,90.67,2.5,9,0,1,0,0,0
TXN-102405,154.61,0.9,18,0,1,0,0,0
TXN-102406,39.07,5.8,9,0,1,0,0,0
TXN-102407,29.74,11.3,22,0,1,0,0,0
TXN-102408,31.85,1.4,17,0,2,0,0,0
TXN-102409,27.36,13.5,7,0,1,0,0,0
TXN-102410,401.26,245.9,0,1,3,0,1,1
TXN-102411,33.33,9.2,21,0,1,0,0,0
TXN-102412,29.05,7.7,22,1,1,0,0,0
TXN-102413,128.05,4.2,14,0,1,0,0,0
TXN-102414,98.12,13.6,10,0,1,0,0,0
TXN-102415,92.84,6.1,8,0,2,0,0,0
TXN-102416,28.24,7.4,15,0,1,0,0,0
TXN-102417,39.38,10.2,21,0,1,0,0,0
TXN-102418,34.74,4.9,6,0,1,0,0,0
TXN-102419,61.74,1.2,9,0,1,0,0,0
TXN-102420,24.63,30.6,18,0,1,0,0,0
TXN-102421,39.91,10.8,9,0,1,0,0,0
TXN-102422,8.43,3.2,19,0,2,0,0,0
TXN-102423,77.82,0.8,8,0,1,0,0,0
TXN-102424,75.58,2.9,15,0,1,0,0,0
TXN-102425,8.58,1.8,9,0,1,0,0,0
TXN-102426,40.91,5.6,16,1,1,0,0,0
TXN-102427,797.59,238.3,0,1,4,1,0,1
TXN-102428,106.72,6.4,11,1,1,0,1,0
TXN-102429,114.95,10.6,10,0,1,0,0,0
TXN-102430,131.54,1.3,8,0,1,0,0,0
TXN-102431,52.49,4.7,19,1,2,0,0,0
TXN-102432,34.83,7.0,22,1,1,0,0,0
TXN-102433,31.18,3.7,22,0,1,0,0,0
TXN-102434,37.64,9.4,12,0,1,0,0,0
TXN-102435,116.8,2.3,7,0,1,0,0,0
TXN-102436,165.63,2.1,6,0,1,0,0,0
TXN-102437,123.33,3.7,17,0,1,0,0,0
TXN-102438,73.61,14.2,16,0,1,0,0,0
TXN-102439,14.65,13.1,20,0,1,0,0,0
TXN-102440,9.46,35.3,15,0,1,0,1,0
TXN-102441,179.67,2.2,21,0,1,0,0,0
TXN-102442,26.0,5.7,15,0,1,0,0,0
TXN-102443,16.89,1.2,8,0,2,0,0,0
TXN-102444,96.37,2.8,14,0,1,0,0,0
TXN-102445,40.69,15.3,22,1,1,0,0,0
TXN-102446,42.75,1.3,17,0,1,0,0,0
TXN-102447,24.37,7.0,11,0,1,0,0,0
TXN-102448,12.2,0.6,17,0,1,0,0,0
TXN-102449,57.27,11.3,13,0,1,0,0,0
TXN-102450,73.51,15.5,18,0,1,0,0,0
TXN-102451,170.91,1.9,22,0,2,1,0,0
TXN-102452,8.5,2.5,13,0,1,0,0,0
TXN-102453,17.2,4.8,11,0,1,0,0,0
TXN-102454,116.43,16.9,9,0,2,0,0,0
TXN-102455,52.38,18.8,20,1,1,0,0,0
TXN-102456,328.45,2.4,13,0,1,0,0,0
TXN-102457,51.9,4.4,21,0,1,0,0,0
TXN-102458,45.64,0.2,15,1,1,0,0,0
TXN-102459,8.2,3.7,19,0,1,0,0,0
TXN-102460,653.83,339.5,5,1,3,2,1,1
TXN-102461,41.73,1.7,10,1,1,0,0,0
TXN-102462,81.04,23.3,9,1,2,0,0,0
TXN-102463,32.68,7.1,13,0,1,0,0,0
TXN-102464,45.85,12.9,10,0,1,0,0,0
TXN-102465,61.52,10.5,19,0,2,0,0,0
TXN-102466,72.18,2.0,12,0,1,0,0,0
TXN-102467,73.57,0.1,11,0,1,0,0,0
TXN-102468,26.4,0.5,7,0,1,0,0,0
TXN-102469,23.96,8.4,20,0,1,0,0,0
TXN-102470,74.71,6.7,20,0,1,0,0,0
TXN-102471,160.03,4.7,14,0,1,0,0,0
TXN-102472,126.65,0.1,19,0,1,0,0,0
TXN-102473,63.39,0.2,6,0,1,0,0,0
TXN-102474,62.95,6.8,18,0,1,0,0,0
TXN-102475,73.39,1.1,16,1,1,0,0,0
TXN-102476,51.7,6.7,15,0,1,0,0,0
TXN-102477,28.74,1.8,21,0,1,0,0,0
TXN-102478,61.09,1.7,14,0,1,0,0,0
TXN-102479,35.18,0.1,7,0,1,0,0,0
TXN-102480,8.29,0.3,15,0,1,0,0,0
TXN-102481,40.6,2.7,14,0,1,0,1,0
TXN-102482,6.19,18.3,8,0,1,0,0,0
TXN-102483,89.12,0.8,12,0,1,0,0,0
TXN-102484,32.21,1.7,14,0,1,0,0,0
TXN-102485,75.92,5.6,21,0,1,0,1,0
TXN-102486,25.05,14.0,6,0,1,0,0,0
TXN-102487,24.03,8.5,10,0,1,0,0,0
TXN-102488,38.16,8.5,19,0,1,0,0,0
TXN-102489,25.39,2.7,6,0,1,0,0,0
TXN-102490,13.96,0.8,9,0,2,0,0,0
TXN-102491,26.2,15.2,20,0,1,0,0,0
TXN-102492,36.63,0.3,6,0,1,0,0,0
TXN-102493,28.18,5.1,6,0,1,0,0,0
TXN-102494,124.41,1.0,12,0,1,0,0,0
TXN-102495,100.5,0.8,14,0,1,0,0,0
TXN-102496,20.64,2.4,10,0,1,0,0,0
TXN-102497,21.64,2.9,10,0,1,0,0,0
TXN-102498,20.22,1.5,12,0,1,0,0,0
TXN-102499,24.83,7.2,19,0,1,0,0,0
TXN-102500,45.01,1.7,13,0,1,0,0,0
TXN-102501,121.76,3.7,19,0,1,0,0,0
TXN-102502,45.14,1.2,6,0,1,0,0,0
TXN-102503,111.81,7.4,17,0,1,1,0,0
TXN-102504,67.43,1.9,8,0,2,0,0,0
TXN-102505,13.12,5.9,19,0,1,0,0,0
TXN-102506,65.13,1.4,20,0,2,0,0,0
TXN-102507,16.31,0.8,7,0,1,0,0,0
TXN-102508,46.68,6.2,19,0,1,0,0,0
TXN-102509,46.13,0.2,15,0,1,0,0,0
TXN-102510,7.09,5.2,19,0,1,0,0,0
TXN-102511,189.33,7.8,21,1,1,0,0,0
TXN-102512,26.46,4.3,11,0,1,0,0,0
TXN-102513,136.13,22.7,9,0,1,0,0,0
TXN-102514,41.25,21.1,17,1,1,0,0,0
TXN-102515,55.77,11.2,11,0,2,0,0,0
TXN-102516,91.44,8.0,16,0,2,0,0,0
TXN-102517,29.0,0.3,17,0,2,0,0,0
TXN-102518,38.95,3.4,17,0,1,0,0,0
TXN-102519,15.21,17.4,15,0,1,0,0,0
TXN-102520,79.64,7.2,17,1,1,0,0,0
TXN-102521,26.05,2.0,14,0,1,0,0,0
TXN-102522,199.35,3.6,17,0,1,0,0,0
TXN-102523,58.77,21.2,13,1,1,0,0,0
TXN-102524,38.17,6.3,21,0,1,0,0,0
TXN-102525,120.98,9.5,12,0,2,0,0,0
TXN-102526,78.26,211.6,0,1,5,2,1,1
TXN-102527,121.47,6.5,14,1,1,0,0,0
TXN-102528,61.05,3.9,6,0,1,0,0,0
TXN-102529,46.89,7.4,18,0,1,0,0,0
TXN-102530,21.31,0.1,15,0,1,0,0,0
TXN-102531,74.47,3.0,7,0,2,0,0,0
TXN-102532,28.47,9.0,10,1,1,0,0,0
TXN-102533,10.81,4.2,7,0,1,1,0,0
TXN-102534,136.5,4.5,19,0,1,0,0,0
TXN-102535,8.45,9.1,18,0,1,0,0,0
TXN-102536,106.99,7.8,12,0,1,0,0,0
TXN-102537,4.64,3.8,12,0,1,0,0,0
TXN-102538,45.88,5.8,14,0,2,0,0,0
TXN-102539,154.98,6.7,22,0,1,0,0,0
TXN-102540,17.84,0.6,9,0,1,0,0,0
TXN-102541,42.36,0.3,12,1,1,0,0,0
TXN-102542,58.18,4.0,16,1,1,0,0,0
TXN-102543,37.89,11.2,10,0,1,1,0,0
TXN-102544,70.82,3.8,7,0,1,0,0,0
TXN-102545,56.44,0.3,17,0,1,1,0,0
TXN-102546,150.97,8.0,12,0,1,0,0,0
TXN-102547,41.12,2.5,19,0,1,0,0,0
TXN-102548,30.13,5.3,6,0,1,0,0,0
TXN-102549,72.64,0.0,8,0,1,0,0,0
TXN-102550,45.58,8.9,10,0,1,1,0,0
TXN-102551,75.92,1.3,12,0,1,0,0,0
TXN-102552,95.23,4.0,12,0,1,0,0,0
TXN-102553,1238.66,52.1,0,1,6,0,1,1
TXN-102554,19.98,5.2,20,0,1,0,0,0
TXN-102555,168.88,2.0,20,1,1,0,0,0
TXN-102556,29.83,1.3,12,0,1,0,0,0
TXN-102557,72.98,3.1,13,0,2,0,0,0
TXN-102558,188.81,5.9,12,0,2,0,0,0
TXN-102559,55.45,10.2,9,0,2,0,0,0
TXN-102560,46.18,5.0,19,0,1,0,0,0
TXN-102561,53.25,5.5,6,0,1,0,0,0
TXN-102562,77.22,0.7,19,0,1,0,0,0
TXN-102563,96.5,4.6,21,0,2,0,0,0
TXN-102564,4.96,6.0,21,0,1,0,0,0
TXN-102565,49.98,14.3,9,0,1,0,0,0
TXN-102566,1120.86,99.4,3,1,4,2,1,1
TXN-102567,267.22,179.1,5,0,4,2,1,1
TXN-102568,22.57,0.8,10,0,1,0,0,0
TXN-102569,72.85,2.9,19,0,1,0,0,0
TXN-102570,86.16,7.1,14,0,1,0,0,0
TXN-102571,34.94,8.5,14,0,1,0,0,0
TXN-102572,24.12,2.5,10,0,1,0,0,0
TXN-102573,47.58,1.7,10,0,1,0,0,0
TXN-102574,73.97,6.8,18,0,1,0,0,0
TXN-102575,72.24,2.2,17,0,1,0,0,0
TXN-102576,25.82,3.2,17,1,1,0,0,0
TXN-102577,4800.33,264.1,4,0,6,3,1,1
TXN-102578,65.75,1.9,18,0,1,0,0,0
TXN-102579,20.93,2.9,22,0,1,0,0,0
TXN-102580,73.54,16.1,6,0,1,0,0,0
TXN-102581,33.59,7.5,6,0,1,0,0,0
TXN-102582,31.36,4.7,19,0,1,0,0,0
TXN-102583,35.74,10.9,7,1,2,0,0,0
TXN-102584,20.02,1.2,18,0,1,0,0,0
TXN-102585,44.01,2.2,15,0,1,0,0,0
TXN-102586,34.91,1.0,21,0,1,1,0,0
TXN-102587,77.64,6.4,12,0,2,0,1,0
TXN-102588,232.57,2.7,6,0,1,0,0,0
TXN-102589,67.01,17.7,16,0,1,0,0,0
TXN-102590,47.96,20.2,22,0,1,1,0,0
TXN-102591,152.02,209.0,23,0,4,2,0,1
TXN-102592,37.02,3.1,16,1,1,0,0,0
TXN-102593,61.52,0.9,22,0,1,0,0,0
TXN-102594,76.94,2.8,7,0,1,0,0,0
TXN-102595,97.08,1.8,9,0,1,0,0,0
TXN-102596,22.39,4.8,10,0,1,0,0,0
TXN-102597,154.49,237.3,23,0,6,3,0,1
TXN-102598,24.85,0.8,15,0,1,0,0,0
TXN-102599,102.65,10.9,6,0,2,0,1,0
TXN-102600,80.1,2.6,13,0,1,0,0,0
TXN-102601,15.98,15.9,15,0,1,0,1,0
TXN-102602,10.31,2.0,6,0,1,0,1,0
TXN-102603,49.63,1.5,6,0,1,0,0,0
TXN-102604,19.46,2.6,7,0,1,0,0,0
TXN-102605,10.64,1.6,16,0,2,0,0,0
TXN-102606,39.92,3.1,8,0,1,0,0,0
TXN-102607,46.86,4.8,8,0,1,0,0,0
TXN-102608,69.45,9.5,14,0,1,0,0,0
TXN-102609,65.73,1.6,19,0,1,0,0,0
TXN-102610,15.65,2.0,18,0,1,0,0,0
TXN-102611,68.79,6.4,20,0,2,0,0,0
TXN-102612,71.98,1.5,13,0,2,0,0,0
TXN-102613,113.01,3.2,22,0,2,0,0,0
TXN-102614,64.54,4.4,12,0,1,0,0,0
TXN-102615,110.72,1.8,7,0,2,0,0,0
TXN-102616,41.89,3.6,20,0,2,0,0,0
TXN-102617,14.44,5.7,15,0,1,0,0,0
TXN-102618,39.15,4.6,14,0,2,0,0,0
TXN-102619,56.69,7.0,11,0,1,0,0,0
TXN-102620,33.74,13.8,16,1,2,0,0,0
TXN-102621,24.56,5.9,21,0,1,0,0,0
TXN-102622,25.01,2.9,13,0,1,0,0,0
TXN-102623,188.75,12.9,10,0,1,0,0,0
TXN-102624,24.49,2.6,22,0,1,0,0,0
TXN-102625,39.27,4.2,20,0,1,1,0,0
TXN-102626,72.77,5.1,14,0,1,0,0,0
TXN-102627,28.59,6.1,10,0,1,0,0,0
TXN-102628,129.4,8.5,9,0,1,0,0,0
TXN-102629,29.57,5.1,18,1,1,0,0,0
TXN-102630,65.95,2.8,8,1,1,0,0,0
TXN-102631,37.49,6.1,19,0,1,0,0,0
TXN-102632,56.67,6.1,16,0,1,0,0,0
TXN-102633,39.9,14.4,21,0,1,0,0,0
TXN-102634,19.83,7.7,21,0,1,0,0,0
TXN-102635,60.89,9.0,6,1,2,0,0,0
TXN-102636,80.28,4.0,11,0,1,0,0,0
TXN-102637,116.07,1.1,13,0,1,0,0,0
TXN-102638,44.11,2.3,10,0,1,0,0,0
TXN-102639,95.34,3.7,12,0,2,0,0,0
TXN-102640,52.18,2.4,19,0,2,0,1,0
TXN-102641,66.97,0.3,18,0,1,0,0,0
TXN-102642,32.85,1.4,13,0,1,0,0,0
TXN-102643,38.23,4.2,6,0,1,0,0,0
TXN-102644,40.54,4.1,12,1,1,0,0,0
TXN-102645,34.71,8.8,17,0,1,0,0,0
TXN-102646,26.14,1.3,18,0,1,0,0,0
TXN-102647,52.09,21.6,10,0,2,0,0,0
TXN-102648,115.57,0.0,7,0,2,0,0,0
TXN-102649,46.44,17.0,7,1,1,0,0,0
TXN-102650,23.74,3.2,17,0,1,0,0,0
TXN-102651,36.32,2.6,6,0,2,0,0,0
TXN-102652,20.66,1.2,12,1,1,0,0,0
TXN-102653,40.86,1.5,10,0,1,0,0,0
TXN-102654,10.99,9.6,7,1,1,1,0,0
TXN-102655,56.67,5.1,11,0,1,0,0,0
TXN-102656,65.3,1.6,7,0,1,0,0,0
TXN-102657,47.81,1.3,18,0,2,0,0,0
TXN-102658,13.26,5.4,12,1,1,1,0,0
TXN-102659,19.72,7.0,18,0,1,0,0,0
TXN-102660,14.99,3.4,13,0,1,0,0,0
TXN-102661,50.03,0.1,10,0,1,1,0,0
TXN-102662,31.55,4.9,22,0,1,0,0,0
TXN-102663,109.27,194.6,3,1,5,1,1,1
TXN-102664,73.74,1.4,22,0,1,0,0,0
TXN-102665,10.56,3.4,18,0,1,0,0,0
TXN-102666,28.47,0.7,19,0,1,0,0,0
TXN-102667,101.2,1.2,10,0,1,0,0,0
TXN-102668,46.39,0.7,22,0,1,0,0,0
TXN-102669,83.65,1.4,6,0,1,0,0,0
TXN-102670,24.0,0.5,9,0,1,0,0,0
TXN-102671,38.94,3.3,7,0,1,0,0,0
TXN-102672,239.45,5.5,12,0,1,0,0,0
TXN-102673,82.38,7.9,18,0,1,0,0,0
TXN-102674,47.42,10.0,20,0,1,0,0,0
TXN-102675,106.33,2.8,17,0,1,0,0,0
TXN-102676,27.85,1.6,19,0,1,0,0,0
TXN-102677,9.28,1.4,15,0,1,0,0,0
TXN-102678,58.5,8.9,16,0,1,0,0,0
TXN-102679,28.67,5.4,14,0,1,0,0,0
TXN-102680,27.5,2.0,19,0,2,0,0,0
TXN-102681,37.75,5.9,12,0,1,0,0,0
TXN-102682,23.97,0.8,14,0,1,0,0,0
TXN-102683,101.22,17.8,15,0,1,0,0,0
TXN-102684,122.74,4.4,11,0,1,0,0,0
TXN-102685,6.63,6.9,12,0,2,0,0,0
TXN-102686,40.69,11.4,9,0,2,0,0,0
TXN-102687,49.45,0.6,10,0,1,0,0,0
TXN-102688,13.47,5.8,18,0,1,0,0,0
TXN-102689,86.36,6.9,8,0,1,0,0,0
TXN-102690,37.29,32.7,15,1,1,0,0,0
TXN-102691,47.83,1.5,19,0,1,0,0,0
TXN-102692,34.7,0.8,12,0,1,0,0,0
TXN-102693,113.91,7.1,12,0,1,0,0,0
TXN-102694,11.89,4.4,11,0,1,1,0,0
TXN-102695,5.5,3.2,14,0,1,0,0,0
TXN-102696,11.24,1.7,21,1,2,0,0,0
TXN-102697,43.91,11.0,8,0,1,0,0,0
TXN-102698,38.22,7.4,17,0,1,0,1,0
TXN-102699,67.73,12.6,8,1,1,0,0,0
TXN-102700,136.02,4.8,7,0,1,0,0,0
TXN-102701,87.05,0.2,17,0,1,0,0,0
TXN-102702,60.45,9.7,17,0,1,0,0,0
TXN-102703,35.64,1.2,15,0,1,0,0,0
TXN-102704,51.49,17.5,22,0,1,0,0,0
TXN-102705,37.27,4.7,20,0,1,0,0,0
TXN-102706,174.52,0.1,18,0,2,0,0,0
TXN-102707,27.27,16.1,11,0,2,1,0,0
TXN-102708,35.76,12.8,13,0,1,0,0,0
TXN-102709,53.02,19.4,21,0,1,0,0,0
TXN-102710,182.53,3.9,17,0,2,0,0,0
TXN-102711,578.21,161.2,5,0,5,2,1,1
TXN-102712,23.71,11.6,12,0,1,0,0,0
TXN-102713,25.09,0.0,17,0,1,0,0,0
TXN-102714,36.85,4.8,19,0,1,1,0,0
TXN-102715,28.88,1.4,11,0,1,0,0,0
TXN-102716,50.35,11.4,22,0,1,1,0,0
TXN-102717,75.12,6.4,15,0,1,0,0,0
TXN-102718,168.17,1.1,9,0,1,0,0,0
TXN-102719,39.38,10.4,16,0,1,0,0,0
TXN-102720,49.89,13.4,20,0,1,0,0,0
TXN-102721,89.83,4.7,9,0,1,0,0,0
TXN-102722,123.62,4.7,21,0,1,0,0,0
TXN-102723,37.58,0.9,15,0,1,0,0,0
TXN-102724,64.98,0.6,17,0,2,0,0,0
TXN-102725,11.99,2.0,16,0,2,0,0,0
TXN-102726,109.39,3.1,14,0,1,1,0,0
TXN-102727,31.18,1.8,19,0,1,0,0,0
TXN-102728,22.88,3.9,6,0,2,0,0,0
TXN-102729,175.19,16.7,12,0,1,1,0,0
TXN-102730,24.11,0.4,12,0,1,0,0,0
TXN-102731,70.56,7.1,16,0,1,0,0,0
TXN-102732,77.29,0.8,8,0,1,0,0,0
TXN-102733,31.6,9.4,13,0,1,1,0,0
TXN-102734,165.13,12.9,9,0,1,0,0,0
TXN-102735,52.45,10.4,15,0,1,0,0,0
TXN-102736,9.71,0.0,18,1,1,0,0,0
TXN-102737,40.32,13.5,10,1,1,0,0,0
TXN-102738,64.13,5.9,16,0,1,0,0,0
TXN-102739,44.23,3.4,11,0,1,0,0,0
TXN-102740,31.39,0.0,17,0,1,0,0,0
TXN-102741,183.68,3.6,11,0,2,0,0,0
TXN-102742,20.16,5.1,7,0,1,0,0,0
TXN-102743,45.92,2.1,6,1,1,0,0,0
TXN-102744,69.71,10.5,12,0,1,0,0,0
TXN-102745,14.33,14.5,22,1,1,0,0,0
TXN-102746,26.77,1.1,13,0,1,0,0,0
TXN-102747,83.23,2.9,8,0,1,0,0,0
TXN-102748,211.63,6.9,13,0,1,0,0,0
TXN-102749,11.12,6.0,6,0,1,0,0,0
TXN-102750,96.1,2.5,6,0,1,0,0,0
TXN-102751,38.38,16.1,10,0,1,0,0,0
TXN-102752,98.33,2.9,15,0,1,0,0,0
TXN-102753,77.97,2.2,20,0,1,0,0,0
TXN-102754,16.5,0.2,6,0,1,0,0,0
TXN-102755,69.31,4.9,8,0,1,0,0,0
TXN-102756,64.25,0.7,19,0,2,0,0,0
TXN-102757,38.39,12.6,17,0,2,0,0,0
TXN-102758,35.08,2.8,14,1,1,0,0,0
TXN-102759,19.57,5.7,7,1,1,0,0,0
TXN-102760,33.99,2.7,11,0,1,0,0,0
TXN-102761,29.22,1.3,21,0,2,0,0,0
TXN-102762,47.04,0.3,11,0,1,0,0,0
TXN-102763,35.33,4.4,8,0,1,0,0,0
TXN-102764,23.77,6.0,21,0,1,0,0,0
TXN-102765,57.96,8.1,10,0,1,0,0,0
TXN-102766,53.44,9.3,16,0,1,0,0,0
TXN-102767,11.71,5.5,20,0,1,0,0,0
TXN-102768,16.98,5.9,18,0,2,0,0,0
TXN-102769,101.32,0.1,16,0,1,0,0,0
TXN-102770,31.3,1.3,15,0,1,0,0,0
TXN-102771,43.8,47.5,18,0,1,0,0,0
TXN-102772,148.57,1.9,7,0,1,0,0,0
TXN-102773,68.94,0.8,19,0,1,0,0,0
TXN-102774,43.61,3.6,7,1,1,0,0,0
TXN-102775,28.82,5.9,12,0,1,0,0,0
TXN-102776,26.68,1.7,18,0,1,0,0,0
TXN-102777,45.92,3.4,12,0,1,0,0,0
TXN-102778,10.56,1.0,7,0,2,0,0,0
TXN-102779,51.63,11.1,22,0,1,0,0,0
TXN-102780,50.28,6.7,8,0,1,0,0,0
TXN-102781,55.02,2.5,10,0,1,0,0,0
TXN-102782,24.82,13.9,12,0,1,0,0,0
TXN-102783,158.29,0.3,21,0,1,0,0,0
TXN-102784,78.77,1.3,7,0,1,1,0,0
TXN-102785,77.38,0.2,16,0,1,0,0,0
TXN-102786,39.98,0.2,7,0,1,0,0,0
TXN-102787,32.56,8.0,10,1,1,0,0,0
TXN-102788,105.38,0.4,15,0,1,0,0,0
TXN-102789,105.72,0.4,15,0,1,0,0,0
TXN-102790,24.73,6.6,10,0,1,0,0,0
TXN-102791,194.52,2.6,20,0,1,0,0,0
TXN-102792,73.73,6.3,13,0,1,0,0,0
TXN-102793,128.21,5.7,14,0,1,0,0,0
TXN-102794,54.89,2.9,21,0,1,0,0,0
TXN-102795,103.29,6.8,17,0,1,0,0,0
TXN-102796,17.48,7.0,14,0,1,0,0,0
TXN-102797,160.06,0.9,11,0,1,0,0,0
TXN-102798,90.14,2.5,14,0,1,0,0,0
TXN-102799,20.37,6.6,11,0,1,0,0,0
TXN-102800,42.03,1.3,17,0,1,1,0,0
TXN-102801,23.08,9.8,17,0,1,0,0,0
TXN-102802,233.83,1.2,9,0,1,0,0,0
TXN-102803,81.87,13.3,18,0,1,0,0,0
TXN-102804,96.54,5.5,10,1,2,0,0,0
TXN-102805,19.35,2.2,20,0,1,0,0,0
TXN-102806,85.43,0.2,16,0,1,0,0,0
TXN-102807,21.48,0.4,9,1,2,0,0,0
TXN-102808,10.33,5.0,18,0,2,0,0,0
TXN-102809,13.53,8.1,21,1,1,0,0,0
TXN-102810,15.81,5.8,14,0,1,0,0,0
TXN-102811,15.39,8.7,12,0,1,0,0,0
TXN-102812,31.36,14.7,16,0,2,0,0,0
TXN-102813,91.7,5.0,6,0,1,0,0,0
TXN-102814,62.85,27.1,17,1,1,0,0,0
TXN-102815,19.21,1.1,17,0,1,0,0,0
TXN-102816,68.42,2.9,18,0,1,0,0,0
TXN-102817,30.5,3.6,17,0,1,0,0,0
TXN-102818,24.47,0.8,19,0,1,0,0,0
TXN-102819,27.37,12.5,18,0,1,0,1,0
TXN-102820,54.93,1.1,6,0,2,0,0,0
TXN-102821,30.6,6.5,13,0,1,0,0,0
TXN-102822,28.8,2.6,21,0,1,0,0,0
TXN-102823,15.34,4.3,15,0,2,0,0,0
TXN-102824,90.88,5.5,18,0,1,0,0,0
TXN-102825,285.85,0.7,7,0,2,0,0,0
TXN-102826,11.09,1.2,16,0,1,0,1,0
TXN-102827,15.52,4.5,7,0,1,0,0,0
TXN-102828,8.57,0.4,17,0,1,0,0,0
TXN-102829,23.06,10.7,17,0,1,0,0,0
TXN-102830,8.79,8.7,19,0,1,1,0,0
TXN-102831,33.1,0.2,10,1,1,0,0,0
TXN-102832,23.37,5.2,14,0,1,0,0,0
TXN-102833,31.07,4.7,9,1,1,0,0,0
TXN-102834,35.64,6.5,19,0,1,0,0,0
TXN-102835,14.46,0.9,15,0,1,0,0,0
TXN-102836,23.97,0.4,18,0,1,0,0,0
TXN-102837,40.01,1.3,12,0,2,0,0,0
TXN-102838,66.72,8.0,13,0,1,0,0,0
TXN-102839,190.7,4.1,16,0,1,0,0,0
TXN-102840,20.02,0.4,8,0,1,0,0,0
TXN-102841,93.64,2.3,12,0,1,0,0,0
TXN-102842,16.58,0.8,20,0,1,0,0,0
TXN-102843,18.88,1.0,21,0,1,0,0,0
TXN-102844,87.23,0.1,7,0,1,1,0,0
TXN-102845,25.81,6.3,19,0,1,0,0,0
TXN-102846,21.78,2.1,18,0,1,0,0,0
TXN-102847,9.56,4.4,13,0,2,0,0,0
TXN-102848,9.78,2.1,21,0,1,0,0,0
TXN-102849,121.93,1.8,20,1,1,0,0,0
TXN-102850,50.04,1.5,14,0,1,0,0,0
TXN-102851,33.54,0.2,22,0,1,0,0,0
TXN-102852,64.1,5.8,6,0,2,0,0,0
TXN-102853,36.17,4.4,8,0,1,1,0,0
TXN-102854,91.03,5.2,19,1,1,0,0,0
TXN-102855,24.05,1.4,11,0,2,0,0,0
TXN-102856,86.12,0.1,16,0,1,0,0,0
TXN-102857,40.33,11.0,7,0,1,0,0,0
TXN-102858,169.66,4.9,6,0,1,0,0,0
TXN-102859,34.49,1.1,20,1,1,0,0,0
TXN-102860,27.9,18.6,9,0,2,0,0,0
TXN-102861,39.47,3.7,16,0,1,0,0,0
TXN-102862,19.62,5.6,18,0,1,0,0,0
TXN-102863,52.78,0.6,9,0,1,0,0,0
TXN-102864,47.73,13.6,6,0,1,0,0,0
TXN-102865,37.94,2.3,19,0,1,0,0,0
TXN-102866,34.29,19.1,6,0,2,0,0,0
TXN-102867,15.53,6.8,21,0,2,0,0,0
TXN-102868,279.43,8.6,17,0,1,0,0,0
TXN-102869,29.99,0.1,12,0,1,0,0,0
TXN-102870,42.63,8.9,6,0,1,0,0,0
TXN-102871,24.3,14.9,17,0,1,0,0,0
TXN-102872,14.92,3.3,13,0,1,0,0,0
TXN-102873,84.31,0.0,14,0,1,0,0,0
TXN-102874,56.91,5.3,19,1,1,0,0,0
TXN-102875,8.19,2.9,10,0,1,0,0,0
TXN-102876,19.16,11.5,7,0,1,0,0,0
TXN-102877,14.22,0.6,7,0,1,0,0,0
TXN-102878,22.82,0.6,12,0,1,0,0,0
TXN-102879,38.38,8.9,20,0,1,0,0,0
TXN-102880,61.21,1.3,11,0,1,0,0,0
TXN-102881,12.35,4.8,7,0,1,0,0,0
TXN-102882,69.23,0.2,15,0,1,0,0,0
TXN-102883,56.59,18.2,10,0,1,1,0,0
TXN-102884,250.62,9.6,16,0,2,0,0,0
TXN-102885,22.7,1.5,13,1,1,0,0,0
TXN-102886,81.23,0.1,6,0,1,0,0,0
TXN-102887,223.59,6.6,14,0,1,0,0,0
TXN-102888,11.09,6.4,18,0,1,0,0,0
TXN-102889,103.3,6.1,22,0,1,0,0,0
TXN-102890,9.86,7.3,9,0,2,0,0,0
TXN-102891,30.11,3.3,12,0,2,0,0,0
TXN-102892,129.45,13.5,20,0,1,0,0,0
TXN-102893,77.1,2.8,7,0,1,0,0,0
TXN-102894,52.37,7.5,14,1,1,0,0,0
TXN-102895,177.78,3.8,12,0,1,0,0,0
TXN-102896,19.85,5.6,21,0,1,0,0,0
TXN-102897,64.7,1.0,22,1,1,0,0,0
TXN-102898,54.22,2.8,11,0,1,0,0,0
TXN-102899,32.47,3.0,16,0,1,0,0,0
TXN-102900,72.46,2.3,20,0,1,0,0,0
TXN-102901,30.0,9.3,7,0,1,0,0,0
TXN-102902,42.57,3.9,8,0,1,0,0,0
TXN-102903,24.76,6.3,12,0,1,0,0,0
TXN-102904,97.32,4.5,11,1,2,0,0,0
TXN-102905,47.99,0.5,17,0,1,0,0,0
TXN-102906,60.59,1.0,13,0,2,0,0,0
TXN-102907,37.06,0.8,14,0,1,0,0,0
TXN-102908,26.35,3.9,11,0,1,0,0,0
TXN-102909,145.52,3.0,21,0,2,0,0,0
TXN-102910,407.54,61.7,0,1,6,3,1,1
TXN-102911,41.06,13.5,7,0,1,0,0,0
TXN-102912,32.87,1.7,14,0,1,0,0,0
TXN-102913,8.15,1.6,10,0,1,0,0,0
TXN-102914,37.19,3.3,9,0,1,0,0,0
TXN-102915,15.54,5.3,16,0,1,0,0,0
TXN-102916,55.35,4.2,7,0,1,0,0,0
TXN-102917,41.63,10.9,9,0,2,0,0,0
TXN-102918,29.83,6.9,8,0,1,0,0,0
TXN-102919,99.66,5.4,10,0,1,0,1,0
TXN-102920,113.27,4.7,9,0,1,0,0,0
TXN-102921,53.47,0.5,18,0,1,0,1,0
TXN-102922,121.73,14.2,9,0,1,0,0,0
TXN-102923,47.75,0.6,19,0,1,0,0,0
TXN-102924,188.14,172.4,23,1,3,1,1,1
TXN-102925,44.22,3.6,20,0,1,0,0,0
TXN-102926,10.27,2.4,12,0,2,0,0,0
TXN-102927,31.22,8.0,6,0,1,0,0,0
TXN-102928,23.88,8.9,13,0,1,0,0,0
TXN-102929,40.3,9.4,21,0,1,1,0,0
TXN-102930,49.43,0.5,8,0,1,0,0,0
TXN-102931,32.11,3.3,14,0,1,0,1,0
TXN-102932,36.39,24.6,19,0,1,0,0,0
TXN-102933,134.66,3.1,21,0,1,0,0,0
TXN-102934,29.91,7.9,11,0,1,0,0,0
TXN-102935,19.92,2.3,8,0,2,0,0,0
TXN-102936,19.96,8.2,18,0,1,0,0,0
TXN-102937,23.51,3.7,7,0,2,0,0,0
TXN-102938,46.5,3.3,7,0,2,0,0,0
TXN-102939,14.17,4.0,12,0,2,0,0,0
TXN-102940,14.53,0.0,16,0,1,0,0,0
TXN-102941,55.98,5.2,10,0,1,0,0,0
TXN-102942,17.23,3.6,19,1,1,0,0,0
TXN-102943,39.46,0.4,14,0,1,0,0,0
TXN-102944,57.11,1.4,17,0,1,0,0,0
TXN-102945,66.58,0.8,7,0,1,0,0,0
TXN-102946,48.31,8.9,8,0,1,0,0,0
TXN-102947,43.3,2.5,10,0,1,0,0,0
TXN-102948,181.99,2.1,18,0,1,0,0,0
TXN-102949,118.53,5.8,22,0,1,0,0,0
TXN-102950,56.06,5.9,6,0,1,0,0,0
TXN-102951,146.05,0.8,11,0,1,0,0,0
TXN-102952,29.23,2.2,8,0,2,0,0,0
TXN-102953,76.15,0.6,8,0,2,0,0,0
TXN-102954,42.84,11.2,12,0,1,0,0,0
TXN-102955,44.77,5.5,12,0,2,0,0,0
TXN-102956,33.1,3.5,11,0,1,0,0,0
TXN-102957,49.19,1.5,17,0,1,0,0,0
TXN-102958,63.95,3.9,8,0,2,0,0,0
TXN-102959,24.55,1.2,8,0,1,0,0,0
TXN-102960,46.84,2.8,17,0,1,0,0,0
TXN-102961,22.88,4.0,12,1,1,0,0,0
TXN-102962,26.44,1.8,19,0,1,0,0,0
TXN-102963,53.82,14.3,8,0,1,0,0,0
TXN-102964,41.03,30.0,6,0,1,0,0,0
TXN-102965,59.7,2.0,20,0,1,0,0,0
TXN-102966,13.71,1.5,14,0,1,0,0,0
TXN-102967,30.87,3.4,9,0,1,0,0,0
TXN-102968,115.04,3.2,17,0,1,0,0,0
TXN-102969,71.4,1.0,18,0,1,0,1,0
TXN-102970,58.44,3.2,15,0,1,0,1,0
TXN-102971,14.92,4.9,18,0,1,0,0,0
TXN-102972,133.61,6.1,11,0,1,0,0,0
TXN-102973,266.45,3.1,16,0,1,0,0,0
TXN-102974,23.39,4.0,21,0,1,0,0,0
TXN-102975,64.58,6.2,10,0,1,0,0,0
TXN-102976,166.27,2.3,16,0,1,1,0,0
TXN-102977,41.83,0.5,13,0,1,0,0,0
TXN-102978,25.49,0.1,10,0,1,0,0,0
TXN-102979,30.17,1.6,13,0,1,0,0,0
TXN-102980,91.86,0.9,16,0,1,0,0,0
TXN-102981,42.52,7.9,7,0,1,0,0,0
TXN-102982,76.09,2.1,11,0,1,0,0,0
TXN-102983,86.82,7.8,19,0,1,0,0,0
TXN-102984,19.78,4.6,15,0,1,0,0,0
TXN-102985,413.22,5.7,6,0,2,0,0,0
TXN-102986,27.26,5.2,21,0,1,0,0,0
TXN-102987,36.38,1.3,16,0,1,1,0,0
TXN-102988,48.21,3.7,12,0,1,0,0,0
TXN-102989,228.99,4.1,16,0,2,1,1,0
TXN-102990,24.09,10.4,19,0,1,0,0,0
TXN-102991,134.98,3.1,7,0,1,0,0,0
TXN-102992,70.43,2.1,9,1,1,0,0,0
TXN-102993,575.07,0.7,17,0,1,0,0,0
TXN-102994,98.24,1.0,12,0,1,1,0,0
TXN-102995,107.85,11.7,16,0,1,0,0,0
TXN-102996,172.09,12.4,17,0,2,0,0,0
TXN-102997,56.02,1.4,11,0,1,0,0,0
TXN-102998,41.53,4.1,8,0,1,0,0,0
TXN-102999,11.2,1.2,19,0,1,0,0,0
TXN-103000,41.16,0.0,20,0,1,0,0,0
TXN-103001,170.42,2.3,11,0,2,0,0,0
TXN-103002,55.44,12.1,18,1,1,0,0,0
TXN-103003,49.81,0.0,7,0,1,0,0,0
TXN-103004,29.54,0.8,12,0,1,0,0,0
TXN-103005,101.83,9.3,11,0,2,0,0,0
TXN-103006,50.83,5.1,7,0,2,0,0,0
TXN-103007,44.47,5.3,7,0,2,0,0,0
TXN-103008,174.09,0.2,6,0,2,0,0,0
TXN-103009,79.58,4.0,12,0,1,0,0,0
TXN-103010,41.71,0.4,22,0,1,0,0,0
TXN-103011,23.75,0.8,18,0,1,0,0,0
TXN-103012,56.1,0.1,16,0,1,0,0,0
TXN-103013,36.47,24.7,10,0,1,0,0,0
TXN-103014,23.84,4.7,20,0,1,0,0,0
TXN-103015,12.95,6.6,14,0,1,0,0,0
TXN-103016,103.45,0.4,9,0,1,0,0,0
TXN-103017,96.3,0.0,7,0,1,0,1,0
TXN-103018,125.53,0.1,8,0,2,0,1,0
TXN-103019,48.95,5.0,15,0,1,0,0,0
TXN-103020,21.44,3.8,22,0,1,0,0,0
TXN-103021,9.86,12.6,8,0,1,0,0,0
TXN-103022,28.92,0.1,10,0,1,0,1,0
TXN-103023,51.07,6.1,12,0,1,0,0,0
TXN-103024,19.61,1.9,16,0,1,0,0,0
TXN-103025,130.63,28.6,12,0,1,0,0,0
TXN-103026,37.56,1.1,13,0,1,0,0,0
TXN-103027,42.52,8.2,20,0,1,0,0,0
TXN-103028,27.74,5.8,7,0,1,0,0,0
TXN-103029,33.23,6.7,14,0,1,0,0,0
TXN-103030,103.55,1.7,9,0,1,0,0,0
TXN-103031,78.77,1.4,15,0,1,0,0,0
TXN-103032,899.97,58.2,4,1,5,0,1,1
TXN-103033,20.25,0.3,22,0,1,0,0,0
TXN-103034,45.74,3.4,19,0,1,0,0,0
TXN-103035,36.53,9.1,16,0,1,0,0,0
TXN-103036,55.93,24.9,10,0,1,0,0,0
TXN-103037,88.81,3.8,21,0,1,0,0,0
TXN-103038,31.15,0.3,19,0,1,0,0,0
TXN-103039,25.68,9.5,14,0,1,0,0,0
TXN-103040,6.73,9.6,22,0,1,0,0,0
TXN-103041,834.54,226.1,0,1,6,1,1,1
TXN-103042,14.49,1.7,10,0,1,0,0,0
TXN-103043,42.55,0.8,11,0,1,0,0,0
TXN-103044,69.25,3.0,18,0,1,0,0,0
TXN-103045,82.13,1.2,7,0,1,0,0,0
TXN-103046,36.03,4.3,6,0,2,0,0,0
TXN-103047,85.51,8.2,19,0,1,0,0,0
TXN-103048,35.01,3.4,8,0,1,0,0,0
TXN-103049,43.41,8.9,7,0,1,0,0,0
TXN-103050,45.79,1.0,15,0,2,0,0,0
TXN-103051,196.21,13.2,19,0,1,0,0,0
TXN-103052,90.38,2.8,22,0,1,0,0,0
TXN-103053,71.48,1.3,17,0,1,0,0,0
TXN-103054,19.25,4.2,15,0,1,0,0,0
TXN-103055,62.53,1.5,19,0,1,0,0,0
TXN-103056,62.2,4.4,10,0,1,0,0,0
TXN-103057,17.12,19.4,21,0,1,0,0,0
TXN-103058,62.04,10.6,6,0,1,0,0,0
TXN-103059,107.0,5.0,6,0,1,0,0,0
TXN-103060,35.51,1.8,18,0,1,0,0,0
TXN-103061,27.47,0.5,6,0,1,0,0,0
TXN-103062,43.2,1.9,7,0,1,0,0,0
TXN-103063,175.8,6.1,11,0,1,0,0,0
TXN-103064,32.01,0.1,10,0,1,0,0,0
TXN-103065,23.04,2.8,6,0,2,0,0,0
TXN-103066,60.9,18.5,17,1,1,0,0,0
TXN-103067,301.98,10.2,13,0,1,0,0,0
TXN-103068,206.26,0.2,20,0,1,0,0,0
TXN-103069,40.98,2.6,13,0,2,0,0,0
TXN-103070,252.65,0.8,21,0,1,0,0,0
TXN-103071,25.76,2.6,21,0,1,0,0,0
TXN-103072,199.31,7.1,22,0,2,0,0,0
TXN-103073,47.73,4.3,18,0,1,0,0,0
TXN-103074,47.27,6.3,21,0,1,0,0,0
TXN-103075,28.67,2.2,16,0,1,0,0,0
TXN-103076,43.28,0.3,20,0,2,0,0,0
TXN-103077,86.79,1.3,15,0,1,0,0,0
TXN-103078,31.24,11.4,17,0,1,0,0,0
TXN-103079,13.13,2.1,18,0,1,0,0,0
TXN-103080,87.58,2.7,16,0,1,0,0,0
TXN-103081,15.18,4.4,10,0,1,0,0,0
TXN-103082,15.42,4.6,18,0,1,0,0,0
TXN-103083,62.39,7.5,7,0,2,0,0,0
TXN-103084,29.42,4.3,8,0,1,0,0,0
TXN-103085,107.88,6.4,11,0,1,0,0,0
TXN-103086,24.92,9.8,9,0,1,0,0,0
TXN-103087,132.96,16.5,17,0,2,0,0,0
TXN-103088,45.44,1.8,20,0,1,0,0,0
TXN-103089,17.12,6.4,12,0,1,0,0,0
TXN-103090,142.46,13.8,18,0,1,0,0,0
TXN-103091,43.24,3.8,14,0,2,0,0,0
TXN-103092,47.22,21.1,14,0,1,0,0,0
TXN-103093,71.7,1.7,8,0,1,0,0,0
TXN-103094,102.42,2.8,15,0,1,0,0,0
TXN-103095,32.19,2.6,16,0,2,0,0,0
TXN-103096,57.33,1.5,19,0,1,0,0,0
TXN-103097,12.41,1.4,18,1,1,0,0,0
TXN-103098,88.25,6.0,9,0,1,0,0,0
TXN-103099,71.58,5.8,15,0,1,0,0,0
TXN-103100,23.48,4.9,11,0,1,0,1,0
TXN-103101,55.42,2.8,19,0,1,0,0,0
TXN-103102,45.69,8.8,12,0,1,0,0,0
TXN-103103,1259.96,100.1,2,1,5,0,1,1
TXN-103104,58.85,14.4,15,0,1,0,0,0
TXN-103105,35.14,1.8,13,0,1,0,0,0
TXN-103106,24.19,5.7,12,0,1,0,0,0
TXN-103107,38.27,0.2,17,1,1,0,0,0
TXN-103108,127.47,12.3,11,0,2,1,0,0
TXN-103109,229.43,4.6,12,1,1,0,0,0
TXN-103110,49.3,6.9,12,0,1,0,0,0
TXN-103111,21.94,7.1,18,0,1,0,0,0
TXN-103112,41.69,3.0,19,0,1,0,0,0
TXN-103113,6.42,4.6,9,0,1,0,0,0
TXN-103114,16.3,3.4,17,0,1,0,0,0
TXN-103115,18.98,1.5,7,0,1,0,0,0
TXN-103116,103.73,7.7,21,0,2,0,0,0
TXN-103117,1368.98,304.5,0,1,3,1,1,1
TXN-103118,10.77,4.4,9,0,1,0,0,0
TXN-103119,34.19,1.7,19,0,1,0,0,0
TXN-103120,38.59,2.2,22,0,1,0,0,0
TXN-103121,25.54,1.5,14,0,1,0,0,0
TXN-103122,81.94,0.3,9,0,1,0,0,0
TXN-103123,28.72,3.3,19,0,1,0,0,0
TXN-103124,45.46,5.0,9,0,1,0,0,0
TXN-103125,94.92,3.8,16,0,1,0,0,0
TXN-103126,20.64,4.4,19,0,1,0,0,0
TXN-103127,76.49,3.8,18,0,1,0,0,0
TXN-103128,48.34,4.0,14,0,1,0,0,0
TXN-103129,257.71,10.4,14,0,1,0,0,0
TXN-103130,31.59,9.0,21,0,1,0,0,0
TXN-103131,60.55,0.5,22,0,1,0,0,0
TXN-103132,6.11,10.8,14,0,1,0,0,0
TXN-103133,5.57,0.2,12,1,1,0,0,0
TXN-103134,62.6,8.7,10,0,1,1,0,0
TXN-103135,10.41,17.4,12,0,1,0,0,0
TXN-103136,7.57,15.5,7,0,1,0,0,0
TXN-103137,56.31,0.7,13,0,1,0,0,0
TXN-103138,23.13,2.0,13,0,1,0,0,0
TXN-103139,18.82,0.8,15,0,1,0,0,0
TXN-103140,23.54,12.9,22,0,1,0,0,0
TXN-103141,33.19,2.0,6,0,1,0,0,0
TXN-103142,42.7,2.1,20,0,1,0,0,0
TXN-103143,42.62,6.5,13,0,2,0,0,0
TXN-103144,47.86,4.8,9,0,1,0,0,0
TXN-103145,12.12,0.5,17,1,1,0,0,0
TXN-103146,48.95,0.3,7,0,1,0,0,0
TXN-103147,30.52,13.5,16,0,2,0,0,0
TXN-103148,42.13,4.4,6,0,1,0,0,0
TXN-103149,28.45,1.4,9,0,1,0,0,0
TXN-103150,39.72,13.2,13,0,1,0,0,0
TXN-103151,25.97,0.5,8,0,1,0,0,0
TXN-103152,84.09,1.1,22,0,2,0,0,0
TXN-103153,76.89,5.5,15,0,2,0,0,0
TXN-103154,19.51,0.6,9,0,1,1,0,0
TXN-103155,94.69,0.1,22,0,1,0,0,0
TXN-103156,48.13,1.5,8,0,2,0,0,0
TXN-103157,6.66,2.6,14,0,1,1,0,0
TXN-103158,43.09,0.1,21,0,1,0,0,0
TXN-103159,19.8,3.7,15,0,1,0,0,0
TXN-103160,71.64,8.4,15,0,1,0,0,0
TXN-103161,16.91,1.7,20,0,1,0,0,0
TXN-103162,58.3,3.6,12,0,1,0,0,0
TXN-103163,51.78,6.2,16,0,1,0,0,0
TXN-103164,50.05,3.3,22,1,1,0,0,0
TXN-103165,12.31,3.6,9,0,1,0,0,0
TXN-103166,92.0,3.5,14,0,1,0,0,0
TXN-103167,36.67,8.3,18,0,2,0,0,0
TXN-103168,38.72,2.5,18,0,1,0,0,0
TXN-103169,33.37,5.4,18,0,1,0,0,0
TXN-103170,51.43,1.0,19,0,1,0,0,0
TXN-103171,63.78,10.2,21,1,1,0,0,0
TXN-103172,2601.16,722.9,0,1,4,1,0,1
TXN-103173,270.95,3.8,18,0,1,0,0,0
TXN-103174,75.09,4.7,12,0,1,0,0,0
TXN-103175,29.13,2.4,10,0,2,0,0,0
TXN-103176,50.61,3.3,18,0,1,0,0,0
TXN-103177,82.86,3.4,14,0,2,0,0,0
TXN-103178,29.88,0.0,17,0,1,0,0,0
TXN-103179,129.68,6.2,17,0,1,0,0,0
TXN-103180,142.34,3.6,21,0,1,0,0,0
TXN-103181,50.8,4.2,16,1,1,0,0,0
TXN-103182,215.62,4.2,12,0,1,0,0,0
TXN-103183,53.49,3.8,8,0,1,0,0,0
TXN-103184,3017.43,178.3,0,1,4,3,0,1
TXN-103185,44.38,2.8,11,0,1,0,0,0
TXN-103186,52.48,0.6,22,0,1,0,0,0
TXN-103187,3.54,4.8,15,0,1,0,0,0
TXN-103188,21.81,0.1,19,0,1,0,0,0
TXN-103189,28.96,12.6,9,1,1,0,0,0
TXN-103190,36.52,0.9,12,0,1,1,0,0
TXN-103191,59.94,2.4,17,0,1,1,0,0
TXN-103192,32.76,12.4,19,0,1,0,0,0
TXN-103193,33.92,4.5,7,0,1,0,0,0
TXN-103194,277.36,1.3,14,0,1,0,0,0
TXN-103195,8.14,1.9,12,0,1,1,0,0
TXN-103196,17.77,1.4,11,0,1,0,0,0
TXN-103197,55.07,14.6,22,0,1,0,0,0
TXN-103198,45.17,2.1,13,0,1,0,0,0
TXN-103199,12.48,7.8,19,0,1,0,0,0
TXN-103200,52.55,8.5,22,0,1,0,0,0
TXN-103201,71.3,5.1,9,0,1,0,0,0
TXN-103202,112.59,2.0,18,0,1,0,0,0
TXN-103203,205.06,5.3,13,0,1,0,0,0
TXN-103204,85.41,1.4,8,0,1,0,0,0
TXN-103205,29.73,3.8,22,1,1,0,0,0
TXN-103206,118.92,4.0,6,0,1,0,0,0
TXN-103207,252.66,2.2,9,0,1,0,0,0
TXN-103208,16.44,5.5,16,0,1,0,0,0
TXN-103209,125.59,0.9,7,0,1,0,0,0
TXN-103210,34.86,2.5,10,0,1,0,0,0
TXN-103211,20.52,0.2,14,0,1,0,0,0
TXN-103212,70.64,3.1,22,0,1,0,0,0
TXN-103213,52.34,3.3,8,0,1,0,0,0
TXN-103214,21.84,0.6,6,0,2,0,0,0
TXN-103215,21.59,15.6,9,0,1,0,0,0
TXN-103216,67.7,1.2,6,0,2,0,0,0
TXN-103217,125.96,0.0,22,0,1,0,0,0
TXN-103218,203.86,4.7,10,0,1,0,0,0
TXN-103219,15.6,31.9,14,0,1,0,0,0
TXN-103220,79.26,2.2,15,0,1,0,0,0
TXN-103221,26.71,10.9,7,0,2,0,0,0
TXN-103222,17.14,0.0,11,0,1,0,0,0
TXN-103223,55.09,6.1,17,0,2,0,0,0
TXN-103224,73.5,8.3,17,0,2,0,0,0
TXN-103225,54.95,0.5,20,0,1,0,0,0
TXN-103226,32.15,3.0,12,0,1,0,0,0
TXN-103227,75.2,14.9,19,0,1,0,0,0
TXN-103228,73.21,2.8,12,0,1,0,1,0
TXN-103229,23.43,5.2,18,0,1,0,0,0
TXN-103230,35.94,2.8,15,0,1,0,0,0
TXN-103231,36.34,0.9,19,0,1,0,0,0
TXN-103232,57.87,4.9,6,0,1,0,0,0
TXN-103233,44.26,3.7,21,0,1,0,0,0
TXN-103234,40.62,0.2,13,0,1,0,0,0
TXN-103235,100.76,1.3,11,0,1,0,0,0
TXN-103236,29.7,12.1,10,1,2,0,0,0
TXN-103237,66.68,3.4,13,0,1,0,0,0
TXN-103238,64.75,7.1,15,0,1,0,0,0
TXN-103239,25.42,1.1,10,0,2,0,0,0
TXN-103240,41.94,2.7,19,0,1,0,0,0
TXN-103241,4.41,15.3,15,0,1,0,0,0
TXN-103242,31.01,0.4,20,0,1,0,0,0
TXN-103243,12.11,2.4,21,0,1,0,0,0
TXN-103244,13.49,3.0,17,0,1,0,0,0
TXN-103245,94.91,0.8,22,0,1,0,0,0
TXN-103246,46.77,3.1,22,0,2,0,0,0
TXN-103247,72.39,11.9,11,0,1,1,0,0
TXN-103248,26.54,7.0,11,0,1,0,0,0
TXN-103249,124.35,0.2,20,0,1,0,0,0
TXN-103250,80.73,21.4,21,0,1,0,0,0
TXN-103251,23.38,2.5,21,0,1,0,0,0
TXN-103252,44.07,3.9,15,0,1,0,0,0
TXN-103253,107.04,11.3,12,0,1,0,0,0
TXN-103254,50.27,0.5,22,0,1,0,0,0
TXN-103255,50.68,31.6,7,0,1,0,0,0
TXN-103256,26.84,4.0,17,0,2,0,0,0
TXN-103257,69.41,7.8,20,0,1,1,0,0
TXN-103258,54.57,1.3,22,1,2,0,0,0
TXN-103259,30.34,2.9,11,0,1,0,0,0
TXN-103260,63.37,0.5,21,0,2,0,0,0
TXN-103261,32.35,1.8,22,0,1,0,0,0
TXN-103262,104.34,2.4,22,0,1,0,0,0
TXN-103263,39.36,10.4,17,0,1,0,0,0
TXN-103264,26.91,0.5,17,0,1,0,0,0
TXN-103265,22.58,0.0,9,0,2,0,0,0
TXN-103266,64.44,0.5,9,0,1,1,0,0
TXN-103267,39.83,7.4,10,0,1,0,0,0
TXN-103268,80.22,12.3,11,0,1,0,0,0
TXN-103269,107.02,1.7,11,1,1,0,0,0
TXN-103270,52.43,9.7,10,0,2,0,0,0
TXN-103271,70.59,0.3,19,0,1,0,0,0
TXN-103272,71.55,11.4,9,0,1,0,0,0
TXN-103273,65.88,4.0,8,1,1,0,0,0
TXN-103274,71.69,0.1,7,0,1,0,0,0
TXN-103275,154.16,16.0,18,0,1,0,0,0
TXN-103276,26.42,6.7,15,0,1,0,1,0
TXN-103277,37.44,0.4,11,1,2,0,0,0
TXN-103278,46.84,0.6,12,0,1,0,0,0
TXN-103279,126.17,11.2,20,0,2,0,0,0
TXN-103280,132.76,0.5,22,0,1,0,0,0
TXN-103281,81.82,0.7,9,0,1,0,0,0
TXN-103282,80.29,1.9,20,0,1,0,0,0
TXN-103283,22.46,3.5,9,1,1,1,0,0
TXN-103284,4.34,9.5,18,1,2,0,0,0
TXN-103285,29.97,0.1,15,0,1,0,0,0
TXN-103286,157.9,0.6,17,0,2,0,0,0
TXN-103287,74.14,6.5,10,0,2,0,0,0
TXN-103288,108.87,23.0,12,0,1,0,0,0
TXN-103289,71.09,3.9,19,0,1,0,0,0
TXN-103290,20.98,3.1,14,0,1,0,0,0
TXN-103291,94.19,4.6,13,0,1,0,0,0
TXN-103292,2238.63,66.5,23,1,6,2,1,1
TXN-103293,33.2,2.2,8,0,1,0,0,0
TXN-103294,24.11,1.1,14,0,1,0,0,0
TXN-103295,96.53,0.2,11,0,1,0,0,0
TXN-103296,115.46,7.3,20,0,1,0,0,0
TXN-103297,52.67,13.3,17,0,1,0,0,0
TXN-103298,29.23,0.5,22,0,1,0,0,0
TXN-103299,42.7,9.5,21,0,2,1,0,0
TXN-103300,105.25,5.3,12,0,1,1,0,0
TXN-103301,86.79,7.7,20,0,1,0,0,0
TXN-103302,16.83,7.4,20,0,2,0,0,0
TXN-103303,296.22,1.5,14,0,1,0,0,0
TXN-103304,95.77,5.6,14,0,1,0,0,0
TXN-103305,85.38,10.2,19,0,1,1,0,0
TXN-103306,51.84,15.9,9,0,2,0,0,0
TXN-103307,151.87,14.7,13,0,1,0,0,0
TXN-103308,48.54,25.1,22,0,1,0,0,0
TXN-103309,126.47,3.0,6,0,1,0,0,0
TXN-103310,72.84,6.5,13,0,1,0,0,0
TXN-103311,17.41,15.0,14,0,1,0,1,0
TXN-103312,19.38,14.7,7,0,1,0,0,0
TXN-103313,20.53,6.8,17,1,1,0,0,0
TXN-103314,90.76,1.2,12,0,1,0,0,0
TXN-103315,14.97,8.6,12,0,1,0,0,0
TXN-103316,148.4,97.4,5,1,5,2,1,1
TXN-103317,88.48,4.1,6,0,1,0,0,0
TXN-103318,87.11,0.5,21,0,1,0,1,0
TXN-103319,114.79,9.7,18,0,1,0,0,0
TXN-103320,26.12,5.5,17,1,1,0,0,0
TXN-103321,70.27,8.0,18,0,1,1,0,0
TXN-103322,42.26,4.9,8,0,1,0,0,0
TXN-103323,39.64,2.6,20,0,2,0,0,0
TXN-103324,89.25,6.0,19,1,1,0,0,0
TXN-103325,88.79,10.0,7,0,1,0,0,0
TXN-103326,90.89,2.8,12,0,1,0,0,0
TXN-103327,14.79,0.4,10,0,1,0,0,0
TXN-103328,114.89,3.2,15,1,1,0,0,0
TXN-103329,31.28,4.3,10,0,1,1,0,0
TXN-103330,78.28,4.8,7,0,1,0,0,0
TXN-103331,250.27,1.9,11,0,1,0,0,0
TXN-103332,81.67,12.5,11,0,1,0,0,0
TXN-103333,43.53,8.3,13,0,1,0,0,0
TXN-103334,47.87,0.5,13,0,1,0,0,0
TXN-103335,19.45,3.3,15,0,1,0,0,0
TXN-103336,87.69,1.3,9,0,1,0,0,0
TXN-103337,109.67,1.4,20,0,1,0,0,0
TXN-103338,14.5,11.3,8,0,1,0,0,0
TXN-103339,99.3,0.4,6,0,1,0,0,0
TXN-103340,13.26,3.6,21,0,1,0,0,0
TXN-103341,20.33,2.2,22,0,1,0,0,0
TXN-103342,110.19,1.2,8,1,1,0,0,0
TXN-103343,75.46,3.8,19,0,2,0,0,0
TXN-103344,38.58,0.0,20,0,1,0,0,0
TXN-103345,67.3,0.2,17,0,1,0,1,0
TXN-103346,39.29,12.0,7,0,1,0,0,0
TXN-103347,36.06,1.0,10,0,1,0,0,0
TXN-103348,20.11,5.6,22,0,1,0,0,0
TXN-103349,86.95,2.9,17,0,1,0,0,0
TXN-103350,30.05,2.5,22,0,1,0,0,0
TXN-103351,30.1,2.6,21,0,1,0,0,0
TXN-103352,7.66,14.3,6,0,1,0,0,0
TXN-103353,20.51,6.0,6,0,1,0,0,0
TXN-103354,35.59,3.8,21,0,1,0,0,0
TXN-103355,6.35,2.5,17,0,2,0,0,0
TXN-103356,57.94,7.4,9,0,1,0,0,0
TXN-103357,88.55,0.6,14,0,2,0,0,0
TXN-103358,32.01,12.6,18,0,1,0,0,0
TXN-103359,110.04,0.4,8,0,1,0,0,0
TXN-103360,41.99,4.7,17,0,1,0,0,0
TXN-103361,43.63,0.6,13,0,1,0,0,0
TXN-103362,29.35,8.6,9,0,1,0,0,0
TXN-103363,32.18,4.3,7,0,1,0,0,0
TXN-103364,49.31,4.2,10,0,1,0,0,0
TXN-103365,76.4,4.7,14,0,1,0,0,0
TXN-103366,44.74,1.8,16,0,1,0,0,0
TXN-103367,75.27,1.3,18,0,1,0,0,0
TXN-103368,97.78,3.6,20,0,1,0,0,0
TXN-103369,101.85,2.1,18,0,1,0,0,0
TXN-103370,13.69,14.6,10,0,2,0,0,0
TXN-103371,39.4,2.7,17,0,2,0,0,0
TXN-103372,83.18,7.9,7,0,1,0,0,0
TXN-103373,64.75,9.9,17,0,1,0,0,0
TXN-103374,48.67,4.0,6,0,1,0,0,0
TXN-103375,41.53,24.7,19,0,2,0,0,0
TXN-103376,15.13,2.4,18,0,1,0,0,0
TXN-103377,98.79,5.0,12,0,1,0,0,0
TXN-103378,26.67,8.8,6,0,1,0,0,0
TXN-103379,27.66,2.5,18,0,1,0,0,0
TXN-103380,55.36,2.8,16,0,1,1,0,0
TXN-103381,13.36,0.5,11,0,1,0,0,0
TXN-103382,18.54,11.4,15,1,1,0,0,0
TXN-103383,18.68,8.4,6,0,1,0,0,0
TXN-103384,33.02,0.7,20,0,1,0,1,0
TXN-103385,67.4,5.2,10,0,1,0,0,0
TXN-103386,178.75,0.9,13,0,1,0,0,0
TXN-103387,29.33,18.7,14,0,1,0,0,0
TXN-103388,30.34,1.4,8,0,1,0,0,0
TXN-103389,31.32,27.9,16,0,1,0,0,0
TXN-103390,34.37,6.9,19,0,2,0,0,0
TXN-103391,20.13,5.4,21,0,1,0,0,0
TXN-103392,38.78,1.6,21,0,1,0,0,0
TXN-103393,33.47,4.7,9,0,1,0,0,0
TXN-103394,9.41,2.0,9,0,1,0,0,0
TXN-103395,15.23,1.4,15,0,1,0,0,0
TXN-103396,156.07,0.1,11,0,1,0,0,0
TXN-103397,49.22,2.7,18,0,1,1,0,0
TXN-103398,12.72,0.8,8,1,1,1,0,0
TXN-103399,40.5,8.5,8,0,1,0,0,0
TXN-103400,51.44,8.3,6,0,2,0,0,0
TXN-103401,149.5,3.1,22,0,1,0,0,0
TXN-103402,90.3,6.0,7,0,2,0,0,0
TXN-103403,116.24,0.0,12,0,1,0,0,0
TXN-103404,81.07,4.6,11,0,1,0,0,0
TXN-103405,98.12,3.5,19,0,2,0,0,0
TXN-103406,65.18,3.3,22,0,1,0,0,0
TXN-103407,16.82,5.4,7,0,1,0,0,0
TXN-103408,213.22,0.2,10,0,1,0,0,0
TXN-103409,61.0,0.1,13,0,1,0,0,0
TXN-103410,18.92,5.4,22,0,1,0,0,0
TXN-103411,346.68,0.7,10,0,1,0,0,0
TXN-103412,31.49,1.1,10,0,1,0,0,0
TXN-103413,43.74,10.6,9,0,1,1,0,0
TXN-103414,11.25,1.3,19,0,2,0,0,0
TXN-103415,15.37,0.2,15,0,1,0,0,0
TXN-103416,30.38,1.2,20,0,1,0,0,0
TXN-103417,89.05,13.7,11,0,1,0,0,0
TXN-103418,34.9,2.1,16,0,1,0,0,0
TXN-103419,32.07,1.7,16,0,1,0,0,0
TXN-103420,151.2,1.0,17,0,1,0,0,0
TXN-103421,18.06,14.5,16,0,1,0,0,0
TXN-103422,57.08,2.6,16,0,1,0,0,0
TXN-103423,13.93,2.1,17,0,1,0,0,0
TXN-103424,56.61,8.4,10,0,2,0,0,0
TXN-103425,76.99,3.7,22,0,1,0,0,0
TXN-103426,101.55,9.7,12,0,1,0,0,0
TXN-103427,24.78,2.9,17,0,2,0,0,0
TXN-103428,54.98,19.3,13,0,1,0,0,0
TXN-103429,36.86,0.3,18,1,2,0,0,0
TXN-103430,61.05,5.7,15,0,1,0,0,0
TXN-103431,8.43,6.6,14,0,1,0,0,0
TXN-103432,32.43,8.8,20,0,1,0,0,0
TXN-103433,370.33,81.7,23,1,5,1,0,1
TXN-103434,20.68,0.5,11,0,1,0,0,0
TXN-103435,30.66,0.2,17,0,1,0,0,0
TXN-103436,37.44,6.1,15,0,1,0,0,0
TXN-103437,10.61,11.4,15,0,1,0,0,0
TXN-103438,114.84,15.3,13,0,2,0,0,0
TXN-103439,144.64,6.1,13,0,1,0,0,0
TXN-103440,1033.79,0.3,6,0,1,1,0,0
TXN-103441,11.21,5.2,8,0,1,0,0,0
TXN-103442,44.96,3.9,13,0,1,0,0,0
TXN-103443,15.58,1.1,9,0,1,0,0,0
TXN-103444,77.87,0.9,18,0,1,0,0,0
TXN-103445,12.13,1.0,19,0,1,0,0,0
TXN-103446,52.4,11.2,7,1,2,0,0,0
TXN-103447,52.3,18.5,11,0,1,0,1,0
TXN-103448,155.9,0.3,17,0,1,0,0,0
TXN-103449,42.6,13.1,11,0,1,0,0,0
TXN-103450,40.05,0.2,22,0,1,0,0,0
TXN-103451,44.93,11.2,20,0,1,1,0,0
TXN-103452,213.43,2.7,20,0,1,0,0,0
TXN-103453,6.7,7.6,17,0,1,0,0,0
TXN-103454,55.27,3.8,8,0,2,0,1,0
TXN-103455,13.17,10.3,22,0,2,0,0,0
TXN-103456,37.83,15.9,16,0,1,0,0,0
TXN-103457,31.65,1.9,9,0,1,1,0,0
TXN-103458,29.38,7.1,19,0,1,0,0,0
TXN-103459,10.51,2.6,10,0,1,0,0,0
TXN-103460,17.55,2.1,9,0,1,0,0,0
TXN-103461,63.65,7.8,18,0,1,0,0,0
TXN-103462,13.7,3.8,14,0,1,0,0,0
TXN-103463,67.11,12.4,20,0,2,0,0,0
TXN-103464,34.81,2.8,20,0,1,0,0,0
TXN-103465,15.35,2.8,7,0,1,0,0,0
TXN-103466,21.92,0.6,8,0,1,0,0,0
TXN-103467,38.73,3.2,16,0,2,0,0,0
TXN-103468,36.92,0.8,18,0,1,0,0,0
TXN-103469,21.23,9.5,20,0,1,0,0,0
TXN-103470,19.42,8.6,20,0,2,0,0,0
TXN-103471,45.37,1.2,14,0,1,1,0,0
TXN-103472,16816.22,171.8,3,1,4,3,1,1
TXN-103473,95.27,15.3,17,0,1,0,0,0
TXN-103474,124.23,0.1,20,1,1,0,0,0
TXN-103475,25.15,1.1,21,0,1,0,0,0
TXN-103476,32.16,1.7,10,0,1,0,0,0
TXN-103477,69.77,2.8,18,0,1,0,0,0
TXN-103478,22.92,0.7,16,0,2,0,0,0
TXN-103479,63.66,21.0,18,0,1,0,0,0
TXN-103480,130.27,7.4,13,1,1,0,0,0
TXN-103481,182.9,2.7,15,0,2,0,0,0
TXN-103482,14.41,0.5,18,0,1,0,0,0
TXN-103483,88.52,0.0,10,0,2,0,0,0
TXN-103484,78.0,2.2,14,0,1,0,0,0
TXN-103485,77.96,8.4,13,1,1,0,0,0
TXN-103486,22.97,1.2,18,1,1,0,0,0
TXN-103487,40.71,4.2,17,0,1,1,0,0
TXN-103488,24.75,12.4,19,0,2,0,0,0
TXN-103489,83.26,5.5,16,0,1,0,0,0
TXN-103490,101.3,2.4,12,0,1,0,0,0
TXN-103491,47.6,6.2,19,0,1,0,0,0
TXN-103492,26.36,4.1,20,0,1,0,0,0
TXN-103493,54.61,0.4,18,0,1,0,0,0
TXN-103494,315.16,137.7,5,1,5,3,1,1
TXN-103495,9.93,4.6,13,0,1,0,0,0
TXN-103496,93.31,7.5,10,0,1,0,0,0
TXN-103497,103.46,0.9,6,0,1,0,0,0
TXN-103498,123.74,7.6,6,0,1,0,0,0
TXN-103499,45.02,0.7,14,0,1,0,0,0
TXN-103500,56.92,4.2,18,0,1,0,0,0
TXN-103501,162.88,8.8,20,0,2,0,0,0
TXN-103502,70.93,3.9,18,0,1,0,0,0
TXN-103503,34.41,1.0,21,0,1,0,0,0
TXN-103504,38.37,5.7,21,0,1,0,0,0
TXN-103505,19.85,2.8,17,0,1,0,0,0
TXN-103506,1115.64,107.7,5,1,4,1,1,1
TXN-103507,27.83,2.3,8,0,1,0,0,0
TXN-103508,34.65,1.2,14,0,1,0,0,0
TXN-103509,45.25,15.4,21,0,1,0,0,0
TXN-103510,34.22,7.8,21,0,1,0,0,0
TXN-103511,52.86,2.0,14,0,1,0,0,0
TXN-103512,13.23,3.3,9,0,2,0,0,0
TXN-103513,61.57,0.4,14,0,1,0,0,0
TXN-103514,17.29,4.0,12,0,1,0,0,0
TXN-103515,27.54,3.1,17,0,1,0,0,0
TXN-103516,46.56,4.2,14,0,1,0,0,0
TXN-103517,26.93,2.9,13,0,2,0,0,0
TXN-103518,21.62,3.2,8,0,1,0,0,0
TXN-103519,27.03,0.2,6,0,1,0,0,0
TXN-103520,53.5,10.7,14,0,1,0,0,0
TXN-103521,91.29,3.3,12,0,1,0,0,0
TXN-103522,51.4,0.8,16,0,2,0,0,0
TXN-103523,45.28,3.2,10,0,1,0,0,0
TXN-103524,60.65,3.5,19,0,1,0,0,0
TXN-103525,123.05,2.8,14,0,1,0,0,0
TXN-103526,23.11,4.2,14,0,1,0,0,0
TXN-103527,27.39,6.7,10,0,1,0,0,0
TXN-103528,140.46,1.4,20,0,1,0,0,0
TXN-103529,42.33,0.8,11,0,2,0,0,0
TXN-103530,17.07,3.3,11,0,1,0,0,0
TXN-103531,39.24,1.9,18,0,1,0,0,0
TXN-103532,89.94,1.3,21,0,1,0,0,0
TXN-103533,71.25,4.1,7,0,1,0,0,0
TXN-103534,21.69,16.4,14,0,1,0,0,0
TXN-103535,17.37,0.6,13,0,1,0,1,0
TXN-103536,20.18,1.0,15,0,1,0,0,0
TXN-103537,36.63,0.7,8,0,1,0,0,0
TXN-103538,34.61,2.2,13,0,1,0,0,0
TXN-103539,104.61,2.9,18,0,1,0,0,0
TXN-103540,34.01,1.1,17,0,1,0,0,0
TXN-103541,15.55,18.7,19,0,1,0,0,0
TXN-103542,60.04,1.1,17,0,1,0,0,0
TXN-103543,44.93,0.6,6,1,1,0,0,0
TXN-103544,39.74,2.6,9,0,1,0,0,0
TXN-103545,69.58,14.1,19,0,2,0,0,0
TXN-103546,159.9,6.7,14,0,2,0,0,0
TXN-103547,34.89,3.3,14,1,2,0,0,0
TXN-103548,18.49,15.1,20,0,1,0,0,0
TXN-103549,19.16,2.3,21,0,1,0,0,0
TXN-103550,55.85,5.8,6,1,1,0,0,0
TXN-103551,34.07,0.5,17,0,1,1,0,0
TXN-103552,68.84,1.5,20,1,1,0,0,0
TXN-103553,25.51,1.0,16,0,1,0,0,0
TXN-103554,148.02,7.3,10,0,1,0,1,0
TXN-103555,50.72,3.7,21,0,1,0,0,0
TXN-103556,56.44,5.2,10,0,1,0,0,0
TXN-103557,35.91,6.3,22,1,1,0,0,0
TXN-103558,27.35,1.0,11,0,1,0,0,0
TXN-103559,46.43,1.8,17,0,1,0,0,0
TXN-103560,42.34,8.9,21,0,1,0,0,0
TXN-103561,71.73,0.1,10,0,1,0,0,0
TXN-103562,236.93,2.1,11,0,2,0,0,0
TXN-103563,93.78,2.7,21,0,2,0,0,0
TXN-103564,75.33,9.6,18,0,1,0,0,0
TXN-103565,15.23,2.4,16,0,1,0,0,0
TXN-103566,18.56,4.4,22,1,1,0,0,0
TXN-103567,169.66,5.5,19,0,1,0,0,0
TXN-103568,47.49,3.6,11,0,1,0,0,0
TXN-103569,25.7,17.5,19,0,2,0,0,0
TXN-103570,86.8,0.4,16,0,1,0,0,0
TXN-103571,41.33,1.5,18,0,1,0,0,0
TXN-103572,52.69,2.3,15,0,1,0,0,0
TXN-103573,24.61,6.0,18,0,1,0,0,0
TXN-103574,113.36,5.0,14,1,1,0,0,0
TXN-103575,74.16,0.2,18,1,1,0,0,0
TXN-103576,104.39,10.1,8,0,2,0,0,0
TXN-103577,40.76,21.7,19,0,1,0,0,0
TXN-103578,102.59,2.1,14,0,1,0,0,0
TXN-103579,14.2,4.5,9,0,1,0,0,0
TXN-103580,39.64,7.0,19,0,1,0,0,0
TXN-103581,43.93,0.2,19,0,1,0,0,0
TXN-103582,244.61,12.6,10,1,1,0,0,0
TXN-103583,50.38,4.2,6,0,1,0,0,0
TXN-103584,51.83,4.7,8,1,1,0,0,0
TXN-103585,96.77,7.5,21,0,1,0,0,0
TXN-103586,53.24,3.2,6,1,2,0,0,0
TXN-103587,32.78,0.1,21,1,2,0,0,0
TXN-103588,50.46,3.4,13,0,2,0,0,0
TXN-103589,137.31,12.8,20,0,1,0,0,0
TXN-103590,86.14,1.4,17,0,1,0,0,0
TXN-103591,38.58,0.2,20,0,1,0,0,0
TXN-103592,67.8,1.3,21,0,1,0,0,0
TXN-103593,65.28,3.9,6,0,1,0,0,0
TXN-103594,34.94,1.4,16,0,1,0,0,0
TXN-103595,22.12,0.8,10,0,1,0,0,0
TXN-103596,45.51,9.3,18,0,1,0,0,0
TXN-103597,29.26,0.2,17,0,1,0,0,0
TXN-103598,17.5,6.2,17,0,1,0,0,0
TXN-103599,9.86,2.2,15,0,1,0,1,0
TXN-103600,23.95,1.1,11,0,1,0,0,0
TXN-103601,66.64,4.7,14,0,1,0,0,0
TXN-103602,15.65,5.2,21,1,1,0,0,0
TXN-103603,23.16,2.4,19,0,1,0,0,0
TXN-103604,59.95,1.4,9,0,1,0,0,0
TXN-103605,61.53,3.3,10,0,1,0,0,0
TXN-103606,142.84,0.2,20,0,1,0,0,0
TXN-103607,63.41,1.6,13,0,1,0,0,0
TXN-103608,47.83,4.9,12,0,1,0,0,0
TXN-103609,201.33,0.3,13,0,2,0,0,0
TXN-103610,65.07,8.6,9,0,1,0,0,0
TXN-103611,17.85,7.1,17,0,1,0,0,0
TXN-103612,65.91,4.1,6,0,1,0,0,0
TXN-103613,38.6,12.6,12,1,1,0,0,0
TXN-103614,44.74,0.4,6,0,1,0,0,0
TXN-103615,90.1,2.3,22,0,1,0,0,0
TXN-103616,32.08,6.9,20,0,1,0,0,0
TXN-103617,8.34,0.2,14,0,1,0,0,0
TXN-103618,10.02,1.1,15,0,1,0,0,0
TXN-103619,26.98,3.4,16,0,1,0,0,0
TXN-103620,86.28,1.0,9,0,1,0,0,0
TXN-103621,14.17,0.7,10,0,1,0,0,0
TXN-103622,78.33,13.8,22,0,1,0,0,0
TXN-103623,22.58,4.0,20,0,1,0,0,0
TXN-103624,21.69,2.4,18,0,1,0,0,0
TXN-103625,42.28,0.1,9,0,1,0,0,0
TXN-103626,43.5,0.3,20,0,1,0,0,0
TXN-103627,22.45,1.2,7,0,1,0,0,0
TXN-103628,94.66,0.7,20,0,1,0,0,0
TXN-103629,41.16,2.0,14,0,1,0,0,0
TXN-103630,77.83,2.1,15,0,1,0,0,0
TXN-103631,49.11,1.0,21,0,1,0,0,0
TXN-103632,126.05,2.6,21,0,1,0,0,0
TXN-103633,207.23,2.3,22,0,1,0,0,0
TXN-103634,25.63,33.0,8,0,2,0,0,0
TXN-103635,121.48,2.7,21,1,1,0,0,0
TXN-103636,14.96,5.4,21,0,1,0,0,0
TXN-103637,52.18,4.2,7,0,2,0,0,0
TXN-103638,136.93,4.7,19,0,1,0,0,0
TXN-103639,17.24,1.1,7,0,1,0,0,0
TXN-103640,12.99,0.9,8,0,1,0,0,0
TXN-103641,44.2,4.5,17,0,1,1,0,0
TXN-103642,18.51,5.7,13,0,1,0,0,0
TXN-103643,85.7,2.0,8,0,1,0,0,0
TXN-103644,20.15,6.7,19,0,1,0,0,0
TXN-103645,133.81,15.3,13,0,1,0,0,0
TXN-103646,40.9,5.6,8,0,2,0,0,0
TXN-103647,34.67,10.4,21,0,1,0,0,0
TXN-103648,174.74,1.0,21,0,1,1,0,0
TXN-103649,83.11,2.4,20,0,1,0,0,0
TXN-103650,53.89,0.3,16,0,2,0,0,0
TXN-103651,112.05,36.6,14,0,1,0,1,0
TXN-103652,30.73,2.9,17,0,1,0,0,0
TXN-103653,61.34,0.4,11,0,1,0,0,0
TXN-103654,62.56,0.6,13,0,1,0,0,0
TXN-103655,80.22,4.2,11,0,1,0,0,0
TXN-103656,29.23,7.2,9,0,1,0,0,0
TXN-103657,385.46,0.3,22,0,1,0,0,0
TXN-103658,128.64,1.0,13,0,1,0,0,0
TXN-103659,33.17,3.9,13,0,1,0,0,0
TXN-103660,20.69,18.1,10,0,1,0,0,0
TXN-103661,12.18,3.6,10,0,1,0,0,0
TXN-103662,33.26,2.0,8,0,1,0,0,0
TXN-103663,57.94,1.3,14,0,1,0,0,0
TXN-103664,27.67,1.1,8,0,1,0,0,0
TXN-103665,9.26,15.4,9,0,1,0,0,0
TXN-103666,57.32,1.9,10,0,1,0,0,0
TXN-103667,48.63,1.7,11,0,1,0,0,0
TXN-103668,31.65,0.7,14,0,1,0,0,0
TXN-103669,68.29,1.6,13,0,1,1,0,0
TXN-103670,19.67,5.1,18,1,1,0,0,0
TXN-103671,35.06,6.8,12,0,2,0,0,0
TXN-103672,57.7,14.9,19,0,1,0,0,0
TXN-103673,11.05,4.0,10,0,1,0,0,0
TXN-103674,76.6,3.1,9,0,1,0,0,0
TXN-103675,80.96,3.2,6,1,1,0,0,0
TXN-103676,4.56,6.5,21,0,2,1,0,0
TXN-103677,16.19,14.9,10,0,1,0,0,0
TXN-103678,60.08,5.3,11,0,1,0,0,0
TXN-103679,18.67,0.2,9,0,1,0,0,0
TXN-103680,26.17,0.2,15,0,1,0,0,0
TXN-103681,95.99,2.3,20,0,1,1,0,0
TXN-103682,120.87,5.4,10,0,2,0,1,0
TXN-103683,40.03,2.6,7,0,1,0,0,0
TXN-103684,20.94,11.0,8,0,2,0,0,0
TXN-103685,11.54,2.5,22,0,1,0,0,0
TXN-103686,49.77,13.5,22,0,1,0,0,0
TXN-103687,59.69,0.2,22,0,1,0,0,0
TXN-103688,17.26,9.7,9,1,1,0,0,0
TXN-103689,51.11,0.0,9,0,1,0,0,0
TXN-103690,49.7,14.6,11,0,1,0,0,0
TXN-103691,64.31,12.7,11,0,1,0,0,0
TXN-103692,26.32,8.6,12,0,1,0,0,0
TXN-103693,24.05,0.2,15,0,2,0,0,0
TXN-103694,87.06,7.9,14,0,1,0,0,0
TXN-103695,352.05,4.7,16,0,1,0,0,0
TXN-103696,88.01,4.4,8,1,1,0,0,0
TXN-103697,38.8,6.3,19,0,1,0,0,0
TXN-103698,17.62,3.6,10,1,2,0,0,0
TXN-103699,58.76,1.5,15,1,1,1,0,0
TXN-103700,36.15,2.8,20,0,1,0,0,0
TXN-103701,38.5,2.0,11,0,1,0,0,0
TXN-103702,134.0,0.3,14,0,2,0,0,0
TXN-103703,39.74,5.6,20,0,2,0,0,0
TXN-103704,27.91,7.2,11,0,1,0,0,0
TXN-103705,79.19,5.4,15,0,2,0,0,0
TXN-103706,17.17,4.6,17,0,2,0,0,0
TXN-103707,35.45,7.9,9,0,1,0,0,0
TXN-103708,63.68,7.9,16,0,1,1,0,0
TXN-103709,49.72,9.6,7,0,1,0,0,0
TXN-103710,170.38,14.1,21,0,1,0,0,0
TXN-103711,6.06,0.7,9,0,1,0,0,0
TXN-103712,28.32,2.7,20,0,2,0,0,0
TXN-103713,1010.6,259.2,3,1,5,2,0,1
TXN-103714,14.92,4.4,13,0,1,0,0,0
TXN-103715,854.53,115.4,5,1,6,2,1,1
TXN-103716,28.42,4.8,15,1,1,0,0,0
TXN-103717,27.5,2.5,9,0,2,0,0,0
TXN-103718,54.38,10.9,11,0,1,0,0,0
TXN-103719,21.08,1.0,21,1,1,0,0,0
TXN-103720,48.02,16.1,18,0,1,0,0,0
TXN-103721,67.51,4.8,21,0,1,0,0,0
TXN-103722,8.42,1.7,21,0,1,0,0,0
TXN-103723,12.57,13.6,20,0,1,0,0,0
TXN-103724,43.11,4.8,11,0,1,0,0,0
TXN-103725,24.77,15.8,18,0,1,0,0,0
TXN-103726,60.05,2.4,18,0,1,0,0,0
TXN-103727,8.19,0.6,7,0,1,0,0,0
TXN-103728,71.8,4.3,6,0,1,0,0,0
TXN-103729,32.63,16.6,22,0,2,0,0,0
TXN-103730,60.62,1.2,12,0,1,0,0,0
TXN-103731,37.01,3.5,16,1,1,0,0,0
TXN-103732,14.55,9.0,15,0,1,0,0,0
TXN-103733,73.39,4.6,12,0,1,0,0,0
TXN-103734,155.11,15.2,22,0,1,0,0,0
TXN-103735,100.63,3.9,11,0,1,0,0,0
TXN-103736,54.25,8.7,9,0,1,0,0,0
TXN-103737,69.58,3.6,7,0,1,0,0,0
TXN-103738,10.82,5.0,9,0,1,1,0,0
TXN-103739,25.69,0.8,20,0,1,0,0,0
TXN-103740,14.13,0.5,18,0,1,0,0,0
TXN-103741,42.97,2.1,11,1,2,0,0,0
TXN-103742,54.0,1.1,18,0,1,0,0,0
TXN-103743,67.13,1.8,9,0,1,0,0,0
TXN-103744,20.19,5.7,20,0,1,0,0,0
TXN-103745,39.2,11.7,16,0,1,0,0,0
TXN-103746,43.38,3.7,19,0,1,0,0,0
TXN-103747,28.83,2.4,19,0,1,0,0,0
TXN-103748,15.2,4.2,12,0,1,0,0,0
TXN-103749,191.8,2.5,6,0,1,0,0,0
TXN-103750,23.46,1.1,18,0,1,1,0,0
TXN-103751,106.8,2.9,15,0,1,0,0,0
TXN-103752,34.39,16.7,6,0,1,0,0,0
TXN-103753,197.01,13.3,9,1,1,1,0,0
TXN-103754,16.34,7.3,9,0,1,0,0,0
TXN-103755,29.75,3.3,16,0,1,0,0,0
TXN-103756,63.42,3.9,20,0,1,0,0,0
TXN-103757,14.5,3.0,13,0,1,0,0,0
TXN-103758,118.71,1.5,12,0,1,0,0,0
TXN-103759,58.31,0.5,7,0,2,0,0,0
TXN-103760,36.62,2.8,8,0,1,0,0,0
TXN-103761,27.49,1.4,20,0,1,0,0,0
TXN-103762,1597.07,131.1,23,1,3,2,0,1
TXN-103763,31.13,1.6,7,0,2,0,0,0
TXN-103764,83.71,9.7,8,0,1,0,0,0
TXN-103765,78.97,2.5,15,0,1,0,0,0
TXN-103766,23.89,3.7,11,0,1,0,0,0
TXN-103767,70.18,2.5,20,0,1,0,0,0
TXN-103768,24.84,13.7,14,0,2,0,0,0
TXN-103769,202.14,6.7,13,0,1,0,0,0
TXN-103770,164.57,6.9,12,0,1,0,0,0
TXN-103771,20.32,2.3,11,0,2,0,0,0
TXN-103772,8.57,4.3,20,0,1,0,0,0
TXN-103773,34.33,11.9,22,0,2,1,0,0
TXN-103774,644.9,133.7,2,1,6,3,1,1
TXN-103775,22.1,1.1,18,0,1,0,0,0
TXN-103776,22.62,0.3,19,0,1,0,0,0
TXN-103777,30.82,27.5,16,0,1,0,1,0
TXN-103778,39.35,17.9,18,0,1,0,0,0
TXN-103779,42.12,11.2,9,0,1,0,0,0
TXN-103780,115.92,7.5,6,0,1,0,0,0
TXN-103781,54.79,9.6,7,0,2,0,0,0
TXN-103782,148.82,4.7,16,0,1,0,0,0
TXN-103783,296.58,5.4,20,0,1,0,0,0
TXN-103784,101.9,6.4,12,0,2,0,0,0
TXN-103785,284.78,4.2,14,0,2,0,0,0
TXN-103786,23.29,3.5,6,0,1,0,1,0
TXN-103787,60.1,2.6,22,0,1,0,0,0
TXN-103788,76.95,0.1,17,0,1,1,0,0
TXN-103789,37.16,2.6,11,0,1,0,0,0
TXN-103790,10.89,3.3,19,1,1,0,0,0
TXN-103791,25.85,3.4,12,0,1,0,0,0
TXN-103792,44.98,4.8,18,0,2,0,0,0
TXN-103793,30.38,2.8,21,0,1,0,0,0
TXN-103794,22.93,3.1,12,0,1,0,0,0
TXN-103795,21.79,12.3,8,0,1,1,0,0
TXN-103796,13.31,0.5,14,0,1,0,0,0
TXN-103797,59.69,5.6,9,0,1,1,0,0
TXN-103798,69.75,0.1,12,0,1,0,0,0
TXN-103799,72.42,4.2,20,0,1,0,0,0
TXN-103800,151.78,0.8,22,0,2,0,0,0
TXN-103801,48.59,1.3,8,0,1,0,0,0
TXN-103802,119.3,1.3,6,0,1,0,0,0
TXN-103803,14.02,1.9,9,1,1,1,0,0
TXN-103804,26.5,1.4,15,0,1,0,0,0
TXN-103805,28.46,0.6,17,0,1,0,0,0
TXN-103806,20.39,7.9,12,0,1,0,0,0
TXN-103807,142.88,10.2,11,0,1,0,0,0
TXN-103808,204.18,10.4,17,0,2,0,0,0
TXN-103809,61.77,0.9,7,0,1,0,0,0
TXN-103810,160.6,3.6,8,0,2,0,0,0
TXN-103811,93.93,1.6,17,0,1,0,0,0
TXN-103812,20.19,4.1,19,1,1,0,0,0
TXN-103813,20.27,6.0,14,0,1,0,0,0
TXN-103814,84.43,0.8,10,0,1,0,0,0
TXN-103815,116.43,23.0,22,0,2,0,0,0
TXN-103816,64.37,14.5,9,0,2,0,0,0
TXN-103817,119.91,3.0,6,0,1,0,0,0
TXN-103818,37.16,8.8,9,0,2,0,0,0
TXN-103819,176.89,1.3,10,0,2,0,0,0
TXN-103820,35.3,8.5,13,0,1,0,0,0
TXN-103821,118.36,10.3,7,1,1,0,0,0
TXN-103822,158.15,1.4,15,0,1,0,1,0
TXN-103823,42.49,11.0,8,0,1,0,0,0
TXN-103824,67.42,1.2,19,0,1,0,0,0
TXN-103825,25.34,4.4,8,0,1,0,0,0
TXN-103826,13.78,17.9,20,0,1,0,0,0
TXN-103827,26.37,2.4,14,0,1,0,1,0
TXN-103828,23.59,0.1,12,0,1,0,0,0
TXN-103829,30.86,1.7,21,0,1,0,0,0
TXN-103830,131.99,12.9,19,0,1,0,0,0
TXN-103831,42.46,4.2,19,0,1,0,0,0
TXN-103832,4.62,0.8,19,0,2,0,0,0
TXN-103833,5.0,9.3,21,1,1,0,0,0
TXN-103834,23.5,0.7,6,0,1,0,0,0
TXN-103835,714.01,157.9,0,1,6,0,1,1
TXN-103836,24.56,0.1,7,0,1,0,0,0
TXN-103837,41.5,2.6,19,1,1,0,0,0
TXN-103838,59.14,6.0,10,0,1,0,0,0
TXN-103839,40.34,9.3,8,0,1,0,0,0
TXN-103840,73.16,19.0,13,0,1,0,0,0
TXN-103841,93.25,0.6,6,0,1,0,0,0
TXN-103842,23.57,5.5,18,0,1,0,0,0
TXN-103843,69.26,5.2,21,0,1,0,0,0
TXN-103844,1147.87,171.6,0,0,6,1,0,1
TXN-103845,46.79,0.9,20,0,1,0,0,0
TXN-103846,26.81,1.6,20,0,2,1,0,0
TXN-103847,28.18,1.3,20,0,1,0,0,0
TXN-103848,39.04,0.3,16,1,2,0,0,0
TXN-103849,47.54,1.7,9,0,1,0,0,0
TXN-103850,248.43,1.6,20,0,1,0,0,0
TXN-103851,62.53,5.1,8,0,2,0,0,0
TXN-103852,27.14,0.8,16,0,1,0,0,0
TXN-103853,37.72,17.2,9,0,1,0,0,0
TXN-103854,19.13,2.0,13,0,1,0,0,0
TXN-103855,30.77,0.9,21,0,1,0,0,0
TXN-103856,25.82,1.3,21,0,1,0,0,0
TXN-103857,22.23,16.0,21,0,1,0,0,0
TXN-103858,122.85,2.4,13,0,1,0,0,0
TXN-103859,15.98,9.1,9,1,1,0,0,0
TXN-103860,115.67,2.1,16,0,1,0,0,0
TXN-103861,18.07,0.4,6,0,1,0,0,0
TXN-103862,115.87,0.5,12,0,1,0,0,0
TXN-103863,44.1,1.0,6,0,1,0,0,0
TXN-103864,10.93,2.8,19,0,1,1,0,0
TXN-103865,81.54,3.5,14,0,1,0,0,0
TXN-103866,18.99,3.5,15,1,1,0,0,0
TXN-103867,52.89,11.3,17,0,2,0,0,0
TXN-103868,63.76,7.2,15,0,1,0,0,0
TXN-103869,46.53,11.1,8,1,1,0,0,0
TXN-103870,44.5,9.7,14,0,1,0,0,0
TXN-103871,53.53,1.5,19,0,1,0,0,0
TXN-103872,117.87,13.3,8,0,1,0,0,0
TXN-103873,47.83,0.6,18,0,1,0,0,0
TXN-103874,109.67,2.8,12,0,1,0,0,0
TXN-103875,60.89,1.8,17,0,1,0,0,0
TXN-103876,216.6,1.0,8,0,2,0,0,0
TXN-103877,116.28,10.1,9,0,1,0,0,0
TXN-103878,12.75,2.9,9,0,2,0,0,0
TXN-103879,25.34,2.8,13,0,1,1,0,0
TXN-103880,32.85,10.9,9,0,1,0,0,0
TXN-103881,101.95,3.5,14,0,2,0,0,0
TXN-103882,46.36,2.8,12,0,1,0,0,0
TXN-103883,37.97,6.0,19,0,1,0,0,0
TXN-103884,23.39,26.3,10,0,1,0,1,0
TXN-103885,170.65,0.3,13,0,1,0,0,0
TXN-103886,59.84,6.9,17,0,1,0,0,0
TXN-103887,50.75,2.5,14,0,1,0,0,0
TXN-103888,41.15,4.7,18,0,1,0,0,0
TXN-103889,15.06,6.0,20,0,2,0,0,0
TXN-103890,84.64,6.7,15,0,2,0,0,0
TXN-103891,316.34,68.6,3,1,3,3,1,1
TXN-103892,56.5,29.7,10,0,1,0,0,0
TXN-103893,15.95,0.2,15,0,1,0,0,0
TXN-103894,27.44,2.6,10,0,1,0,0,0
TXN-103895,14.14,5.3,12,0,1,0,0,0
TXN-103896,24.13,4.2,18,0,1,0,0,0
TXN-103897,14.25,4.6,9,0,1,0,0,0
TXN-103898,28.76,3.8,20,0,2,0,0,0
TXN-103899,17.17,0.2,19,0,2,0,0,0
TXN-103900,42.68,0.3,6,0,2,0,0,0
TXN-103901,99.57,9.0,6,0,1,0,0,0
TXN-103902,121.95,0.5,11,1,1,0,0,0
TXN-103903,34.54,1.7,12,0,1,0,0,0
TXN-103904,51.13,3.9,12,0,1,0,0,0
TXN-103905,15.39,10.4,21,0,2,0,0,0
TXN-103906,7.7,2.3,20,0,1,0,0,0
TXN-103907,55.39,7.4,16,0,1,1,0,0
TXN-103908,92.2,1.0,20,0,1,0,0,0
TXN-103909,81.28,2.8,17,0,1,0,0,0
TXN-103910,96.88,1.4,22,0,2,0,0,0
TXN-103911,47.76,4.9,12,0,1,0,0,0
TXN-103912,82.88,3.1,11,0,1,0,0,0
TXN-103913,22.4,6.7,10,0,1,0,0,0
TXN-103914,65.77,1.3,18,0,1,1,0,0
TXN-103915,19.82,10.1,15,0,2,0,0,0
TXN-103916,23.25,6.0,8,1,1,0,0,0
TXN-103917,346.56,3.2,11,0,1,0,0,0
TXN-103918,42.17,1.3,15,0,1,0,0,0
TXN-103919,71.43,3.4,13,0,2,0,0,0
TXN-103920,31.0,8.4,11,0,1,0,0,0
TXN-103921,47.93,0.7,8,0,1,0,0,0
TXN-103922,147.13,0.5,20,0,1,0,0,0
TXN-103923,13.39,4.0,18,1,2,0,0,0
TXN-103924,11.65,5.6,19,0,1,0,0,0
TXN-103925,51.95,5.0,6,0,1,0,0,0
TXN-103926,73.97,1.9,19,1,2,0,0,0
TXN-103927,97.58,1.8,16,0,1,0,0,0
TXN-103928,68.56,2.0,15,0,1,0,0,0
TXN-103929,56.74,5.9,18,1,1,0,0,0
TXN-103930,12.88,4.3,14,0,1,0,0,0
TXN-103931,87.58,2.7,6,0,1,0,0,0
TXN-103932,35.02,3.6,7,0,1,1,0,0
TXN-103933,66.7,2.1,7,0,2,0,0,0
TXN-103934,9.16,1.2,10,0,1,1,0,0
TXN-103935,32.77,0.1,18,0,1,0,0,0
TXN-103936,48.5,6.9,19,0,1,0,0,0
TXN-103937,12.6,2.4,17,0,1,0,0,0
TXN-103938,165.9,0.9,8,0,1,0,0,0
TXN-103939,45.84,4.8,10,0,1,0,0,0
TXN-103940,20.8,4.5,8,0,2,1,0,0
TXN-103941,76.55,0.2,13,1,1,0,0,0
TXN-103942,32.28,1.3,13,0,1,0,0,0
TXN-103943,19.08,3.5,10,0,1,0,0,0
TXN-103944,50.22,10.3,10,0,1,0,0,0
TXN-103945,26.99,9.7,20,0,1,0,1,0
TXN-103946,34.59,3.8,13,0,2,0,0,0
TXN-103947,17.83,3.0,10,0,1,0,0,0
TXN-103948,40.33,5.9,11,0,2,0,0,0
TXN-103949,41.3,2.1,11,0,1,0,0,0
TXN-103950,14.91,5.9,8,0,1,0,0,0
TXN-103951,53.16,2.8,20,0,1,0,0,0
TXN-103952,74.22,7.3,20,0,1,0,0,0
TXN-103953,46.38,10.7,14,0,1,1,0,0
TXN-103954,65.24,4.2,17,0,1,0,0,0
TXN-103955,122.25,6.6,8,1,1,0,0,0
TXN-103956,16.97,15.2,18,0,2,0,0,0
TXN-103957,34.99,6.3,22,0,1,0,0,0
TXN-103958,101.42,13.0,20,0,2,0,0,0
TXN-103959,76.01,5.3,16,0,1,0,0,0
TXN-103960,47.53,4.1,21,0,1,0,0,0
TXN-103961,23.42,3.6,11,0,1,1,0,0
TXN-103962,65.37,6.1,9,0,1,0,0,0
TXN-103963,58.41,0.4,12,0,1,0,0,0
TXN-103964,19.67,3.5,21,0,1,0,0,0
TXN-103965,166.66,5.2,9,0,1,1,0,0
TXN-103966,32.1,12.1,12,0,1,0,0,0
TXN-103967,45.53,0.4,8,0,1,0,0,0
TXN-103968,47.18,2.7,22,0,1,0,0,0
TXN-103969,101.8,1.1,20,0,1,0,0,0
TXN-103970,45.36,11.9,17,0,1,0,0,0
TXN-103971,26.94,4.0,14,1,1,0,0,0
TXN-103972,27.03,4.1,21,1,1,0,0,0
TXN-103973,44.75,4.7,19,0,1,0,0,0
TXN-103974,47.73,5.4,20,0,1,1,0,0
TXN-103975,14.82,0.4,9,0,1,0,0,0
TXN-103976,69.95,0.9,7,0,1,0,0,0
TXN-103977,37.67,0.0,7,0,1,0,0,0
TXN-103978,68.9,2.6,22,0,1,0,0,0
TXN-103979,16.61,15.0,12,0,2,0,0,0
TXN-103980,204.43,0.3,21,0,2,0,0,0
TXN-103981,21.06,2.0,8,0,1,0,0,0
TXN-103982,29.29,1.2,13,0,1,0,0,0
TXN-103983,52.64,6.2,17,0,2,0,0,0
TXN-103984,59.69,1.2,21,0,1,0,0,0
TXN-103985,32.11,10.2,7,0,1,0,0,0
TXN-103986,220.64,1.1,19,0,2,0,0,0
TXN-103987,12.27,9.6,7,0,1,0,0,0
TXN-103988,88.35,7.1,22,0,1,1,0,0
TXN-103989,244.65,2.3,22,1,1,0,0,0
TXN-103990,55.22,3.2,15,0,1,0,0,0
TXN-103991,89.75,11.7,11,0,1,0,0,0
TXN-103992,40.02,2.8,21,0,1,0,0,0
TXN-103993,524.85,3.5,16,0,1,0,0,0
TXN-103994,19.77,1.1,6,0,1,0,0,0
TXN-103995,40.94,1.9,6,0,1,0,0,0
TXN-103996,44.98,7.7,19,0,2,0,0,0
TXN-103997,74.17,6.9,14,0,1,0,0,0
TXN-103998,51.71,0.0,12,0,1,0,0,0
TXN-103999,77.34,0.4,20,0,1,0,0,0
TXN-104000,152.44,8.0,15,0,1,1,0,0
TXN-104001,120.14,1.6,10,0,1,0,0,0
TXN-104002,94.72,1.9,8,0,1,0,0,0
TXN-104003,223.22,0.0,22,0,1,0,0,0
TXN-104004,49.33,0.1,14,0,1,0,0,0
TXN-104005,19.75,4.4,12,0,1,0,0,0
TXN-104006,49.44,1.0,18,0,1,0,0,0
TXN-104007,154.3,6.8,13,0,2,0,0,0
TXN-104008,66.23,5.7,11,0,1,0,0,0
TXN-104009,67.73,2.2,10,0,1,0,0,0
TXN-104010,8.49,13.1,11,0,1,0,0,0
TXN-104011,36.01,0.9,14,0,1,0,0,0
TXN-104012,90.19,2.7,12,1,1,0,0,0
TXN-104013,157.26,13.1,20,0,1,0,0,0
TXN-104014,274.94,0.1,7,0,1,0,0,0
TXN-104015,107.84,7.7,20,0,1,1,0,0
TXN-104016,32.67,2.3,19,0,2,0,0,0
TXN-104017,26.97,4.4,20,0,1,0,0,0
TXN-104018,55.62,9.6,15,0,2,0,0,0
TXN-104019,87.38,4.6,8,0,1,0,0,0
TXN-104020,89.86,11.1,10,0,1,0,0,0
TXN-104021,9.51,7.8,16,0,1,0,0,0
TXN-104022,34.88,4.3,16,1,1,0,0,0
TXN-104023,87.84,25.2,14,0,1,1,0,0
TXN-104024,51.98,4.8,18,0,1,0,0,0
TXN-104025,33.26,13.9,12,0,1,0,0,0
TXN-104026,47.35,4.0,14,0,1,0,0,0
TXN-104027,44.04,12.8,14,0,1,0,0,0
TXN-104028,41.48,5.0,22,0,1,0,0,0
TXN-104029,38.49,10.4,12,0,1,0,0,0
TXN-104030,20.11,0.4,20,0,1,0,0,0
TXN-104031,21.81,0.3,6,0,1,0,0,0
TXN-104032,2484.3,472.9,2,1,4,2,1,1
TXN-104033,43.97,7.9,6,0,1,0,0,0
TXN-104034,26.55,2.3,17,0,2,0,0,0
TXN-104035,53.47,2.1,14,0,1,0,0,0
TXN-104036,29.05,5.1,10,0,1,0,0,0
TXN-104037,25.99,7.7,19,1,2,0,0,0
TXN-104038,130.63,4.4,7,0,1,0,0,0
TXN-104039,37.88,10.0,21,0,1,0,0,0
TXN-104040,33.08,4.2,18,0,1,0,0,0
TXN-104041,13.27,5.5,9,0,1,0,0,0
TXN-104042,230.2,10.4,11,0,1,0,0,0
TXN-104043,49.91,6.6,19,0,1,0,0,0
TXN-104044,105.52,5.5,18,0,1,0,0,0
TXN-104045,30.36,1.2,18,0,1,0,0,0
TXN-104046,92.6,7.2,22,0,2,0,0,0
TXN-104047,28.62,2.0,17,0,1,0,0,0
TXN-104048,156.4,4.4,8,0,2,0,0,0
TXN-104049,25.24,1.8,6,0,1,0,0,0
TXN-104050,76.32,5.3,19,0,1,0,0,0
TXN-104051,85.4,3.6,11,0,1,0,0,0
TXN-104052,59.41,12.8,21,0,1,0,0,0
TXN-104053,46.97,13.8,22,1,1,0,0,0
TXN-104054,27.48,5.3,9,0,1,0,0,0
TXN-104055,49.35,8.3,17,0,1,0,0,0
TXN-104056,28.73,0.5,22,0,1,0,0,0
TXN-104057,5.14,5.8,17,0,1,0,0,0
TXN-104058,10.65,0.7,6,0,1,0,0,0
TXN-104059,26.49,3.2,17,0,1,0,0,0
TXN-104060,53.47,4.4,17,0,1,0,0,0
TXN-104061,56.7,13.3,18,0,2,0,0,0
TXN-104062,69.17,13.6,17,0,1,0,1,0
TXN-104063,53.27,3.7,20,0,1,0,0,0
TXN-104064,52.26,20.0,7,0,1,0,0,0
TXN-104065,23.51,1.0,18,1,1,0,0,0
TXN-104066,62.94,5.1,16,0,2,1,0,0
TXN-104067,66.4,0.5,14,0,2,0,0,0
TXN-104068,19.47,2.3,22,0,1,0,0,0
TXN-104069,37.85,0.1,16,0,1,0,0,0
TXN-104070,28.13,5.4,17,0,1,0,0,0
TXN-104071,49.84,1.4,16,0,1,0,0,0
TXN-104072,34.74,2.1,16,0,1,0,0,0
TXN-104073,337.49,7.2,7,0,1,0,0,0
TXN-104074,108.38,2.1,14,0,1,0,0,0
TXN-104075,26.99,14.2,7,0,2,0,0,0
TXN-104076,110.91,7.1,21,0,1,0,0,0
TXN-104077,29.93,30.3,12,0,1,0,0,0
TXN-104078,24.77,7.2,9,0,1,0,0,0
TXN-104079,53.8,11.4,6,0,1,0,0,0
TXN-104080,32.72,1.3,7,0,1,0,0,0
TXN-104081,23.97,7.3,14,0,1,0,0,0
TXN-104082,97.25,4.2,18,0,1,0,0,0
TXN-104083,21.54,9.8,6,0,1,0,0,0
TXN-104084,50.13,16.5,8,0,1,0,0,0
TXN-104085,35.8,2.5,16,0,1,0,0,0
TXN-104086,8.3,3.0,21,0,1,0,0,0
TXN-104087,32.5,4.6,14,1,1,0,0,0
TXN-104088,45.74,11.7,21,0,1,0,0,0
TXN-104089,185.01,0.4,16,0,2,0,0,0
TXN-104090,161.5,1.8,9,0,1,0,0,0
TXN-104091,21.48,3.3,14,0,1,0,0,0
TXN-104092,47.19,3.6,6,0,1,0,0,0
TXN-104093,52.06,2.4,11,0,2,0,0,0
TXN-104094,24.37,4.9,10,0,1,0,0,0
TXN-104095,90.92,0.8,8,0,1,0,0,0
TXN-104096,77.88,0.6,11,0,1,0,0,0
TXN-104097,69.55,10.5,21,0,1,0,0,0
TXN-104098,67.53,0.3,10,0,1,0,0,0
TXN-104099,18.49,7.5,10,0,1,1,0,0
TXN-104100,95.39,1.8,11,0,1,0,0,0
TXN-104101,46.07,2.1,14,0,1,0,0,0
TXN-104102,29.72,4.5,13,1,1,0,0,0
TXN-104103,38.3,2.3,13,0,1,0,0,0
TXN-104104,22.04,2.0,6,0,1,0,0,0
TXN-104105,74.23,0.3,22,0,1,0,0,0
TXN-104106,48.4,1.7,16,0,2,0,0,0
TXN-104107,43.7,1.4,12,0,1,0,0,0
TXN-104108,88.93,0.4,15,0,1,0,0,0
TXN-104109,57.3,1.0,20,0,1,0,0,0
TXN-104110,31.23,0.1,18,0,1,0,0,0
TXN-104111,38.37,7.1,8,0,1,0,0,0
TXN-104112,8.17,12.1,11,0,1,0,0,0
TXN-104113,61.64,2.3,20,0,1,0,0,0
TXN-104114,67.54,2.6,17,0,1,0,0,0
TXN-104115,8.67,13.5,6,0,1,0,0,0
TXN-104116,57.34,0.7,12,1,1,0,0,0
TXN-104117,89.46,19.6,14,0,2,0,0,0
TXN-104118,65.35,1.9,22,0,1,0,0,0
TXN-104119,123.27,2.1,8,0,1,1,0,0
TXN-104120,68.55,2.0,17,0,1,0,0,0
TXN-104121,52.78,0.8,12,0,1,0,0,0
TXN-104122,66.99,3.5,8,0,1,0,0,0
TXN-104123,44.02,4.9,17,0,1,0,1,0
TXN-104124,16.1,1.7,22,0,2,0,0,0
TXN-104125,41.22,8.4,14,0,1,0,0,0
TXN-104126,31.05,3.6,17,0,1,0,0,0
TXN-104127,24.09,0.6,10,0,1,0,0,0
TXN-104128,4.32,2.0,7,0,1,0,0,0
TXN-104129,45.24,17.7,8,0,1,0,1,0
TXN-104130,84.17,4.1,19,0,1,0,0,0
TXN-104131,37.92,0.0,14,0,1,0,0,0
TXN-104132,67.26,17.1,17,0,1,0,0,0
TXN-104133,134.17,6.6,6,0,1,0,0,0
TXN-104134,37.17,6.4,9,0,1,0,0,0
TXN-104135,19.28,13.7,15,0,1,0,0,0
TXN-104136,71.07,0.5,9,0,1,0,0,0
TXN-104137,39.83,11.6,17,0,1,1,0,0
TXN-104138,28.44,3.5,9,1,2,0,0,0
TXN-104139,78.18,0.5,13,0,1,0,0,0
TXN-104140,19.3,4.2,12,0,1,0,0,0
TXN-104141,70.13,3.0,9,0,1,0,0,0
TXN-104142,20.02,2.7,13,0,1,0,0,0
TXN-104143,52.24,0.3,15,1,1,0,0,0
TXN-104144,20.41,8.3,12,0,2,0,0,0
TXN-104145,104.38,4.7,19,0,2,0,0,0
TXN-104146,31.35,1.7,10,1,1,0,0,0
TXN-104147,86.06,12.2,11,0,1,1,0,0
TXN-104148,28.67,9.1,13,0,1,0,0,0
TXN-104149,17.54,15.6,15,1,2,0,0,0
TXN-104150,80.98,11.6,6,0,1,0,0,0
TXN-104151,28.32,1.1,17,0,1,0,0,0
TXN-104152,92.13,4.6,9,0,1,1,0,0
TXN-104153,81.4,7.8,19,0,2,0,0,0
TXN-104154,31.43,0.9,21,0,2,0,0,0
TXN-104155,56.7,2.4,15,0,1,0,0,0
TXN-104156,82.65,1.7,10,0,1,0,0,0
TXN-104157,70.42,4.5,14,0,1,0,0,0
TXN-104158,231.83,4.9,21,0,1,0,0,0
TXN-104159,12.27,1.0,20,0,1,0,0,0
TXN-104160,44.88,0.0,20,0,2,0,0,0
TXN-104161,19.61,0.5,18,0,1,0,0,0
TXN-104162,20.11,13.5,8,0,1,0,0,0
TXN-104163,44.76,9.2,6,0,1,0,0,0
TXN-104164,111.04,5.5,21,0,1,0,0,0
TXN-104165,45.15,12.3,21,0,2,0,0,0
TXN-104166,19.93,2.4,7,0,2,0,0,0
TXN-104167,63.63,1.9,21,0,1,0,0,0
TXN-104168,197.24,3.1,19,0,1,0,0,0
TXN-104169,6.75,9.6,17,0,1,0,0,0
TXN-104170,39.72,4.9,18,0,1,0,0,0
TXN-104171,69.87,5.1,22,0,1,0,0,0
TXN-104172,49.04,0.4,12,1,1,0,0,0
TXN-104173,21.19,8.9,6,0,2,0,0,0
TXN-104174,45.13,3.1,13,0,2,0,1,0
TXN-104175,39.01,3.2,20,0,1,0,0,0
TXN-104176,14.64,4.8,18,0,1,0,0,0
TXN-104177,47.07,2.0,14,1,1,0,0,0
TXN-104178,30.35,17.0,22,0,1,0,0,0
TXN-104179,38.43,6.0,7,0,1,0,1,0
TXN-104180,219.92,1.0,6,0,1,0,0,0
TXN-104181,19.97,2.1,13,0,1,0,0,0
TXN-104182,69.74,7.3,13,0,2,0,0,0
TXN-104183,79.23,1.3,22,0,1,1,0,0
TXN-104184,48.27,5.7,16,0,1,0,0,0
TXN-104185,132.23,5.7,22,0,2,0,0,0
TXN-104186,201.88,3.3,19,0,1,0,0,0
TXN-104187,59.2,4.6,7,0,2,0,0,0
TXN-104188,45.35,1.0,8,0,1,0,0,0
TXN-104189,28.52,3.3,14,0,2,0,0,0
TXN-104190,42.48,4.8,11,0,2,0,0,0
TXN-104191,89.19,7.8,11,0,1,0,0,0
TXN-104192,32.84,4.8,21,0,1,0,0,0
TXN-104193,39.85,2.9,17,0,1,0,0,0
TXN-104194,27.96,4.9,8,0,1,0,0,0
TXN-104195,993.34,83.8,4,1,6,2,1,1
TXN-104196,9.74,12.0,10,0,2,0,0,0
TXN-104197,19.18,5.6,16,1,1,0,0,0
TXN-104198,11.01,0.2,21,0,2,0,0,0
TXN-104199,22.65,2.8,9,0,1,0,0,0
TXN-104200,30.78,0.1,16,0,2,0,0,0
TXN-104201,50.92,13.3,15,0,1,0,0,0
TXN-104202,102.49,5.3,16,0,2,0,0,0
TXN-104203,27.5,0.4,22,0,2,0,0,0
TXN-104204,23.21,4.9,21,0,1,0,0,0
TXN-104205,124.56,0.2,8,0,2,0,0,0
TXN-104206,56.62,19.7,20,0,2,0,0,0
TXN-104207,127.19,1.9,8,0,1,0,0,0
TXN-104208,16.98,2.1,8,0,1,1,0,0
TXN-104209,12.66,13.4,19,0,1,0,0,0
TXN-104210,7.99,3.0,21,0,1,0,1,0
TXN-104211,16.72,1.9,17,0,1,0,0,0
TXN-104212,22.83,0.2,14,0,2,0,0,0
TXN-104213,74.51,3.8,6,0,1,0,1,0
TXN-104214,22.3,4.8,11,0,1,0,0,0
TXN-104215,30.82,2.4,13,0,2,0,0,0
TXN-104216,129.11,8.1,18,0,2,0,0,0
TXN-104217,77.85,0.2,22,0,1,0,0,0
TXN-104218,538.04,3.3,9,0,1,0,0,0
TXN-104219,42.94,1.2,18,0,1,0,0,0
TXN-104220,78.54,1.5,12,0,2,0,0,0
TXN-104221,21.42,11.7,11,0,2,0,0,0
TXN-104222,49.28,1.7,20,0,1,0,0,0
TXN-104223,12.59,0.3,19,0,1,0,0,0
TXN-104224,219.13,1.7,9,1,1,0,0,0
TXN-104225,86.58,4.1,6,0,1,0,0,0
TXN-104226,21.72,0.4,11,0,1,0,0,0
TXN-104227,21.66,21.7,13,0,1,1,0,0
TXN-104228,13.49,0.9,14,0,1,0,0,0
TXN-104229,59.55,0.6,7,0,2,0,0,0
TXN-104230,568.48,122.7,3,1,5,2,1,1
TXN-104231,9.67,13.5,22,0,1,0,0,0
TXN-104232,134.15,11.8,9,0,1,0,0,0
TXN-104233,30.26,1.2,10,0,1,0,0,0
TXN-104234,174.61,5.8,17,0,1,0,0,0
TXN-104235,200.79,219.2,23,1,3,1,1,1
TXN-104236,10.95,13.1,10,0,1,0,0,0
TXN-104237,40.82,8.9,16,0,1,0,0,0
TXN-104238,28.72,20.6,7,0,1,0,0,0
TXN-104239,33.87,0.7,13,0,1,0,0,0
TXN-104240,30.57,2.4,15,0,1,0,0,0
TXN-104241,10.77,4.5,20,0,1,0,0,0
TXN-104242,9.83,0.5,12,0,2,0,0,0
TXN-104243,32.76,3.5,9,0,1,0,0,0
TXN-104244,32.82,5.1,19,0,1,0,0,0
TXN-104245,33.7,2.9,22,0,1,0,0,0
TXN-104246,105.11,4.3,14,0,1,0,0,0
TXN-104247,13.28,0.8,8,0,1,0,0,0
TXN-104248,58.58,5.8,11,0,1,0,0,0
TXN-104249,417.28,5.1,15,0,1,1,0,0
TXN-104250,32.37,13.4,17,0,1,0,0,0
TXN-104251,53.44,2.9,11,0,2,1,0,0
TXN-104252,129.6,7.4,19,0,2,0,0,0
TXN-104253,30.8,0.4,13,0,1,0,0,0
TXN-104254,82.49,2.2,10,0,1,0,0,0
TXN-104255,36.26,0.1,7,0,1,0,0,0
TXN-104256,14.09,7.5,9,0,1,0,0,0
TXN-104257,27.93,25.1,19,0,1,0,0,0
TXN-104258,44.29,0.4,8,1,1,0,0,0
TXN-104259,21.93,0.1,9,0,1,0,0,0
TXN-104260,32.08,1.3,18,0,1,0,0,0
TXN-104261,12.16,0.9,13,0,1,0,0,0
TXN-104262,16.39,3.3,17,0,1,0,0,0
TXN-104263,152.04,1.5,18,0,1,0,0,0
TXN-104264,31.63,2.9,6,1,1,0,0,0
TXN-104265,21.39,5.0,10,0,1,0,0,0
TXN-104266,8.73,1.3,20,0,1,0,0,0
TXN-104267,104.83,1.4,8,0,1,0,0,0
TXN-104268,55.87,0.5,19,0,1,0,0,0
TXN-104269,35.1,0.2,21,0,1,0,0,0
TXN-104270,81.43,2.3,21,0,1,0,0,0
TXN-104271,14.48,2.3,19,0,1,0,0,0
TXN-104272,13.33,0.4,10,0,1,0,0,0
TXN-104273,11.78,8.0,9,0,1,0,0,0
TXN-104274,51.08,4.4,14,0,2,0,0,0
TXN-104275,56.89,2.0,18,0,1,0,0,0
TXN-104276,53.47,13.2,11,0,1,0,0,0
TXN-104277,225.41,430.3,3,0,4,2,1,1
TXN-104278,45.26,8.4,6,0,2,0,0,0
TXN-104279,136.48,77.8,3,0,6,3,0,1
TXN-104280,24.81,14.7,13,0,1,0,0,0
TXN-104281,135.73,8.7,7,0,1,0,0,0
TXN-104282,21.56,22.8,7,0,1,0,0,0
TXN-104283,17.85,2.6,18,0,1,0,0,0
TXN-104284,52.79,6.8,6,0,1,0,0,0
TXN-104285,42.52,2.2,21,0,1,0,0,0
TXN-104286,17.02,1.1,18,0,1,0,0,0
TXN-104287,47.98,0.5,16,0,2,0,0,0
TXN-104288,116.98,1.8,14,0,1,0,0,0
TXN-104289,10.15,3.4,15,0,1,0,0,0
TXN-104290,59.24,2.3,9,0,1,0,0,0
TXN-104291,199.71,0.3,6,0,1,0,0,0
TXN-104292,29.36,3.0,8,0,1,1,0,0
TXN-104293,57.95,1.9,6,0,1,0,0,0
TXN-104294,50.29,0.2,13,0,1,0,0,0
TXN-104295,27.74,1.2,12,0,1,0,0,0
TXN-104296,49.82,10.0,20,0,1,0,0,0
TXN-104297,86.56,1.2,13,0,1,0,0,0
TXN-104298,41.43,3.2,13,0,1,0,0,0
TXN-104299,51.23,2.4,22,0,1,0,0,0
TXN-104300,229.0,14.4,8,0,2,0,0,0
TXN-104301,23.52,9.7,20,0,1,0,0,0
TXN-104302,11.01,6.1,8,0,2,0,0,0
TXN-104303,106.24,16.0,8,1,1,0,0,0
TXN-104304,65.21,6.3,21,0,1,0,0,0
TXN-104305,39.25,0.2,14,0,1,0,0,0
TXN-104306,142.25,0.4,17,0,1,0,0,0
TXN-104307,54.93,12.2,17,0,1,0,0,0
TXN-104308,52.18,8.3,7,0,1,0,0,0
TXN-104309,78.99,3.4,18,0,2,0,0,0
TXN-104310,62.83,2.8,15,0,1,0,0,0
TXN-104311,20.78,2.9,13,0,2,0,0,0
TXN-104312,65.39,3.7,16,0,1,0,0,0
TXN-104313,12.73,1.1,19,0,1,0,0,0
TXN-104314,31.84,3.6,19,0,1,0,0,0
TXN-104315,124.84,1.8,16,0,2,0,0,0
TXN-104316,33.8,8.4,7,0,2,0,1,0
TXN-104317,16.08,13.9,21,0,1,0,0,0
TXN-104318,52.03,1.6,13,1,1,1,0,0
TXN-104319,31.15,7.0,7,0,1,0,0,0
TXN-104320,52.11,13.4,22,0,1,0,0,0
TXN-104321,151.18,1.4,16,0,1,0,0,0
TXN-104322,43.55,2.6,20,0,1,0,0,0
TXN-104323,86.52,3.6,11,0,2,0,0,0
TXN-104324,34.63,1.2,13,0,1,0,0,0
TXN-104325,81.91,6.7,17,0,1,0,0,0
TXN-104326,47.07,0.9,10,0,1,0,0,0
TXN-104327,30.32,1.1,21,0,1,0,0,0
TXN-104328,232.26,1.9,14,0,1,0,0,0
TXN-104329,24.29,9.5,8,0,1,0,0,0
TXN-104330,214.15,8.4,22,0,2,0,0,0
TXN-104331,136.13,2.5,13,0,1,0,0,0
TXN-104332,135.89,29.6,10,0,1,0,0,0
TXN-104333,126.73,0.0,11,1,2,0,0,0
TXN-104334,34.31,0.3,8,1,1,0,0,0
TXN-104335,12.79,0.4,9,0,2,0,0,0
TXN-104336,57.93,6.9,7,0,2,0,0,0
TXN-104337,28.34,0.8,22,0,1,0,0,0
TXN-104338,37.52,1.1,18,0,1,0,0,0
TXN-104339,38.45,3.1,8,0,1,0,0,0
TXN-104340,303.53,2.0,20,0,1,0,0,0
TXN-104341,53.48,0.1,6,0,1,0,0,0
TXN-104342,41.06,9.6,15,0,1,0,0,0
TXN-104343,144.87,10.6,22,1,1,0,0,0
TXN-104344,21.57,3.1,20,0,1,0,0,0
TXN-104345,22.42,2.3,17,0,1,0,0,0
TXN-104346,39.07,0.5,19,0,2,0,0,0
TXN-104347,79.63,0.5,21,0,1,0,0,0
TXN-104348,27.57,2.0,7,0,2,0,0,0
TXN-104349,21.87,0.7,9,0,2,0,0,0
TXN-104350,24.05,0.5,16,0,1,0,0,0
TXN-104351,88.12,0.9,18,0,1,0,0,0
TXN-104352,55.05,4.6,18,0,1,0,0,0
TXN-104353,35.14,12.4,16,0,1,0,0,0
TXN-104354,85.7,3.0,15,0,1,0,0,0
TXN-104355,27.66,13.2,8,0,1,0,0,0
TXN-104356,66.99,1.5,8,0,1,0,0,0
TXN-104357,65.62,4.1,9,0,1,0,0,0
TXN-104358,103.42,3.6,6,0,1,0,0,0
TXN-104359,1499.8,481.2,0,1,4,2,0,1
TXN-104360,106.42,25.6,10,0,1,0,0,0
TXN-104361,96.72,1.7,17,0,1,0,0,0
TXN-104362,20.83,1.3,16,0,1,0,0,0
TXN-104363,285.79,238.1,3,1,4,3,1,1
TXN-104364,38.33,10.5,20,1,1,0,0,0
TXN-104365,83.36,24.2,17,1,1,0,0,0
TXN-104366,34.25,6.5,10,0,1,0,0,0
TXN-104367,89.19,3.6,21,0,1,0,0,0
TXN-104368,31.53,16.8,13,0,1,0,1,0
TXN-104369,27.73,2.9,13,0,1,0,0,0
TXN-104370,53.97,10.8,8,0,1,0,0,0
TXN-104371,101.0,7.4,16,0,1,0,0,0
TXN-104372,41.81,2.2,22,0,1,0,0,0
TXN-104373,18.87,7.6,17,0,1,0,0,0
TXN-104374,190.56,0.4,8,0,1,0,0,0
TXN-104375,36.36,10.7,8,0,1,0,0,0
TXN-104376,57.89,0.6,21,1,1,0,0,0
TXN-104377,43.52,3.7,11,0,1,0,0,0
TXN-104378,109.64,9.9,9,0,1,0,0,0
TXN-104379,39.73,2.3,15,0,1,0,0,0
TXN-104380,13.65,0.6,9,0,1,0,0,0
TXN-104381,44.31,1.9,12,0,1,0,0,0
TXN-104382,83.57,0.7,22,0,1,0,0,0
TXN-104383,55.5,0.5,14,0,1,0,0,0
TXN-104384,143.22,3.6,6,0,1,0,0,0
TXN-104385,19.85,2.0,19,0,1,0,0,0
TXN-104386,63.56,4.9,15,0,1,0,0,0
TXN-104387,10.57,1.5,9,0,1,0,0,0
TXN-104388,25.54,7.8,17,0,1,0,0,0
TXN-104389,50.98,3.4,10,0,2,0,1,0
TXN-104390,20.43,2.1,13,0,1,0,0,0
TXN-104391,42.59,8.0,14,0,1,0,0,0
TXN-104392,21.79,11.9,8,0,1,0,0,0
TXN-104393,52.34,0.8,10,0,1,0,0,0
TXN-104394,11.41,7.2,12,0,2,0,0,0
TXN-104395,18.44,8.4,15,0,1,0,0,0
TXN-104396,17.8,30.4,16,0,1,0,0,0
TXN-104397,18.29,0.1,11,0,1,1,0,0
TXN-104398,77.1,11.4,13,0,1,0,0,0
TXN-104399,39.66,31.5,15,0,1,0,0,0
TXN-104400,39.08,4.4,8,0,1,0,0,0
TXN-104401,35.39,4.1,17,0,2,0,0,0
TXN-104402,23.37,0.4,10,0,1,0,0,0
TXN-104403,204.02,0.3,20,0,1,0,0,0
TXN-104404,122.04,2.0,13,0,1,0,0,0
TXN-104405,32.35,1.0,19,0,2,0,0,0
TXN-104406,22.64,10.9,14,0,1,1,0,0
TXN-104407,46.62,2.9,22,0,1,0,0,0
TXN-104408,33.48,8.8,14,0,1,0,0,0
TXN-104409,100.05,4.0,10,0,2,0,0,0
TXN-104410,74.8,139.7,3,1,6,2,1,1
TXN-104411,68.49,1.3,6,0,1,0,0,0
TXN-104412,86.0,5.7,11,0,1,0,1,0
TXN-104413,48.17,2.4,8,0,1,0,0,0
TXN-104414,257.85,4.1,7,0,2,0,0,0
TXN-104415,66.26,6.3,12,0,1,0,0,0
TXN-104416,31.77,4.9,8,0,1,0,0,0
TXN-104417,71.96,1.6,13,0,1,0,0,0
TXN-104418,21.38,5.8,21,0,1,1,0,0
TXN-104419,44.73,13.6,17,0,1,0,0,0
TXN-104420,37.96,7.1,14,1,1,0,0,0
TXN-104421,67.23,0.1,20,0,1,0,0,0
TXN-104422,35.52,7.9,9,0,2,0,0,0
TXN-104423,64.69,7.2,21,0,1,0,0,0
TXN-104424,60.87,1.1,14,0,1,0,0,0
TXN-104425,6462.64,340.4,3,0,3,2,0,1
TXN-104426,71.06,6.5,16,0,1,0,0,0
TXN-104427,285.46,4.2,14,0,2,0,0,0
TXN-104428,114.14,2.2,22,0,1,0,0,0
TXN-104429,142.72,3.7,21,0,1,0,0,0
TXN-104430,15.76,0.4,6,0,1,1,0,0
TXN-104431,9.45,2.3,21,0,1,0,0,0
TXN-104432,37.46,6.3,7,0,1,0,0,0
TXN-104433,42.69,10.2,14,0,1,0,1,0
TXN-104434,225.44,1.7,16,1,1,0,0,0
TXN-104435,16.11,1.8,16,0,1,0,0,0
TXN-104436,41.86,4.4,13,0,1,0,0,0
TXN-104437,57.47,0.5,18,0,1,0,0,0
TXN-104438,22.4,13.0,21,0,1,1,0,0
TXN-104439,167.78,1.6,10,0,1,0,0,0
TXN-104440,22.77,1.6,19,0,2,0,0,0
TXN-104441,89.11,18.4,11,0,1,0,0,0
TXN-104442,141.68,1.2,18,0,1,0,0,0
TXN-104443,35.06,1.9,22,0,1,0,0,0
TXN-104444,48.88,2.6,7,0,1,0,0,0
TXN-104445,19.7,0.0,17,0,1,0,0,0
TXN-104446,9.97,2.4,18,0,1,0,0,0
TXN-104447,22.34,7.0,10,0,1,0,0,0
TXN-104448,76.32,13.1,22,0,2,0,0,0
TXN-104449,12.98,3.3,21,0,1,0,0,0
TXN-104450,69.39,3.1,9,0,1,0,0,0
TXN-104451,37.63,2.0,8,0,1,0,0,0
TXN-104452,35.0,1.3,16,0,1,0,0,0
TXN-104453,106.5,7.9,20,0,2,0,0,0
TXN-104454,161.72,0.7,8,0,1,0,0,0
TXN-104455,5.45,3.2,11,0,1,1,0,0
TXN-104456,45.27,0.1,10,0,1,0,0,0
TXN-104457,50.09,6.5,8,0,1,0,0,0
TXN-104458,38.52,3.3,9,0,1,0,0,0
TXN-104459,49.37,3.3,14,0,1,0,0,0
TXN-104460,94.88,2.2,13,0,1,0,0,0
TXN-104461,27.65,3.0,16,0,1,0,0,0
TXN-104462,45.56,1.4,20,0,1,0,0,0
TXN-104463,88.24,8.8,15,0,1,0,0,0
TXN-104464,51.81,2.7,6,0,2,0,0,0
TXN-104465,20.16,4.7,16,0,1,0,0,0
TXN-104466,70.02,4.2,12,1,1,0,0,0
TXN-104467,61.56,4.7,21,0,1,0,0,0
TXN-104468,80.47,12.8,15,0,1,0,0,0
TXN-104469,77.21,7.8,20,0,1,0,0,0
TXN-104470,50.69,3.5,9,0,1,0,0,0
TXN-104471,8.27,0.6,20,0,1,0,0,0
TXN-104472,78.35,5.8,6,0,1,0,0,0
TXN-104473,4.37,2.6,12,0,1,0,0,0
TXN-104474,28.51,0.0,18,0,1,0,0,0
TXN-104475,171.37,0.1,21,0,1,0,0,0
TXN-104476,62.49,2.3,6,0,1,0,0,0
TXN-104477,33.01,5.4,19,0,1,0,0,0
TXN-104478,22.53,2.1,7,0,2,0,0,0
TXN-104479,65.26,3.3,7,0,1,0,0,0
TXN-104480,74.04,3.5,13,0,1,0,0,0
TXN-104481,54.74,2.5,10,0,2,0,0,0
TXN-104482,48.31,7.2,21,0,1,1,0,0
TXN-104483,53.49,2.6,9,0,1,0,0,0
TXN-104484,50.31,2.5,20,0,2,0,0,0
TXN-104485,113.05,1.1,21,0,1,0,0,0
TXN-104486,29.5,15.9,18,0,1,0,0,0
TXN-104487,54.83,9.6,6,0,1,0,0,0
TXN-104488,5.14,5.9,20,0,1,0,0,0
TXN-104489,63.53,6.1,9,0,1,0,0,0
TXN-104490,61.09,0.8,20,0,1,0,0,0
TXN-104491,43.55,5.0,22,0,2,0,0,0
TXN-104492,22.58,3.9,12,0,1,0,0,0
TXN-104493,24.68,0.9,14,0,1,0,0,0
TXN-104494,54.3,1.2,9,0,1,0,0,0
TXN-104495,50.5,9.4,16,0,2,0,1,0
TXN-104496,24.41,0.5,11,0,1,0,0,0
TXN-104497,30.97,8.0,6,0,1,0,0,0
TXN-104498,55.05,3.9,12,0,2,0,0,0
TXN-104499,77.24,12.9,21,0,1,0,0,0
TXN-104500,115.55,9.9,18,0,1,0,0,0
TXN-104501,29.05,2.3,16,0,2,0,0,0
TXN-104502,14.33,4.5,9,0,1,0,0,0
TXN-104503,137.18,2.9,7,0,1,0,0,0
TXN-104504,45.21,4.5,14,0,1,0,0,0
TXN-104505,71.32,21.5,21,0,1,0,0,0
TXN-104506,14.5,2.6,9,0,1,0,0,0
TXN-104507,29.19,2.5,12,0,1,0,0,0
TXN-104508,74.64,0.4,8,0,1,0,0,0
TXN-104509,116.68,14.5,13,1,1,0,0,0
TXN-104510,96.03,28.6,22,0,2,0,0,0
TXN-104511,142.42,3.2,17,1,1,0,0,0
TXN-104512,63.89,2.3,16,0,1,0,0,0
TXN-104513,97.15,22.9,14,1,2,0,0,0
TXN-104514,28.0,6.6,17,0,1,0,0,0
TXN-104515,41.64,4.7,15,0,1,0,0,0
TXN-104516,50.73,1.3,17,0,2,0,0,0
TXN-104517,29.6,2.7,19,0,1,0,0,0
TXN-104518,30.97,9.6,21,0,1,0,0,0
TXN-104519,19.58,0.7,13,0,1,0,0,0
TXN-104520,80.14,8.9,11,0,1,0,0,0
TXN-104521,177.86,2.0,16,0,1,0,0,0
TXN-104522,31.22,5.7,22,1,2,0,0,0
TXN-104523,123.58,1.1,6,0,1,0,0,0
TXN-104524,49.57,3.8,17,1,1,0,0,0
TXN-104525,101.37,0.9,10,0,1,0,0,0
TXN-104526,75.54,5.6,7,1,1,0,0,0
TXN-104527,29.67,20.2,12,0,1,0,0,0
TXN-104528,49.92,11.2,20,0,1,0,0,0
TXN-104529,120.87,0.2,6,0,1,0,0,0
TXN-104530,38.37,9.5,19,0,1,0,0,0
TXN-104531,81.14,1.1,12,0,1,0,0,0
TXN-104532,19.89,4.3,18,0,1,0,0,0
TXN-104533,256.74,4.5,8,0,1,0,0,0
TXN-104534,27.79,1.3,14,0,1,0,0,0
TXN-104535,23.18,4.1,16,0,1,0,0,0
TXN-104536,25.36,0.6,16,0,2,0,0,0
TXN-104537,27.06,7.2,6,0,1,0,0,0
TXN-104538,49.86,3.6,6,0,1,0,0,0
TXN-104539,90.1,13.8,15,0,1,0,0,0
TXN-104540,28.84,5.6,15,0,1,0,0,0
TXN-104541,107.27,2.0,13,0,1,0,1,0
TXN-104542,42.54,1.4,8,0,1,0,0,0
TXN-104543,33.94,8.3,10,0,2,0,0,0
TXN-104544,113.58,9.3,7,1,1,0,0,0
TXN-104545,60.99,7.0,10,0,1,0,0,0
TXN-104546,15.24,3.6,20,1,1,0,0,0
TXN-104547,63.53,2.4,14,0,1,0,0,0
TXN-104548,75.05,1.6,9,0,1,0,0,0
TXN-104549,103.71,0.5,22,0,1,0,0,0
TXN-104550,27.02,1.2,17,0,1,0,0,0
TXN-104551,18.33,4.1,11,0,1,0,0,0
TXN-104552,82.82,1.0,15,0,1,0,0,0
TXN-104553,26.98,7.5,15,0,1,0,0,0
TXN-104554,33.44,7.5,6,0,1,0,0,0
TXN-104555,27.66,1.8,13,0,1,0,0,0
TXN-104556,77.41,2.6,22,0,1,0,0,0
TXN-104557,131.72,3.6,18,1,1,0,0,0
TXN-104558,61.53,21.0,16,0,1,0,0,0
TXN-104559,89.97,9.9,7,0,1,0,0,0
TXN-104560,28.24,1.3,8,0,1,1,0,0
TXN-104561,947.86,572.3,2,1,5,1,1,1
TXN-104562,34.14,8.8,12,0,1,0,0,0
TXN-104563,131.23,3.5,8,0,1,0,0,0
TXN-104564,75.97,7.0,21,0,1,0,0,0
TXN-104565,35.11,4.1,19,0,1,0,0,0
TXN-104566,13.75,1.7,14,0,1,0,0,0
TXN-104567,22.99,9.1,7,0,1,0,0,0
TXN-104568,27.41,0.4,13,0,2,0,0,0
TXN-104569,78.71,2.8,8,0,1,0,0,0
TXN-104570,38.01,6.5,18,0,1,0,0,0
TXN-104571,379.2,101.2,0,1,4,0,1,1
TXN-104572,85.92,3.2,11,0,1,0,0,0
TXN-104573,19.16,2.4,7,0,2,0,0,0
TXN-104574,148.51,3.7,18,0,1,0,0,0
TXN-104575,31.06,0.2,13,0,1,0,0,0
TXN-104576,211.91,7.3,15,0,2,0,0,0
TXN-104577,129.94,2.5,11,1,2,0,0,0
TXN-104578,24.46,2.7,18,0,1,0,0,0
TXN-104579,32.52,12.0,19,0,2,0,0,0
TXN-104580,939.76,416.6,5,1,6,2,1,1
TXN-104581,32.92,3.7,21,1,1,0,0,0
TXN-104582,40.22,1.8,20,0,1,0,0,0
TXN-104583,16.74,5.5,14,0,1,0,0,0
TXN-104584,30.79,0.1,13,0,1,0,0,0
TXN-104585,59.44,1.0,19,0,1,0,0,0
TXN-104586,46.2,7.1,22,0,1,0,0,0
TXN-104587,61.3,3.3,9,0,1,0,0,0
TXN-104588,47.43,8.6,9,0,1,0,0,0
TXN-104589,38.93,3.9,10,1,1,0,0,0
TXN-104590,79.68,0.9,17,0,1,1,0,0
TXN-104591,14.78,2.2,9,0,1,0,0,0
TXN-104592,246.77,1.6,18,0,1,0,0,0
TXN-104593,12.27,1.6,6,0,1,0,0,0
TXN-104594,48.94,4.5,12,0,1,1,0,0
TXN-104595,21.59,2.5,19,0,1,0,0,0
TXN-104596,37.98,9.7,18,0,1,0,0,0
TXN-104597,328.24,2.9,7,0,1,0,0,0
TXN-104598,70.67,10.4,20,0,1,0,0,0
TXN-104599,64.92,2.7,13,0,1,0,0,0
TXN-104600,26.21,2.7,15,0,1,0,0,0
TXN-104601,31.18,6.6,20,0,1,0,0,0
TXN-104602,20.31,3.1,9,0,1,0,0,0
TXN-104603,18.82,3.8,8,0,1,0,0,0
TXN-104604,35.68,10.1,21,0,1,1,0,0
TXN-104605,72.57,10.0,19,0,1,0,1,0
TXN-104606,21.84,0.5,9,0,1,0,0,0
TXN-104607,115.72,6.0,7,0,2,0,1,0
TXN-104608,24.87,0.4,11,0,1,0,0,0
TXN-104609,141.05,2.2,17,0,1,0,0,0
TXN-104610,157.43,0.7,20,0,1,0,0,0
TXN-104611,42.16,11.3,22,0,1,0,0,0
TXN-104612,45.36,4.9,9,0,1,0,0,0
TXN-104613,33.42,2.9,12,0,1,0,0,0
TXN-104614,34.53,2.9,11,0,1,0,0,0
TXN-104615,36.23,1.6,11,0,1,0,0,0
TXN-104616,29.28,2.6,8,0,1,0,0,0
TXN-104617,79.4,20.4,11,0,1,0,0,0
TXN-104618,50.73,2.1,14,0,1,0,0,0
TXN-104619,229.2,78.1,1,1,4,2,1,1
TXN-104620,27.55,7.9,20,1,1,0,0,0
TXN-104621,18.86,2.1,8,0,1,0,0,0
TXN-104622,39.68,1.5,9,0,1,0,0,0
TXN-104623,82.88,4.6,8,0,1,0,0,0
TXN-104624,44.27,4.5,15,0,1,0,0,0
TXN-104625,202.83,15.1,18,0,2,0,0,0
TXN-104626,63.49,5.5,8,0,1,0,0,0
TXN-104627,113.72,2.0,9,0,1,0,0,0
TXN-104628,75.66,6.1,7,0,1,0,0,0
TXN-104629,123.24,7.1,6,0,1,0,0,0
TXN-104630,16.19,3.1,18,1,1,0,0,0
TXN-104631,85.26,4.0,6,0,1,0,0,0
TXN-104632,84.39,7.2,12,0,1,0,0,0
TXN-104633,45.15,0.6,10,0,1,0,0,0
TXN-104634,23.46,4.4,12,0,1,0,0,0
TXN-104635,22.93,24.0,13,0,2,0,0,0
TXN-104636,59.04,3.6,12,0,1,1,0,0
TXN-104637,244.14,3.7,16,0,1,1,0,0
TXN-104638,49.94,0.7,21,0,1,0,0,0
TXN-104639,9.51,6.3,12,1,1,0,0,0
TXN-104640,22.68,2.3,13,0,1,0,0,0
TXN-104641,785.38,61.7,23,1,3,2,0,1
TXN-104642,43.46,0.9,13,0,1,0,0,0
TXN-104643,35.56,0.3,20,0,1,0,0,0
TXN-104644,129.34,5.0,18,0,1,0,0,0
TXN-104645,58.11,1.2,10,0,1,0,0,0
TXN-104646,77.66,2.4,19,0,1,0,0,0
TXN-104647,37.65,7.6,9,0,2,0,0,0
TXN-104648,52.15,8.4,11,0,1,0,0,0
TXN-104649,169.9,17.8,18,0,1,0,0,0
TXN-104650,20.75,3.9,19,0,1,0,0,0
TXN-104651,77.03,4.0,20,0,2,0,0,0
TXN-104652,10.44,0.9,21,0,1,0,0,0
TXN-104653,37.68,2.5,18,0,1,0,0,0
TXN-104654,22.52,5.9,22,0,1,0,0,0
TXN-104655,186.11,0.4,21,0,1,0,0,0
TXN-104656,39.74,3.1,15,0,1,0,0,0
TXN-104657,37.64,5.1,9,0,1,0,0,0
TXN-104658,169.4,2.2,7,0,1,0,0,0
TXN-104659,230.41,2.6,12,0,1,0,0,0
TXN-104660,15.01,0.4,19,0,1,0,0,0
TXN-104661,25.3,6.6,17,0,1,0,0,0
TXN-104662,66.86,12.4,7,0,1,1,0,0
TXN-104663,54.92,0.2,17,0,1,0,0,0
TXN-104664,26.38,5.6,12,1,2,0,0,0
TXN-104665,51.25,3.2,17,0,1,0,0,0
TXN-104666,57.17,4.6,9,0,1,1,0,0
TXN-104667,128.26,0.8,17,0,1,0,0,0
TXN-104668,39.31,1.0,22,0,1,0,0,0
TXN-104669,96.98,2.3,19,0,1,0,0,0
TXN-104670,18.82,14.1,22,0,1,1,0,0
TXN-104671,7.24,6.4,12,0,1,0,0,0
TXN-104672,148.19,5.1,16,0,2,0,0,0
TXN-104673,29.12,1.7,21,0,1,0,0,0
TXN-104674,37.01,2.1,20,0,1,0,0,0
TXN-104675,21.34,1.6,10,0,1,0,0,0
TXN-104676,80.39,2.8,12,0,1,1,0,0
TXN-104677,54.3,4.0,18,0,1,0,0,0
TXN-104678,34.33,3.5,22,0,1,0,0,0
TXN-104679,33.76,4.3,20,0,1,0,0,0
TXN-104680,13.34,4.2,12,0,1,0,0,0
TXN-104681,29.27,2.2,8,0,1,0,1,0
TXN-104682,26.12,0.9,18,0,1,0,0,0
TXN-104683,141.87,1.6,7,0,2,0,0,0
TXN-104684,28.47,3.5,7,0,1,0,0,0
TXN-104685,35.98,3.4,12,0,1,0,0,0
TXN-104686,48.65,2.5,19,0,1,0,0,0
TXN-104687,110.88,5.7,7,0,1,0,0,0
TXN-104688,38.6,3.9,8,0,1,0,0,0
TXN-104689,20.64,2.5,21,0,1,0,0,0
TXN-104690,90.6,17.8,12,0,1,1,0,0
TXN-104691,47.38,10.6,18,0,1,0,0,0
TXN-104692,121.79,0.9,14,0,2,0,0,0
TXN-104693,21.09,1.1,14,0,1,0,0,0
TXN-104694,36.14,0.3,19,0,2,0,1,0
TXN-104695,48.85,2.6,17,0,1,0,0,0
TXN-104696,34.45,0.7,13,0,1,0,0,0
TXN-104697,140.19,1.6,7,0,1,0,0,0
TXN-104698,18.51,5.7,6,0,1,0,0,0
TXN-104699,22.7,0.6,10,0,2,0,0,0
TXN-104700,13.85,9.8,12,0,2,0,0,0
TXN-104701,41.95,0.5,9,0,2,0,0,0
TXN-104702,55.81,2.3,7,0,1,0,0,0
TXN-104703,10.29,3.5,11,0,1,0,0,0
TXN-104704,36.57,0.6,9,0,1,0,0,0
TXN-104705,115.07,24.7,14,0,1,0,0,0
TXN-104706,195.84,0.6,13,1,1,0,0,0
TXN-104707,127.66,14.2,19,0,1,0,0,0
TXN-104708,106.6,8.6,19,0,1,0,0,0
TXN-104709,80.28,3.9,6,0,1,0,0,0
TXN-104710,231.15,0.0,15,0,1,0,0,0
TXN-104711,41.54,1.9,9,0,1,0,0,0
TXN-104712,64.63,4.7,17,0,2,0,0,0
TXN-104713,121.29,5.7,19,0,1,0,0,0
TXN-104714,152.35,2.8,14,0,1,0,0,0
TXN-104715,18.66,10.5,6,0,1,0,0,0
TXN-104716,88.47,1.8,18,0,1,1,0,0
TXN-104717,34.42,2.9,19,1,1,0,0,0
TXN-104718,65.05,5.1,11,0,2,0,0,0
TXN-104719,50.17,2.1,15,0,1,0,0,0
TXN-104720,67.64,10.7,17,0,1,0,0,0
TXN-104721,30.25,0.2,13,0,1,0,0,0
TXN-104722,5.9,20.1,18,0,1,0,0,0
TXN-104723,225.75,0.6,22,1,1,0,0,0
TXN-104724,29.53,2.0,6,0,1,0,0,0
TXN-104725,77.14,2.3,7,0,1,0,0,0
TXN-104726,49.81,0.1,10,0,1,0,0,0
TXN-104727,30.23,11.3,17,0,1,0,0,0
TXN-104728,159.54,1.5,6,0,1,0,0,0
TXN-104729,47.34,6.2,22,0,2,0,0,0
TXN-104730,67.44,5.0,20,0,2,1,0,0
TXN-104731,56.23,0.7,17,0,1,0,0,0
TXN-104732,7.01,5.1,7,0,1,0,0,0
TXN-104733,158.99,3.7,22,0,1,0,0,0
TXN-104734,33.8,4.2,19,0,2,0,0,0
TXN-104735,18.75,3.1,22,0,2,1,0,0
TXN-104736,33.57,5.1,9,0,2,0,0,0
TXN-104737,23.07,1.2,12,0,1,0,0,0
TXN-104738,97.14,0.3,16,0,1,0,0,0
TXN-104739,42.45,12.7,7,0,1,0,0,0
TXN-104740,38.22,1.1,16,0,1,0,0,0
TXN-104741,12.57,4.0,22,0,1,0,0,0
TXN-104742,36.63,3.5,21,0,1,0,0,0
TXN-104743,140.9,7.1,20,0,1,0,0,0
TXN-104744,18.44,9.3,12,0,1,0,0,0
TXN-104745,27.71,7.4,8,0,2,0,0,0
TXN-104746,26.19,0.6,11,0,1,1,0,0
TXN-104747,102.04,6.3,11,0,1,0,0,0
TXN-104748,96.2,1.9,16,0,1,0,0,0
TXN-104749,13.41,0.7,22,0,1,0,0,0
TXN-104750,69.59,3.9,16,0,2,0,1,0
TXN-104751,70.51,3.0,18,0,1,0,0,0
TXN-104752,68.54,6.1,21,0,1,0,0,0
TXN-104753,329.62,0.6,17,0,1,0,0,0
TXN-104754,18.14,13.2,9,0,1,0,0,0
TXN-104755,33.8,0.4,20,0,2,0,0,0
TXN-104756,151.83,1.9,6,0,1,0,0,0
TXN-104757,34.52,2.2,14,0,1,0,0,0
TXN-104758,46.27,0.8,10,0,1,0,0,0
TXN-104759,42.87,3.3,14,0,1,0,0,0
TXN-104760,19.58,7.4,20,0,1,0,0,0
TXN-104761,26.34,4.8,8,0,1,0,0,0
TXN-104762,24.46,1.7,9,0,1,0,0,0
TXN-104763,18.49,8.8,21,0,1,0,0,0
TXN-104764,59.86,6.5,8,1,2,0,0,0
TXN-104765,136.95,3.3,14,0,2,0,0,0
TXN-104766,31.52,0.6,9,0,1,0,0,0
TXN-104767,157.98,14.3,22,0,1,0,0,0
TXN-104768,104.27,4.5,8,0,1,0,0,0
TXN-104769,44.27,10.6,19,0,1,0,0,0
TXN-104770,41.0,8.5,22,0,1,0,0,0
TXN-104771,225.63,1.0,12,0,1,0,0,0
TXN-104772,14.59,8.4,13,0,1,0,1,0
TXN-104773,222.89,86.4,4,1,5,2,0,1
TXN-104774,42.8,6.1,18,0,1,1,0,0
TXN-104775,80.6,4.1,20,0,1,0,0,0
TXN-104776,10.04,4.0,22,1,1,0,0,0
TXN-104777,17.14,0.1,10,0,2,0,0,0
TXN-104778,21.45,1.0,22,0,2,0,0,0
TXN-104779,72.75,11.5,13,0,1,1,0,0
TXN-104780,82.16,4.4,11,0,1,1,0,0
TXN-104781,51.57,1.0,19,0,1,0,0,0
TXN-104782,15.2,2.5,22,0,1,0,0,0
TXN-104783,72.22,3.7,17,0,1,0,0,0
TXN-104784,15.19,8.9,7,0,1,0,0,0
TXN-104785,99.04,1.2,18,0,1,0,0,0
TXN-104786,29.38,1.1,6,0,1,0,0,0
TXN-104787,38.92,9.9,17,0,1,0,0,0
TXN-104788,262.02,2.1,11,1,2,0,0,0
TXN-104789,259.13,5.0,13,0,1,0,0,0
TXN-104790,21.87,11.9,22,0,1,0,0,0
TXN-104791,77.36,4.2,14,0,1,0,0,0
TXN-104792,42.81,5.6,19,0,1,0,0,0
TXN-104793,44.19,4.4,10,0,1,0,0,0
TXN-104794,39.82,9.2,19,0,1,0,0,0
TXN-104795,35.87,10.1,19,0,2,0,0,0
TXN-104796,42.72,0.1,20,0,2,0,0,0
TXN-104797,26.58,0.7,8,0,1,0,0,0
TXN-104798,12.85,0.9,17,0,1,0,0,0
TXN-104799,173.27,6.5,17,0,1,0,0,0
TXN-104800,297.06,2.6,6,0,2,0,0,0
TXN-104801,128.79,9.8,9,0,1,0,0,0
TXN-104802,23.33,7.3,15,0,1,0,0,0
TXN-104803,17.76,27.1,11,0,1,0,0,0
TXN-104804,39.57,14.2,18,1,1,0,0,0
TXN-104805,16.38,0.3,10,0,1,0,0,0
TXN-104806,78.22,8.2,22,0,1,0,0,0
TXN-104807,35.59,8.4,16,0,1,0,0,0
TXN-104808,74.75,0.5,8,0,1,0,0,0
TXN-104809,52.59,8.4,10,0,1,0,0,0
TXN-104810,18.58,1.4,14,0,1,0,0,0
TXN-104811,133.72,2.3,16,0,1,0,0,0
TXN-104812,75.45,11.1,8,0,1,0,0,0
TXN-104813,21.26,20.0,15,0,1,0,0,0
TXN-104814,393.92,6.4,8,0,1,0,0,0
TXN-104815,34.91,11.0,15,0,1,1,0,0
TXN-104816,88.6,3.2,15,0,1,0,0,0
TXN-104817,23.23,4.3,16,0,1,0,0,0
TXN-104818,33.75,2.2,17,1,1,0,0,0
TXN-104819,43.13,3.7,9,0,1,0,0,0
TXN-104820,204.04,4.2,7,0,1,0,0,0
TXN-104821,74.84,4.3,16,0,1,0,0,0
TXN-104822,206.36,4.7,19,0,2,0,0,0
TXN-104823,67.49,1.1,16,0,1,0,0,0
TXN-104824,15.31,7.0,22,0,1,0,0,0
TXN-104825,63.8,0.8,7,1,1,0,0,0
TXN-104826,141.6,0.9,18,0,1,0,0,0
TXN-104827,97.37,11.0,14,0,1,0,0,0
TXN-104828,51.53,6.5,15,0,1,0,0,0
TXN-104829,82.03,3.9,17,0,1,0,0,0
TXN-104830,16.05,16.4,11,0,1,0,0,0
TXN-104831,60.36,0.4,15,0,1,0,0,0
TXN-104832,17.25,0.4,20,0,1,0,0,0
TXN-104833,90.48,9.1,15,0,1,0,0,0
TXN-104834,20.45,2.3,17,0,1,0,0,0
TXN-104835,43.32,3.0,9,0,1,0,0,0
TXN-104836,88.91,1.6,21,0,1,0,0,0
TXN-104837,46.99,3.2,15,0,1,0,0,0
TXN-104838,43.38,1.2,7,0,1,0,0,0
TXN-104839,5121.4,168.1,1,1,5,1,0,1
TXN-104840,27.02,4.3,21,0,1,0,0,0
TXN-104841,67.39,2.7,13,0,1,0,0,0
TXN-104842,276.07,0.8,15,0,1,0,0,0
TXN-104843,48.79,4.5,12,0,1,0,0,0
TXN-104844,59.22,1.8,9,0,2,0,0,0
TXN-104845,92.67,0.9,16,0,1,0,0,0
TXN-104846,99.96,11.3,10,0,2,0,0,0
TXN-104847,47.5,3.7,19,0,2,0,0,0
TXN-104848,44.52,3.0,17,0,2,0,0,0
TXN-104849,138.21,0.9,20,0,2,0,0,0
TXN-104850,52.83,6.3,12,0,1,0,0,0
TXN-104851,42.68,6.7,8,0,1,0,0,0
TXN-104852,82.03,3.0,16,0,2,0,0,0
TXN-104853,6.11,9.7,17,0,1,0,0,0
TXN-104854,19.2,8.1,16,0,1,1,0,0
TXN-104855,15.32,4.6,22,1,1,0,0,0
TXN-104856,56.73,11.6,8,0,1,0,0,0
TXN-104857,140.03,4.3,19,0,1,0,0,0
TXN-104858,137.22,2.0,18,0,1,0,0,0
TXN-104859,25.04,1.3,7,0,2,0,0,0
TXN-104860,47.77,3.0,13,1,1,0,0,0
TXN-104861,116.15,3.8,12,0,2,0,0,0
TXN-104862,11.24,11.2,8,0,1,0,0,0
TXN-104863,53.16,2.3,16,0,2,0,0,0
TXN-104864,39.33,2.2,19,0,1,0,0,0
TXN-104865,9.0,1.0,20,0,1,0,0,0
TXN-104866,56.79,0.6,22,0,1,0,0,0
TXN-104867,117.88,8.6,16,1,2,0,0,0
TXN-104868,9.34,2.6,22,1,1,0,0,0
TXN-104869,206.69,3.2,19,0,1,0,0,0
TXN-104870,40.52,10.0,15,1,1,0,0,0
TXN-104871,65.68,5.7,12,0,1,0,0,0
TXN-104872,4.21,6.7,10,0,1,0,0,0
TXN-104873,28.71,1.0,20,0,1,0,0,0
TXN-104874,21.34,6.4,20,0,1,0,0,0
TXN-104875,32.87,1.7,20,1,1,0,0,0
TXN-104876,14.28,3.3,12,0,1,0,0,0
TXN-104877,25.38,2.2,8,0,1,0,0,0
TXN-104878,283.25,9.4,10,0,1,0,0,0
TXN-104879,103.85,1.2,16,0,1,0,0,0
TXN-104880,100.02,6.3,20,0,1,0,0,0
TXN-104881,202.5,1.3,9,0,2,0,0,0
TXN-104882,16.25,10.4,17,0,1,0,0,0
TXN-104883,81.97,1.0,21,1,1,0,0,0
TXN-104884,32.15,0.7,15,0,1,0,0,0
TXN-104885,52.12,9.0,11,0,1,0,0,0
TXN-104886,22.0,4.4,11,0,1,0,0,0
TXN-104887,22.71,15.3,14,0,2,0,0,0
TXN-104888,22.62,2.0,11,0,1,0,0,0
TXN-104889,142.89,0.2,19,0,2,0,0,0
TXN-104890,99.99,1.5,15,0,1,0,0,0
TXN-104891,10.42,2.1,16,0,1,0,0,0
TXN-104892,23.39,17.7,20,0,2,0,0,0
TXN-104893,37.07,4.8,18,0,1,0,0,0
TXN-104894,925.8,180.2,4,1,3,1,1,1
TXN-104895,18.17,7.1,22,0,2,0,0,0
TXN-104896,34.03,9.9,21,0,1,0,0,0
TXN-104897,16.43,4.1,9,0,2,0,0,0
TXN-104898,50.38,0.8,11,0,1,0,0,0
TXN-104899,30.37,1.2,15,0,2,0,0,0
TXN-104900,20.39,8.6,13,0,1,0,0,0
TXN-104901,29.3,3.2,6,1,2,1,0,0
TXN-104902,11.76,3.0,9,0,1,0,0,0
TXN-104903,34.61,1.6,7,1,2,0,0,0
TXN-104904,11.09,7.5,17,0,1,0,0,0
TXN-104905,16.36,1.2,16,0,1,0,0,0
TXN-104906,79.18,8.7,14,1,1,0,0,0
TXN-104907,37.61,1.2,6,0,1,0,0,0
TXN-104908,54.11,14.8,16,0,1,0,0,0
TXN-104909,20.66,13.6,16,0,1,1,0,0
TXN-104910,39.2,3.3,17,0,1,0,0,0
TXN-104911,83.78,15.8,16,0,2,0,0,0
TXN-104912,34.39,6.5,18,0,2,1,0,0
TXN-104913,135.8,0.3,14,0,1,0,0,0
TXN-104914,51.78,9.8,17,0,2,0,0,0
TXN-104915,28.86,8.7,8,1,1,0,0,0
TXN-104916,112.19,4.0,21,0,1,0,0,0
TXN-104917,28.07,12.2,12,0,1,0,0,0
TXN-104918,59.61,0.7,11,0,1,0,0,0
TXN-104919,55.34,1.2,12,0,1,0,0,0
TXN-104920,43.25,2.0,15,0,2,0,0,0
TXN-104921,58.1,6.9,8,0,1,0,0,0
TXN-104922,24.04,0.1,19,0,1,0,0,0
TXN-104923,34.59,4.0,17,1,2,0,0,0
TXN-104924,106.32,0.1,11,0,1,0,0,0
TXN-104925,20.06,10.2,16,0,2,0,0,0
TXN-104926,29.27,1.3,20,0,1,0,0,0
TXN-104927,38.77,4.8,8,0,1,1,0,0
TXN-104928,38.81,4.5,7,0,1,0,0,0
TXN-104929,31.71,2.9,19,0,1,0,0,0
TXN-104930,40.15,9.8,9,0,1,0,0,0
TXN-104931,133.55,7.8,13,0,1,0,0,0
TXN-104932,62.73,4.2,10,0,1,0,0,0
TXN-104933,10.55,18.0,17,0,1,0,0,0
TXN-104934,24.58,4.2,7,0,1,0,0,0
TXN-104935,16.33,1.7,16,0,1,0,0,0
TXN-104936,39.32,0.6,22,0,1,0,0,0
TXN-104937,23.14,0.4,19,0,1,0,0,0
TXN-104938,37.34,1.9,15,1,1,0,0,0
TXN-104939,38.46,0.1,16,0,1,0,1,0
TXN-104940,14.59,0.3,20,0,1,0,0,0
TXN-104941,88.31,6.9,9,0,1,0,0,0
TXN-104942,65.38,8.3,16,0,1,0,0,0
TXN-104943,60.78,0.5,13,1,1,0,0,0
TXN-104944,29.34,8.5,13,0,1,0,0,0
TXN-104945,28.55,1.4,19,0,1,0,0,0
TXN-104946,37.34,1.1,22,0,1,0,0,0
TXN-104947,475.16,70.2,1,1,6,0,1,1
TXN-104948,109.94,11.2,21,0,2,0,0,0
TXN-104949,17.24,3.4,9,0,1,0,0,0
TXN-104950,24.07,2.7,17,1,1,0,0,0
TXN-104951,30.35,15.7,20,0,1,0,0,0
TXN-104952,111.28,0.8,12,0,1,0,0,0
TXN-104953,42.99,11.7,17,0,1,0,0,0
TXN-104954,36.96,2.1,22,0,2,0,0,0
TXN-104955,31.09,3.3,17,1,1,0,1,0
TXN-104956,66.63,3.5,22,0,1,0,0,0
TXN-104957,52.99,2.8,20,0,1,0,0,0
TXN-104958,18.47,6.3,18,1,2,0,0,0
TXN-104959,20.93,12.3,17,0,1,0,0,0
TXN-104960,65.76,4.8,14,0,2,1,0,0
TXN-104961,34.74,1.7,16,0,1,0,0,0
TXN-104962,33.51,17.3,17,0,1,0,0,0
TXN-104963,486.27,523.0,4,1,6,0,0,1
TXN-104964,26.71,1.0,20,0,1,0,0,0
TXN-104965,32.91,6.4,15,0,1,0,0,0
TXN-104966,82.98,0.9,18,0,2,0,0,0
TXN-104967,29.27,3.6,16,0,1,0,0,0
TXN-104968,58.33,6.9,13,0,1,0,0,0
TXN-104969,19.7,3.2,20,0,1,0,0,0
TXN-104970,16.05,8.4,8,0,1,0,0,0
TXN-104971,9.74,0.5,13,1,2,0,0,0
TXN-104972,102.56,2.5,15,0,2,0,0,0
TXN-104973,21.13,17.1,12,0,1,0,0,0
TXN-104974,112.52,5.6,20,0,1,0,0,0
TXN-104975,14.0,2.3,22,1,1,0,0,0
TXN-104976,29.33,2.3,22,0,1,0,0,0
TXN-104977,120.99,8.9,20,0,2,0,0,0
TXN-104978,42.39,17.1,21,0,1,0,0,0
TXN-104979,61.38,3.5,18,0,2,0,0,0
TXN-104980,43.84,5.3,12,0,1,1,0,0
TXN-104981,85.96,3.3,8,0,1,0,0,0
TXN-104982,19.21,6.1,8,0,1,0,0,0
TXN-104983,87.33,2.8,15,0,1,0,0,0
TXN-104984,81.13,1.6,17,0,1,0,0,0
TXN-104985,51.0,0.7,22,1,1,0,0,0
TXN-104986,23.49,1.4,13,0,1,0,0,0
TXN-104987,31.72,6.0,7,0,1,0,0,0
TXN-104988,22.84,0.9,17,1,1,0,0,0
TXN-104989,77.42,6.9,6,0,1,0,0,0
TXN-104990,120.44,8.8,15,0,1,0,0,0
TXN-104991,17.4,1.6,15,0,1,0,0,0
TXN-104992,210.85,17.5,11,0,1,0,0,0
TXN-104993,27.24,7.1,13,0,1,0,0,0
TXN-104994,71.95,3.1,17,0,1,0,0,0
TXN-104995,36.69,16.2,15,0,2,0,0,0
TXN-104996,55.55,4.0,14,0,1,0,0,0
TXN-104997,177.41,13.4,15,0,1,0,0,0
TXN-104998,38.49,8.3,22,0,1,0,0,0
TXN-104999,239.05,11.2,16,0,1,0,0,0
TXN-105000,53.15,2.5,9,0,1,0,0,0
TXN-105001,31.62,17.9,7,0,1,0,0,0
TXN-105002,76.52,3.7,8,0,1,1,0,0
TXN-105003,43.1,0.2,13,0,1,0,0,0
TXN-105004,96.65,0.9,18,0,1,0,0,0
TXN-105005,42.02,1.7,18,0,1,0,0,0
TXN-105006,43.44,9.3,13,0,1,0,0,0
TXN-105007,16.53,3.0,11,0,2,0,0,0
TXN-105008,37.07,4.6,18,0,1,0,0,0
TXN-105009,53.27,4.1,16,0,2,0,0,0
TXN-105010,119.29,5.8,19,0,1,0,0,0
TXN-105011,13.01,0.1,19,0,1,0,0,0
TXN-105012,15.41,7.0,12,0,1,0,0,0
TXN-105013,74.62,3.2,22,0,1,0,0,0
TXN-105014,37.26,10.9,17,0,2,0,0,0
TXN-105015,54.71,4.2,19,0,1,0,0,0
TXN-105016,37.96,7.4,7,0,1,0,0,0
TXN-105017,26.77,5.3,10,0,1,0,0,0
TXN-105018,12.47,1.4,14,0,1,0,0,0
TXN-105019,23.63,12.1,16,0,1,0,0,0
TXN-105020,215.25,8.4,6,0,1,0,0,0
TXN-105021,26.75,8.9,8,0,1,0,0,0
TXN-105022,114.0,4.1,20,0,1,0,0,0
TXN-105023,45.95,7.6,18,0,2,0,0,0
TXN-105024,20.0,2.5,8,0,1,0,0,0
TXN-105025,186.77,3.1,19,1,1,0,0,0
TXN-105026,69.84,4.0,18,0,1,0,0,0
TXN-105027,27.23,2.5,21,0,1,0,0,0
TXN-105028,39.33,2.8,17,0,1,0,0,0
TXN-105029,212.44,2.8,15,0,1,0,0,0
TXN-105030,22.76,3.7,15,0,1,0,0,0
TXN-105031,95.44,7.6,18,0,1,0,0,0
TXN-105032,64.49,3.9,17,0,1,0,0,0
TXN-105033,308.0,4.1,10,0,1,0,0,0
TXN-105034,90.09,10.5,17,0,1,0,0,0
TXN-105035,44.62,6.5,7,0,1,0,0,0
TXN-105036,78.18,0.4,20,0,1,0,0,0
TXN-105037,18.99,1.5,21,0,1,0,0,0
TXN-105038,7.18,0.9,8,0,1,0,0,0
TXN-105039,21.85,3.0,14,0,2,0,0,0
TXN-105040,467.93,4.2,18,0,1,0,0,0
TXN-105041,83.07,2.8,7,1,1,0,0,0
TXN-105042,126.14,213.8,4,1,6,0,1,1
TXN-105043,51.75,2.6,16,0,1,0,0,0
TXN-105044,20.22,3.6,12,0,1,0,0,0
TXN-105045,43.91,0.4,10,0,2,0,0,0
TXN-105046,192.64,0.7,6,1,1,0,0,0
TXN-105047,14.75,5.1,10,1,1,0,0,0
TXN-105048,22.45,2.3,7,0,2,0,0,0
TXN-105049,22.23,1.2,17,0,1,0,0,0
TXN-105050,53.69,2.5,20,0,1,0,0,0
TXN-105051,76.17,11.0,16,0,1,0,0,0
TXN-105052,36.42,6.4,12,0,1,0,0,0
TXN-105053,118.66,8.2,6,0,1,0,0,0
TXN-105054,76.96,4.0,16,0,1,0,0,0
TXN-105055,473.09,5.7,20,0,1,0,0,0
TXN-105056,14.91,9.0,17,0,2,0,1,0
TXN-105057,31.94,2.4,6,0,1,0,0,0
TXN-105058,99.61,1.0,10,0,1,0,0,0
TXN-105059,53.9,5.6,14,0,1,0,0,0
TXN-105060,14.72,1.9,22,0,2,0,0,0
TXN-105061,13.12,1.4,21,0,1,1,0,0
TXN-105062,133.15,1.6,11,0,1,0,0,0
TXN-105063,14.59,0.1,17,0,1,0,0,0
TXN-105064,60.45,3.9,19,0,1,1,0,0
TXN-105065,28.9,11.3,6,0,1,0,0,0
TXN-105066,161.46,5.2,13,0,1,0,0,0
TXN-105067,27.41,0.0,9,0,1,0,0,0
TXN-105068,62.63,1.2,16,0,1,0,1,0
TXN-105069,67.82,3.4,20,0,2,0,0,0
TXN-105070,64.72,0.9,16,0,1,0,0,0
TXN-105071,69.04,2.1,12,0,1,0,0,0
TXN-105072,30.75,0.2,8,0,2,0,0,0
TXN-105073,275.32,10.1,15,0,1,0,0,0
TXN-105074,43.34,1.6,9,0,1,0,0,0
TXN-105075,82.59,0.5,9,1,1,0,0,0
TXN-105076,7.64,1.4,18,0,1,0,0,0
TXN-105077,11.63,4.0,19,0,1,0,0,0
TXN-105078,14.52,7.6,7,0,1,0,0,0
TXN-105079,57.35,1.3,6,0,1,0,0,0
TXN-105080,112.99,0.3,9,0,1,0,0,0
TXN-105081,66.78,2.6,6,0,1,0,0,0
TXN-105082,135.32,2.9,15,0,1,1,0,0
TXN-105083,52.08,2.9,19,0,1,0,0,0
TXN-105084,53.6,1.1,18,0,2,0,0,0
TXN-105085,48.42,1.0,15,0,1,0,0,0
TXN-105086,78.74,8.0,19,1,1,0,0,0
TXN-105087,24.14,3.8,12,0,1,0,0,0
TXN-105088,15.54,1.8,16,0,1,0,0,0
TXN-105089,98.33,10.8,14,0,1,1,0,0
TXN-105090,666.57,463.1,5,1,6,1,1,1
TXN-105091,23.13,5.9,10,0,1,0,0,0
TXN-105092,42.36,2.6,10,0,1,0,0,0
TXN-105093,45.93,4.8,15,0,1,0,1,0
TXN-105094,96.18,6.0,15,0,1,0,0,0
TXN-105095,72.69,0.2,21,0,1,0,0,0
TXN-105096,181.0,0.7,20,0,1,0,0,0
TXN-105097,12.87,4.8,17,0,1,0,0,0
TXN-105098,26.52,0.5,22,0,1,0,0,0
TXN-105099,20.34,3.0,21,0,1,0,0,0
TXN-105100,49.41,7.0,12,1,1,0,0,0
TXN-105101,119.58,9.9,21,0,2,0,0,0
TXN-105102,47.73,5.2,9,0,2,0,0,0
TXN-105103,166.36,18.3,9,0,1,0,0,0
TXN-105104,66.69,2.0,12,0,1,0,0,0
TXN-105105,56.09,2.4,20,0,1,0,0,0
TXN-105106,50.86,11.1,11,0,1,0,0,0
TXN-105107,14.03,8.7,13,0,1,0,0,0
TXN-105108,28.54,0.3,7,0,1,0,0,0
TXN-105109,42.57,8.0,20,0,1,0,0,0
TXN-105110,39.61,8.1,9,0,2,0,0,0
TXN-105111,27.1,5.4,15,0,1,0,0,0
TXN-105112,109.01,0.5,12,0,1,0,0,0
TXN-105113,46.96,10.8,16,0,1,0,0,0
TXN-105114,214.41,3.8,10,0,1,0,0,0
TXN-105115,9.38,2.2,21,0,1,0,0,0
TXN-105116,33.45,5.6,19,0,2,0,0,0
TXN-105117,41.12,16.6,8,0,1,0,0,0
TXN-105118,39.81,1.1,12,0,1,0,0,0
TXN-105119,62.34,37.6,22,0,1,0,0,0
TXN-105120,28.58,0.7,12,0,1,0,0,0
TXN-105121,88.55,0.0,10,0,1,0,0,0
TXN-105122,26.85,3.0,9,0,1,0,0,0
TXN-105123,8.42,7.6,7,0,1,0,0,0
TXN-105124,18.16,0.6,14,1,1,0,0,0
TXN-105125,56.14,4.7,8,0,1,0,0,0
TXN-105126,597.48,107.4,1,1,3,2,1,1
TXN-105127,27.6,1.4,16,0,1,0,0,0
TXN-105128,83.62,1.3,7,0,1,0,0,0
TXN-105129,52.44,0.2,10,0,1,0,0,0
TXN-105130,33.38,2.3,13,0,1,0,0,0
TXN-105131,28.66,20.2,16,0,1,0,0,0
TXN-105132,203.94,7.2,22,0,2,0,0,0
TXN-105133,119.0,17.9,15,0,1,0,0,0
TXN-105134,16.45,1.5,20,0,1,0,0,0
TXN-105135,58.8,12.1,12,0,1,0,0,0
TXN-105136,38.4,6.8,19,0,1,0,0,0
TXN-105137,7.99,0.0,13,0,2,0,0,0
TXN-105138,127.5,3.2,9,0,1,0,0,0
TXN-105139,6.43,0.8,8,0,2,0,0,0
TXN-105140,23.3,2.1,10,0,1,0,0,0
TXN-105141,66.48,0.6,22,0,1,0,1,0
TXN-105142,42.4,6.5,11,0,1,0,1,0
TXN-105143,3.91,4.5,19,1,1,0,0,0
TXN-105144,72.77,4.7,14,0,1,0,1,0
TXN-105145,47.88,1.5,15,0,1,0,0,0
TXN-105146,93.26,8.9,15,0,1,0,0,0
TXN-105147,143.26,6.4,10,0,1,0,0,0
TXN-105148,31.72,0.0,17,0,2,1,0,0
TXN-105149,13.77,0.5,10,0,1,0,0,0
TXN-105150,43.04,6.5,15,0,1,0,0,0
TXN-105151,13.43,15.9,13,0,1,1,0,0
TXN-105152,32.68,2.5,21,0,1,0,0,0
TXN-105153,73.48,3.2,10,0,2,0,0,0
TXN-105154,56.07,2.2,22,0,1,0,0,0
TXN-105155,167.41,1.8,8,0,1,0,0,0
TXN-105156,23.34,8.9,21,0,1,0,0,0
TXN-105157,12.59,4.2,9,1,1,0,0,0
TXN-105158,34.47,1.6,22,0,1,0,0,0
TXN-105159,24.45,0.2,12,0,1,1,0,0
TXN-105160,20.64,25.1,12,0,1,0,0,0
TXN-105161,61.12,5.8,18,0,2,0,0,0
TXN-105162,101.86,0.0,13,0,1,0,0,0
TXN-105163,114.57,3.0,19,0,1,0,0,0
TXN-105164,15.3,1.2,22,0,1,0,0,0
TXN-105165,32.64,1.9,14,0,1,0,0,0
TXN-105166,55.97,7.8,12,1,2,0,0,0
TXN-105167,45.67,2.7,18,0,1,0,0,0
TXN-105168,113.14,1.2,6,0,1,0,0,0
TXN-105169,67.8,11.2,11,0,1,0,0,0
TXN-105170,42.12,17.2,18,0,1,0,0,0
TXN-105171,41.85,11.8,13,0,1,0,0,0
TXN-105172,37.21,11.0,21,0,1,0,0,0
TXN-105173,43.56,0.6,18,0,1,0,0,0
TXN-105174,12.59,15.1,15,0,1,0,0,0
TXN-105175,36.7,3.0,21,0,2,0,0,0
TXN-105176,71.57,1.1,16,0,1,0,0,0
TXN-105177,41.91,6.0,19,0,1,0,0,0
TXN-105178,99.13,4.7,12,1,2,0,0,0
TXN-105179,12.35,1.5,10,0,2,0,0,0
TXN-105180,99.18,0.4,11,1,1,0,0,0
TXN-105181,69.3,3.1,15,0,1,0,1,0
TXN-105182,29.7,7.3,19,0,1,0,0,0
TXN-105183,28.77,3.4,19,0,1,0,0,0
TXN-105184,54.31,7.0,16,0,2,0,0,0
TXN-105185,26.4,0.4,7,0,1,0,0,0
TXN-105186,35.74,0.5,8,1,1,0,0,0
TXN-105187,86.64,4.7,12,0,1,0,0,0
TXN-105188,24.42,5.6,16,0,1,0,0,0
TXN-105189,25.29,4.6,11,0,1,0,0,0
TXN-105190,46.19,3.5,19,0,1,0,0,0
TXN-105191,113.37,0.1,20,0,2,0,0,0
TXN-105192,34.0,8.4,13,0,1,0,0,0
TXN-105193,124.16,5.6,20,0,2,0,0,0
TXN-105194,43.6,3.0,17,0,1,0,0,0
TXN-105195,54.32,21.3,6,0,1,0,0,0
TXN-105196,20.37,0.4,16,0,1,0,0,0
TXN-105197,50.47,1.4,20,0,1,0,0,0
TXN-105198,24.89,7.6,17,0,2,0,0,0
TXN-105199,157.46,0.4,10,0,1,0,0,0
TXN-105200,68.36,5.3,6,1,1,0,0,0
TXN-105201,40.55,3.1,16,0,1,0,0,0
TXN-105202,171.04,1.3,8,1,1,0,0,0
TXN-105203,51.48,3.9,11,0,1,0,0,0
TXN-105204,42.57,0.8,20,0,1,0,0,0
TXN-105205,18.84,11.8,11,0,1,0,0,0
TXN-105206,128.33,5.2,9,0,1,0,0,0
TXN-105207,57.75,11.8,8,0,2,0,0,0
TXN-105208,24.34,0.6,13,0,1,0,0,0
TXN-105209,80.78,9.2,13,1,1,0,0,0
TXN-105210,106.82,2.5,12,0,1,0,0,0
TXN-105211,62.47,5.0,8,0,1,0,0,0
TXN-105212,59.41,1.7,7,0,1,0,0,0
TXN-105213,29.96,8.7,18,0,2,0,0,0
TXN-105214,179.25,1.2,12,0,1,0,0,0
TXN-105215,153.28,2.4,17,0,1,0,0,0
TXN-105216,78.47,3.8,20,0,2,0,0,0
TXN-105217,23.33,14.2,16,0,1,0,0,0
TXN-105218,38.21,4.4,10,0,1,0,0,0
TXN-105219,73.56,7.2,19,0,1,0,0,0
TXN-105220,33.58,5.4,7,0,2,0,0,0
TXN-105221,128.61,1.1,20,0,1,0,0,0
TXN-105222,63.17,11.8,14,0,1,0,0,0
TXN-105223,140.48,1.6,8,0,2,0,0,0
TXN-105224,66.23,2.1,18,0,1,1,0,0
TXN-105225,48.31,2.8,16,0,2,0,0,0
TXN-105226,37.5,2.5,9,0,1,0,0,0
TXN-105227,28.63,6.5,13,0,1,0,0,0
TXN-105228,25.15,1.6,9,0,1,0,0,0
TXN-105229,27.73,12.5,22,0,1,0,0,0
TXN-105230,5.43,5.7,6,0,1,0,0,0
TXN-105231,47.81,0.6,10,0,1,0,0,0
TXN-105232,33.82,1.5,16,1,1,0,0,0
TXN-105233,21.09,9.5,20,0,1,1,0,0
TXN-105234,48.98,2.3,22,0,2,0,0,0
TXN-105235,28.0,1.0,22,0,1,0,0,0
TXN-105236,28.5,1.4,7,0,1,0,0,0
TXN-105237,7.74,2.5,16,0,1,0,0,0
TXN-105238,170.5,0.8,20,0,1,0,0,0
TXN-105239,50.83,11.3,8,0,1,0,0,0
TXN-105240,18.37,0.1,9,0,1,0,0,0
TXN-105241,15.69,0.7,10,0,1,0,0,0
TXN-105242,62.76,1.1,10,0,1,0,0,0
TXN-105243,40.15,4.4,8,0,1,0,0,0
TXN-105244,18.04,5.2,21,0,1,0,0,0
TXN-105245,141.04,2.7,16,0,2,0,0,0
TXN-105246,51.9,17.0,20,0,1,0,0,0
TXN-105247,67.06,1.1,6,0,1,0,0,0
TXN-105248,50.14,16.9,14,0,1,1,0,0
TXN-105249,42.07,4.0,8,0,1,0,0,0
TXN-105250,72.25,6.2,21,0,1,0,0,0
TXN-105251,33.62,3.7,8,0,1,0,0,0
TXN-105252,74.51,3.2,6,0,2,0,0,0
TXN-105253,558.16,279.3,0,1,4,2,1,1
TXN-105254,16.83,1.4,21,1,2,0,0,0
TXN-105255,77.81,1.7,18,0,1,0,0,0
TXN-105256,80.78,5.9,14,0,1,0,0,0
TXN-105257,338.3,3.7,18,0,1,0,0,0
TXN-105258,113.78,4.2,19,0,1,0,0,0
TXN-105259,390.83,1.1,19,0,1,0,0,0
TXN-105260,80.21,5.6,8,0,1,0,0,0
TXN-105261,30.94,6.9,6,0,1,0,0,0
TXN-105262,79.21,2.6,21,0,1,0,0,0
TXN-105263,11.05,2.7,22,0,1,0,0,0
TXN-105264,92.97,8.3,21,0,1,0,0,0
TXN-105265,20.89,0.4,13,0,1,0,0,0
TXN-105266,18.37,3.8,21,0,1,0,0,0
TXN-105267,1506.8,421.9,2,1,6,1,0,1
TXN-105268,108.27,9.0,19,0,1,0,0,0
TXN-105269,91.24,15.0,10,0,2,0,0,0
TXN-105270,26.54,1.4,15,0,2,0,0,0
TXN-105271,61.41,8.5,12,0,1,0,0,0
TXN-105272,3630.73,147.4,4,0,5,0,1,1
TXN-105273,78.7,0.3,17,0,1,0,0,0
TXN-105274,128.32,5.9,19,0,1,0,0,0
TXN-105275,48.16,5.3,11,0,1,0,0,0
TXN-105276,64.37,9.0,12,0,2,0,0,0
TXN-105277,55.88,1.1,16,0,2,0,0,0
TXN-105278,18.69,0.2,14,0,1,0,0,0
TXN-105279,10.76,12.5,12,0,1,0,0,0
TXN-105280,127.52,24.1,10,0,1,0,0,0
TXN-105281,30.71,3.5,19,0,1,0,0,0
TXN-105282,54.3,6.2,14,0,1,0,0,0
TXN-105283,145.77,5.6,18,0,1,0,0,0
TXN-105284,24.82,0.5,9,0,1,0,0,0
TXN-105285,26.54,5.7,17,0,1,0,0,0
TXN-105286,35.01,9.6,21,0,1,1,0,0
TXN-105287,42.2,10.2,10,1,1,0,1,0
TXN-105288,84.14,1.4,9,0,2,0,0,0
TXN-105289,5.57,0.0,19,1,1,0,0,0
TXN-105290,59.65,6.7,14,0,1,0,0,0
TXN-105291,43.99,0.0,20,0,1,0,0,0
TXN-105292,106.29,2.9,20,0,1,0,0,0
TXN-105293,64.71,0.7,9,0,1,0,0,0
TXN-105294,30.55,3.3,21,0,1,0,0,0
TXN-105295,122.01,1.5,20,0,1,0,0,0
TXN-105296,23.16,11.4,13,0,1,0,0,0
TXN-105297,44.15,0.1,22,0,1,0,0,0
TXN-105298,38.19,3.6,8,0,2,0,0,0
TXN-105299,12.87,10.2,21,0,1,0,0,0
TXN-105300,47.64,27.6,21,0,1,0,0,0
TXN-105301,51.2,5.9,20,0,1,0,0,0
TXN-105302,106.93,11.0,8,0,1,0,0,0
TXN-105303,13.19,1.1,18,0,1,0,0,0
TXN-105304,91.37,5.0,14,0,1,0,0,0
TXN-105305,29.11,1.6,13,0,2,0,0,0
TXN-105306,24.68,7.4,9,0,1,0,0,0
TXN-105307,109.89,0.8,16,0,2,0,0,0
TXN-105308,86.63,3.0,8,0,1,0,0,0
TXN-105309,34.6,6.9,10,0,1,0,0,0
TXN-105310,27.88,0.6,8,0,2,0,0,0
TXN-105311,24.08,4.7,13,0,1,0,0,0
TXN-105312,62.97,2.8,10,0,1,0,0,0
TXN-105313,24.96,6.5,7,0,2,0,0,0
TXN-105314,406.56,5.9,16,0,1,0,0,0
TXN-105315,40.75,4.4,9,0,1,0,0,0
TXN-105316,7.83,13.0,14,1,1,0,0,0
TXN-105317,66.12,1.2,15,0,1,0,0,0
TXN-105318,57.0,5.4,12,0,1,0,0,0
TXN-105319,20.43,0.5,14,0,1,0,0,0
TXN-105320,114.83,1.4,11,0,1,0,0,0
TXN-105321,187.85,0.7,18,0,1,0,0,0
TXN-105322,47.28,9.8,17,0,1,0,0,0
TXN-105323,42.21,17.5,9,0,1,0,0,0
TXN-105324,59.4,1.2,18,0,1,0,0,0
TXN-105325,36.99,2.9,13,0,1,0,0,0
TXN-105326,42.48,17.3,21,0,1,0,0,0
TXN-105327,61.16,1.8,21,0,1,0,0,0
TXN-105328,28.93,3.0,17,0,1,0,0,0
TXN-105329,23.64,2.9,15,0,1,0,0,0
TXN-105330,21.11,2.2,9,0,2,0,0,0
TXN-105331,20.06,1.1,9,0,1,0,0,0
TXN-105332,178.44,7.7,10,0,2,0,0,0
TXN-105333,40.81,7.6,13,0,1,0,0,0
TXN-105334,36.66,5.6,18,0,1,0,0,0
TXN-105335,177.28,7.0,8,0,1,0,0,0
TXN-105336,28.31,7.2,9,0,2,0,0,0
TXN-105337,72.31,1.9,11,0,1,0,0,0
TXN-105338,62.5,4.0,21,0,1,0,1,0
TXN-105339,28.9,0.3,21,0,1,0,0,0
TXN-105340,23.53,0.1,7,0,1,0,0,0
TXN-105341,56.53,14.1,20,0,1,0,0,0
TXN-105342,12.63,1.3,17,0,1,0,0,0
TXN-105343,58.11,4.1,17,0,2,0,0,0
TXN-105344,17.91,1.2,14,0,1,0,0,0
TXN-105345,14.5,0.5,6,0,1,0,0,0
TXN-105346,132.61,5.1,10,0,1,0,0,0
TXN-105347,50.55,0.9,8,0,1,0,0,0
TXN-105348,94.39,11.3,21,0,1,0,0,0
TXN-105349,101.95,8.3,17,0,1,1,0,0
TXN-105350,19.84,1.2,19,0,1,0,0,0
TXN-105351,61.02,2.7,14,0,1,0,0,0
TXN-105352,170.22,1.8,6,0,1,0,0,0
TXN-105353,24.3,0.6,22,0,2,0,0,0
TXN-105354,123.66,2.4,13,1,1,0,0,0
TXN-105355,29.13,1.2,8,0,1,0,0,0
TXN-105356,50.42,30.9,10,0,1,0,0,0
TXN-105357,78.07,7.1,16,0,1,0,0,0
TXN-105358,22.11,1.0,18,1,2,0,0,0
TXN-105359,17.44,3.2,8,0,1,0,0,0
TXN-105360,22.88,1.8,20,0,1,0,0,0
TXN-105361,17.77,2.7,19,0,1,0,1,0
TXN-105362,25.69,0.5,11,0,1,0,0,0
TXN-105363,40.43,10.9,9,0,1,0,0,0
TXN-105364,59.76,6.0,9,0,2,0,0,0
TXN-105365,12.8,5.9,22,1,1,0,0,0
TXN-105366,17.14,3.6,21,0,1,0,0,0
TXN-105367,60.75,6.1,6,0,1,0,0,0
TXN-105368,68.19,4.4,18,0,1,0,0,0
TXN-105369,9.4,0.7,9,0,1,0,0,0
TXN-105370,67.11,1.0,15,0,1,0,0,0
TXN-105371,63.15,3.2,11,1,2,0,0,0
TXN-105372,16.18,1.5,20,1,1,0,0,0
TXN-105373,142.97,2.2,17,0,1,0,0,0
TXN-105374,52.51,7.8,19,0,2,1,0,0
TXN-105375,27.85,6.8,10,0,1,0,0,0
TXN-105376,62.08,1.9,11,0,1,0,0,0
TXN-105377,78.73,6.6,7,0,1,1,0,0
TXN-105378,77.46,0.8,14,0,1,1,0,0
TXN-105379,31.52,8.3,16,0,1,0,0,0
TXN-105380,67.66,13.5,16,0,1,0,0,0
TXN-105381,32.14,8.0,14,0,1,0,0,0
TXN-105382,1707.63,59.6,2,1,4,1,1,1
TXN-105383,86.1,0.2,10,0,1,0,0,0
TXN-105384,3.4,6.4,7,0,2,0,0,0
TXN-105385,78.85,4.8,10,0,2,0,0,0
TXN-105386,62.83,1.9,16,0,1,1,0,0
TXN-105387,46.36,1.0,21,0,2,0,0,0
TXN-105388,32.28,0.1,16,0,1,0,0,0
TXN-105389,24.41,0.9,22,1,1,0,0,0
TXN-105390,67.75,6.2,13,0,1,0,0,0
TXN-105391,30.43,3.3,20,0,1,0,0,0
TXN-105392,71.75,1.0,6,0,1,0,0,0
TXN-105393,87.16,0.9,10,0,1,0,0,0
TXN-105394,24.57,1.9,18,0,1,0,0,0
TXN-105395,35.85,6.5,17,0,1,0,0,0
TXN-105396,172.66,5.7,16,0,2,0,0,0
TXN-105397,13.85,5.5,6,0,1,0,0,0
TXN-105398,115.6,8.2,19,0,1,0,0,0
TXN-105399,18.89,11.0,9,0,1,0,0,0
TXN-105400,62.15,7.0,8,0,1,0,0,0
TXN-105401,50.37,13.6,22,0,1,1,0,0
TXN-105402,28.65,5.3,12,0,1,0,0,0
TXN-105403,49.45,0.3,16,0,1,0,0,0
TXN-105404,23.04,5.7,12,0,1,0,0,0
TXN-105405,93.45,12.2,6,0,1,0,0,0
TXN-105406,189.82,13.9,21,0,1,0,0,0
TXN-105407,14.11,8.2,14,1,1,0,1,0
TXN-105408,21.08,2.7,11,0,1,0,0,0
TXN-105409,78.78,4.1,19,0,1,0,0,0
TXN-105410,37.31,6.3,20,0,2,0,0,0
TXN-105411,19.7,3.4,9,0,1,0,0,0
TXN-105412,46.52,4.5,9,0,1,0,0,0
TXN-105413,63.92,9.6,6,0,1,1,0,0
TXN-105414,70.55,12.1,18,0,1,0,0,0
TXN-105415,25.95,13.8,14,1,1,0,0,0
TXN-105416,140.2,2.9,15,0,1,0,0,0
TXN-105417,63.1,10.7,15,0,1,0,0,0
TXN-105418,14.71,27.8,13,0,1,0,0,0
TXN-105419,33.27,6.0,13,0,1,0,0,0
TXN-105420,94.52,5.3,12,0,2,0,0,0
TXN-105421,29.57,5.6,6,0,1,0,0,0
TXN-105422,51.03,1.9,9,1,1,1,0,0
TXN-105423,14.56,5.7,7,0,1,0,0,0
TXN-105424,27.85,3.9,17,0,1,0,0,0
TXN-105425,17.42,1.1,21,0,1,1,0,0
TXN-105426,74.28,4.0,22,0,1,0,0,0
TXN-105427,18.58,1.3,11,0,1,0,0,0
TXN-105428,65.64,6.6,22,0,1,0,0,0
TXN-105429,36.41,5.3,11,1,1,0,0,0
TXN-105430,21.03,1.4,9,0,1,0,0,0
TXN-105431,14.8,5.8,11,0,1,0,0,0
TXN-105432,78.42,1.6,15,0,1,0,0,0
TXN-105433,17.43,4.6,19,0,2,0,0,0
TXN-105434,204.58,1.5,9,0,1,1,0,0
TXN-105435,43.25,4.1,9,0,2,0,0,0
TXN-105436,24.86,0.8,14,0,1,0,0,0
TXN-105437,87.08,0.4,12,0,1,0,0,0
TXN-105438,36.45,3.8,20,0,2,0,0,0
TXN-105439,73.17,7.0,18,0,1,0,0,0
TXN-105440,33.36,10.8,15,0,1,0,0,0
TXN-105441,33.57,4.7,14,0,2,0,0,0
TXN-105442,17.38,6.4,16,0,1,0,0,0
TXN-105443,41.32,1.9,7,0,1,0,0,0
TXN-105444,8.52,1.9,21,0,1,0,0,0
TXN-105445,108.06,2.3,16,1,1,0,0,0
TXN-105446,30.37,1.3,14,1,1,0,0,0
TXN-105447,24.82,0.4,8,1,1,0,0,0
TXN-105448,25.13,5.5,8,0,1,0,0,0
TXN-105449,42.53,8.4,11,0,1,0,0,0
TXN-105450,44.57,7.8,18,0,1,0,0,0
TXN-105451,151.17,10.2,7,0,1,0,0,0
TXN-105452,200.52,6.4,13,0,2,0,0,0
TXN-105453,28.94,3.9,17,0,1,0,0,0
TXN-105454,97.6,5.7,15,0,1,0,0,0
TXN-105455,56.51,5.0,12,0,1,1,0,0
TXN-105456,72.08,8.1,20,0,2,0,0,0
TXN-105457,85.25,1.5,16,0,2,0,0,0
TXN-105458,16.68,10.1,21,0,1,0,0,0
TXN-105459,21.32,8.9,22,0,1,0,0,0
TXN-105460,52.72,11.3,13,0,1,0,0,0
TXN-105461,130.51,4.0,11,0,1,0,0,0
TXN-105462,25.24,1.1,21,0,2,0,0,0
TXN-105463,153.13,15.6,14,0,2,0,0,0
TXN-105464,40.37,6.6,16,0,1,0,0,0
TXN-105465,14.55,2.4,14,0,2,0,0,0
TXN-105466,63.94,1.3,19,1,1,0,0,0
TXN-105467,21.07,14.9,16,0,1,0,0,0
TXN-105468,29.65,3.9,10,0,1,0,0,0
TXN-105469,23.23,6.1,21,0,1,0,0,0
TXN-105470,21.58,3.3,13,0,1,0,0,0
TXN-105471,117.98,1.2,9,0,1,0,0,0
TXN-105472,74.62,2.0,14,0,1,0,0,0
TXN-105473,34.6,11.7,7,0,1,0,0,0
TXN-105474,51.27,0.6,8,0,1,0,0,0
TXN-105475,125.1,4.7,21,0,2,0,0,0
TXN-105476,19.3,0.7,16,0,1,0,0,0
TXN-105477,32.22,1.1,11,0,1,0,0,0
TXN-105478,26.84,17.8,10,0,1,0,0,0
TXN-105479,26.27,12.3,8,0,1,0,0,0
TXN-105480,49.57,0.3,16,0,1,0,0,0
TXN-105481,82.36,2.6,8,0,2,0,0,0
TXN-105482,57.48,0.6,14,1,1,0,0,0
TXN-105483,64.47,7.1,9,0,1,0,0,0
TXN-105484,23.75,4.1,21,0,1,0,0,0
TXN-105485,109.27,1.6,8,0,1,0,0,0
TXN-105486,19.5,13.9,17,0,2,0,0,0
TXN-105487,255.4,2.6,19,0,1,0,0,0
TXN-105488,239.51,0.6,13,0,1,0,0,0
TXN-105489,132.22,0.9,17,0,1,0,0,0
TXN-105490,28.41,7.3,14,0,1,0,0,0
TXN-105491,85.57,10.3,11,0,2,0,0,0
TXN-105492,11.28,0.8,21,0,1,0,1,0
TXN-105493,37.28,6.6,6,0,1,0,0,0
TXN-105494,32.78,6.1,13,1,1,0,0,0
TXN-105495,23.41,1.0,9,0,1,0,0,0
TXN-105496,19.16,0.9,16,0,1,1,0,0
TXN-105497,46.04,0.8,6,0,1,0,0,0
TXN-105498,35.97,17.4,17,0,1,0,0,0
TXN-105499,108.11,5.2,17,0,1,0,0,0
TXN-105500,43.67,6.7,14,0,1,0,0,0
TXN-105501,43.25,13.9,9,0,1,0,0,0
TXN-105502,44.19,0.3,21,0,1,0,0,0
TXN-105503,116.49,6.6,9,0,1,1,0,0
TXN-105504,22.32,0.8,15,1,1,0,0,0
TXN-105505,24.44,4.2,22,0,1,0,0,0
TXN-105506,51.8,1.9,15,0,1,0,0,0
TXN-105507,333.37,4.5,13,0,1,0,0,0
TXN-105508,11.33,0.6,21,0,1,0,0,0
TXN-105509,11.58,4.5,18,0,1,0,0,0
TXN-105510,63.8,8.5,19,0,1,0,0,0
TXN-105511,28.19,23.5,10,0,1,0,0,0
TXN-105512,189.51,17.1,21,0,1,0,0,0
TXN-105513,59.6,1.8,14,0,1,0,0,0
TXN-105514,70.01,7.0,16,0,1,0,0,0
TXN-105515,37.43,0.4,19,0,1,0,0,0
TXN-105516,21.97,4.4,6,1,1,0,0,0
TXN-105517,60.44,7.8,16,0,1,0,0,0
TXN-105518,85.46,0.1,16,0,1,0,0,0
TXN-105519,172.44,0.8,8,0,1,0,0,0
TXN-105520,44.58,1.5,20,1,1,0,0,0
TXN-105521,15.2,3.3,14,0,1,0,0,0
TXN-105522,49.42,0.6,12,0,1,0,0,0
TXN-105523,22.17,2.2,9,0,1,0,0,0
TXN-105524,16.7,7.5,14,0,1,0,1,0
TXN-105525,21.37,11.5,13,0,2,0,0,0
TXN-105526,9.24,2.8,18,0,1,0,0,0
TXN-105527,68.3,3.5,11,0,1,0,0,0
TXN-105528,84.36,1.2,7,0,1,0,0,0
TXN-105529,20.29,5.2,12,0,1,0,0,0
TXN-105530,79.36,5.8,12,1,1,0,0,0
TXN-105531,26.59,7.1,22,0,2,0,0,0
TXN-105532,37.74,12.4,15,0,1,0,0,0
TXN-105533,12.96,1.3,11,0,1,0,0,0
TXN-105534,20.69,4.1,7,0,1,0,0,0
TXN-105535,29.93,4.3,15,0,1,0,0,0
TXN-105536,21.08,2.4,9,0,2,0,0,0
TXN-105537,21.99,8.0,6,0,1,0,0,0
TXN-105538,34.22,1.9,17,0,1,0,0,0
TXN-105539,30.96,1.6,15,0,1,0,0,0
TXN-105540,98.41,6.9,22,0,1,0,0,0
TXN-105541,138.03,1.1,19,0,1,0,1,0
TXN-105542,38.45,0.3,22,0,1,0,0,0
TXN-105543,102.72,5.9,16,1,1,0,0,0
TXN-105544,53.21,1.0,17,1,1,0,0,0
TXN-105545,145.01,0.8,12,0,1,0,0,0
TXN-105546,21.3,0.9,21,0,1,0,0,0
TXN-105547,58.57,1.0,7,0,1,0,0,0
TXN-105548,42.02,2.2,9,0,1,0,0,0
TXN-105549,47.6,1.2,10,0,1,0,0,0
TXN-105550,305.74,8.0,10,0,1,0,0,0
TXN-105551,42.13,1.8,16,1,1,0,0,0
TXN-105552,96.91,1.9,14,0,1,0,0,0
TXN-105553,23.09,13.7,6,0,1,0,0,0
TXN-105554,12.12,3.9,13,0,2,0,0,0
TXN-105555,104.1,2.8,17,0,1,0,0,0
TXN-105556,18.46,2.8,16,0,1,0,0,0
TXN-105557,14.67,3.0,9,0,1,0,0,0
TXN-105558,41.39,15.4,16,0,1,0,0,0
TXN-105559,58.56,8.2,12,0,1,0,0,0
TXN-105560,40.82,6.4,20,0,1,0,0,0
TXN-105561,30.85,9.0,13,0,1,0,0,0
TXN-105562,79.45,4.3,11,1,1,0,0,0
TXN-105563,99.23,24.3,19,0,1,0,0,0
TXN-105564,45.93,4.0,10,0,2,0,0,0
TXN-105565,28.74,1.8,16,0,1,0,0,0
TXN-105566,72.96,11.3,15,0,1,0,0,0
TXN-105567,100.06,6.0,12,0,1,0,0,0
TXN-105568,56.25,16.3,7,0,1,0,0,0
TXN-105569,50.42,2.7,16,0,1,0,0,0
TXN-105570,51.47,2.3,10,0,1,0,0,0
TXN-105571,542.84,195.4,23,1,4,0,1,1
TXN-105572,146.25,5.7,21,0,2,0,0,0
TXN-105573,59.32,8.1,8,0,2,0,0,0
TXN-105574,119.48,20.7,19,0,1,0,0,0
TXN-105575,11.89,0.2,17,0,1,0,0,0
TXN-105576,30.95,8.0,10,0,1,0,0,0
TXN-105577,63.4,3.3,14,0,1,0,0,0
TXN-105578,84.64,2.8,16,0,1,0,0,0
TXN-105579,46.9,21.0,20,0,1,0,0,0
TXN-105580,188.32,9.8,6,0,1,0,0,0
TXN-105581,37.41,3.4,6,0,1,0,0,0
TXN-105582,25.45,2.2,6,0,1,0,0,0
TXN-105583,87.38,0.7,6,0,1,0,0,0
TXN-105584,20.57,1.4,21,0,1,0,0,0
TXN-105585,30.27,7.0,6,0,1,0,0,0
TXN-105586,71.03,11.9,16,0,1,0,0,0
TXN-105587,12.72,8.5,12,0,1,0,0,0
TXN-105588,306.09,1.6,16,0,2,0,0,0
TXN-105589,77.4,0.2,7,0,1,0,0,0
TXN-105590,38.39,8.7,18,0,1,0,0,0
TXN-105591,131.15,4.7,14,0,2,0,0,0
TXN-105592,13.46,16.8,17,0,1,0,0,0
TXN-105593,42.76,0.2,22,0,1,0,0,0
TXN-105594,62.46,0.2,6,1,1,1,0,0
TXN-105595,34.04,20.4,10,0,1,0,0,0
TXN-105596,85.99,2.9,10,0,1,0,0,0
TXN-105597,54.31,26.3,17,0,1,0,0,0
TXN-105598,32.87,7.6,19,0,1,0,0,0
TXN-105599,18.94,2.7,8,0,2,0,0,0
TXN-105600,23.98,9.4,8,0,1,0,0,0
TXN-105601,15.36,14.0,19,0,1,0,0,0
TXN-105602,8.4,3.9,20,0,1,0,0,0
TXN-105603,46.57,1.2,10,1,1,0,0,0
TXN-105604,37.38,19.9,22,0,1,0,0,0
TXN-105605,43.41,4.2,6,0,1,1,0,0
TXN-105606,187.95,1.6,13,0,1,0,0,0
TXN-105607,6.37,12.8,14,0,1,0,0,0
TXN-105608,56.9,12.0,14,0,1,0,0,0
TXN-105609,30.78,1.2,17,0,2,0,0,0
TXN-105610,83.74,1.2,16,0,1,0,0,0
TXN-105611,18.33,4.1,15,0,1,0,0,0
TXN-105612,27.53,1.1,21,0,1,1,1,0
TXN-105613,42.84,8.2,15,0,1,0,0,0
TXN-105614,152.47,2.7,7,0,1,0,0,0
TXN-105615,17.35,7.8,14,0,1,0,0,0
TXN-105616,7.08,12.8,21,0,1,0,0,0
TXN-105617,29.38,26.5,22,1,1,0,0,0
TXN-105618,48.79,4.9,12,0,2,0,0,0
TXN-105619,44.11,4.7,12,0,2,0,0,0
TXN-105620,8.45,9.1,18,0,1,0,0,0
TXN-105621,123.95,0.0,7,0,1,0,0,0
TXN-105622,60.73,2.0,10,0,2,0,0,0
TXN-105623,49.55,0.2,21,0,1,0,0,0
TXN-105624,20.55,5.9,14,0,2,0,0,0
TXN-105625,68.87,4.3,17,0,2,0,0,0
TXN-105626,146.29,0.8,18,0,1,0,0,0
TXN-105627,76.3,1.9,14,0,1,0,0,0
TXN-105628,26.3,6.4,19,0,1,0,0,0
TXN-105629,20.63,0.4,7,0,1,0,0,0
TXN-105630,18.04,6.6,10,0,1,0,0,0
TXN-105631,20.49,7.8,9,0,1,1,1,0
TXN-105632,84.77,0.4,9,0,1,0,0,0
TXN-105633,43.84,4.9,19,0,2,0,0,0
TXN-105634,233.77,11.0,11,0,1,0,0,0
TXN-105635,48.53,1.7,8,0,1,0,0,0
TXN-105636,43.39,2.2,13,0,1,0,0,0
TXN-105637,20.03,4.3,22,0,2,0,0,0
TXN-105638,39.63,0.5,22,0,1,0,0,0
TXN-105639,22.86,1.3,20,0,2,1,0,0
TXN-105640,32.14,1.8,21,0,1,0,0,0
TXN-105641,76.46,3.0,11,0,1,0,0,0
TXN-105642,28.78,3.5,20,0,2,0,0,0
TXN-105643,53.33,9.4,18,0,1,0,0,0
TXN-105644,47.4,0.8,8,0,2,0,1,0
TXN-105645,64.81,6.8,21,0,1,0,0,0
TXN-105646,133.28,4.7,21,0,1,0,0,0
TXN-105647,45.94,1.3,14,0,2,0,0,0
TXN-105648,83.9,19.2,15,0,1,0,0,0
TXN-105649,52.24,3.9,8,0,1,0,0,0
TXN-105650,95.99,2.6,14,0,1,0,0,0
TXN-105651,10.25,3.0,8,0,1,0,0,0
TXN-105652,38.08,5.4,19,0,1,0,0,0
TXN-105653,163.0,4.0,8,0,2,0,0,0
TXN-105654,45.21,9.0,20,0,2,0,0,0
TXN-105655,66.04,8.1,11,0,1,0,0,0
TXN-105656,38.72,11.6,15,0,1,0,0,0
TXN-105657,42.21,5.6,21,0,2,0,0,0
TXN-105658,222.49,0.5,19,0,1,1,0,0
TXN-105659,34.42,1.3,16,0,1,0,0,0
TXN-105660,30.83,0.0,17,0,1,0,0,0
TXN-105661,46.14,5.0,12,0,1,0,0,0
TXN-105662,58.17,9.9,7,0,1,0,0,0
TXN-105663,85.32,7.6,17,0,2,0,0,0
TXN-105664,41.07,1.4,7,0,1,0,0,0
TXN-105665,44.62,3.5,8,0,2,0,0,0
TXN-105666,13.83,11.9,18,0,1,1,1,0
TXN-105667,74.98,13.7,15,0,1,0,0,0
TXN-105668,10.86,3.4,15,0,1,0,0,0
TXN-105669,29.42,0.7,22,0,2,0,0,0
TXN-105670,2.34,3.6,17,0,1,0,0,0
TXN-105671,62.19,3.4,18,1,1,0,0,0
TXN-105672,44.85,8.6,19,0,1,0,0,0
TXN-105673,50.14,7.5,14,0,1,0,0,0
TXN-105674,32.78,0.9,13,0,1,0,0,0
TXN-105675,14.23,1.7,7,0,1,0,0,0
TXN-105676,39.44,5.4,21,1,1,0,0,0
TXN-105677,93.62,13.2,9,1,2,0,0,0
TXN-105678,197.58,1.0,7,0,1,1,0,0
TXN-105679,73.45,3.2,9,0,1,0,0,0
TXN-105680,416.34,165.6,0,0,5,1,0,1
TXN-105681,38.28,0.9,9,0,1,0,0,0
TXN-105682,45.27,4.1,16,0,1,0,0,0
TXN-105683,48.71,8.4,19,0,1,0,0,0
TXN-105684,52.36,10.3,6,0,1,0,0,0
TXN-105685,27.73,1.9,7,0,1,0,0,0
TXN-105686,177.64,0.5,6,0,2,0,0,0
TXN-105687,67.55,0.2,11,0,1,0,0,0
TXN-105688,42.62,9.0,17,0,1,0,0,0
TXN-105689,18.36,0.7,13,0,1,0,0,0
TXN-105690,73.65,0.9,6,1,1,0,0,0
TXN-105691,20.12,2.0,16,0,1,0,0,0
TXN-105692,89.71,9.0,18,0,1,0,0,0
TXN-105693,134.06,1.5,20,0,2,0,0,0
TXN-105694,127.6,5.3,13,0,1,0,0,0
TXN-105695,140.82,0.8,7,1,1,0,0,0
TXN-105696,85.68,17.9,7,0,1,0,0,0
TXN-105697,19.23,0.8,17,0,1,0,0,0
TXN-105698,45.84,7.2,17,0,1,0,0,0
TXN-105699,281.21,0.9,20,0,1,1,0,0
TXN-105700,424.84,6.4,16,0,1,0,0,0
TXN-105701,6.98,8.2,9,1,1,0,0,0
TXN-105702,68.36,9.8,19,0,1,1,0,0
TXN-105703,278.95,0.9,11,0,1,0,0,0
TXN-105704,99.63,1.7,13,0,1,0,0,0
TXN-105705,24.42,0.8,16,0,1,0,0,0
TXN-105706,46.32,0.0,18,0,1,0,0,0
TXN-105707,19.96,9.4,20,1,1,0,0,0
TXN-105708,63.56,0.3,10,0,2,0,0,0
TXN-105709,119.36,14.4,10,0,2,0,0,0
TXN-105710,95.82,3.8,6,0,1,0,0,0
TXN-105711,41.32,13.9,7,0,1,0,0,0
TXN-105712,34.55,2.5,18,0,1,0,0,0
TXN-105713,22.14,0.4,9,0,1,0,0,0
TXN-105714,22.71,6.0,21,0,2,0,0,0
TXN-105715,37.15,2.5,6,0,1,0,0,0
TXN-105716,14.0,0.4,12,0,1,0,0,0
TXN-105717,86.16,7.7,17,0,1,0,0,0
TXN-105718,129.35,3.4,12,0,1,0,0,0
TXN-105719,39.42,10.6,12,0,1,0,0,0
TXN-105720,33.53,0.5,10,0,1,0,0,0
TXN-105721,50.62,7.4,15,0,1,0,0,0
TXN-105722,39.05,1.8,14,0,1,0,0,0
TXN-105723,34.94,1.3,7,0,1,0,1,0
TXN-105724,18.58,4.8,13,0,1,0,0,0
TXN-105725,43.53,8.6,8,0,1,0,0,0
TXN-105726,4674.38,252.9,4,1,4,0,0,1
TXN-105727,111.66,8.9,13,0,1,0,0,0
TXN-105728,40.05,1.6,21,0,1,0,0,0
TXN-105729,6.6,1.8,21,0,1,0,0,0
TXN-105730,5.47,1.1,6,0,2,0,0,0
TXN-105731,107.09,0.1,12,0,1,0,0,0
TXN-105732,100.31,0.9,20,0,1,1,0,0
TXN-105733,41.65,1.1,10,1,2,0,0,0
TXN-105734,18.56,8.5,13,0,1,0,0,0
TXN-105735,2507.03,67.7,5,1,4,1,0,1
TXN-105736,124.31,0.3,19,0,1,0,0,0
TXN-105737,77.11,0.2,18,0,1,0,0,0
TXN-105738,34.2,8.4,9,0,1,0,0,0
TXN-105739,152.56,9.0,14,0,1,0,0,0
TXN-105740,52.02,2.2,12,0,1,1,0,0
TXN-105741,66.51,0.1,14,0,1,0,0,0
TXN-105742,36.98,2.0,21,0,2,0,0,0
TXN-105743,25.13,4.0,16,0,1,0,0,0
TXN-105744,67.49,3.4,22,0,1,0,0,0
TXN-105745,48.32,1.6,22,0,2,0,0,0
TXN-105746,48.41,1.3,10,0,2,0,0,0
TXN-105747,25.34,1.4,18,1,1,0,0,0
TXN-105748,125.35,3.6,18,0,1,0,0,0
TXN-105749,19.77,7.2,21,0,1,0,0,0
TXN-105750,19.45,6.7,8,1,1,0,0,0
TXN-105751,59.97,2.2,12,0,1,0,1,0
TXN-105752,106.57,6.5,18,0,1,0,0,0
TXN-105753,154.35,3.6,17,0,1,0,0,0
TXN-105754,58.7,0.6,8,0,1,0,0,0
TXN-105755,12.92,9.3,10,1,1,0,0,0
TXN-105756,152.31,6.7,14,0,1,0,0,0
TXN-105757,12.16,1.6,14,0,2,0,0,0
TXN-105758,61.35,1.1,11,0,1,0,0,0
TXN-105759,30.48,7.5,11,1,1,0,0,0
TXN-105760,76.18,8.2,16,0,1,0,0,0
TXN-105761,16.79,1.1,18,0,1,0,0,0
TXN-105762,5145.71,171.8,3,1,6,0,0,1
TXN-105763,57.49,2.0,20,0,2,0,0,0
TXN-105764,35.94,1.3,22,0,2,0,0,0
TXN-105765,94.23,15.9,20,0,2,0,0,0
TXN-105766,630.85,181.1,23,0,5,2,0,1
TXN-105767,8.5,14.7,21,0,1,0,0,0
TXN-105768,10.2,11.7,10,0,1,0,0,0
TXN-105769,48.22,0.2,15,0,1,0,0,0
TXN-105770,12.75,7.0,13,0,1,0,1,0
TXN-105771,89.32,2.4,13,0,1,0,0,0
TXN-105772,52.91,2.2,13,0,1,0,0,0
TXN-105773,34.68,15.0,8,0,1,0,0,0
TXN-105774,204.36,0.4,18,0,1,0,0,0
TXN-105775,36.81,1.0,9,0,1,0,0,0
TXN-105776,54.33,6.2,18,0,1,1,0,0
TXN-105777,99.05,4.7,14,0,1,0,0,0
TXN-105778,21.29,5.0,7,0,1,0,0,0
TXN-105779,20.12,0.1,18,0,1,0,0,0
TXN-105780,39.02,1.7,15,0,1,0,0,0
TXN-105781,66.67,0.3,7,0,1,0,0,0
TXN-105782,75.11,9.0,8,0,1,0,0,0
TXN-105783,86.27,8.5,22,0,1,0,0,0
TXN-105784,66.93,10.3,19,0,1,0,0,0
TXN-105785,22.71,0.9,19,0,2,0,1,0
TXN-105786,8.17,0.4,6,0,1,0,0,0
TXN-105787,66.85,13.4,6,1,1,0,0,0
TXN-105788,165.88,2.7,11,0,1,0,0,0
TXN-105789,25.94,0.1,16,0,1,0,0,0
TXN-105790,23.64,7.3,9,1,1,1,0,0
TXN-105791,45.45,3.1,13,1,2,1,0,0
TXN-105792,12.72,2.3,20,0,1,0,0,0
TXN-105793,20.44,5.7,18,0,1,0,0,0
TXN-105794,81.51,2.9,22,0,1,1,0,0
TXN-105795,104.05,8.1,16,0,1,0,0,0
TXN-105796,237.64,0.7,20,0,1,0,0,0
TXN-105797,71.48,0.2,10,0,1,1,0,0
TXN-105798,10.33,0.8,10,0,1,0,0,0
TXN-105799,37.44,19.7,22,0,1,0,0,0
TXN-105800,47.62,12.2,11,0,1,0,0,0
TXN-105801,52.25,2.1,15,0,1,1,0,0
TXN-105802,40.4,7.2,16,0,1,0,0,0
TXN-105803,63.2,7.5,10,0,1,0,0,0
TXN-105804,76.58,1.6,20,0,1,1,0,0
TXN-105805,12.29,1.9,18,0,1,0,0,0
TXN-105806,61.23,13.3,14,0,2,0,0,0
TXN-105807,19.75,1.6,20,0,1,0,0,0
TXN-105808,18.11,3.7,20,0,2,0,0,0
TXN-105809,43.84,1.1,22,0,1,0,0,0
TXN-105810,28.09,5.2,6,0,1,0,0,0
TXN-105811,33.1,2.9,15,0,1,0,0,0
TXN-105812,7.62,0.7,12,0,1,0,0,0
TXN-105813,81.8,3.2,12,0,1,0,0,0
TXN-105814,77.64,13.0,9,0,1,0,0,0
TXN-105815,75.49,23.3,6,1,1,0,1,0
TXN-105816,17.76,0.7,13,0,2,0,0,0
TXN-105817,15.55,13.2,21,0,1,0,0,0
TXN-105818,65.97,10.4,20,0,1,0,0,0
TXN-105819,46.72,1.5,10,0,1,0,1,0
TXN-105820,19.83,1.8,18,0,2,0,0,0
TXN-105821,24.68,0.5,20,0,1,0,0,0
TXN-105822,78.95,5.2,8,0,1,0,1,0
TXN-105823,55.19,0.6,6,0,1,0,0,0
TXN-105824,13.47,3.8,8,0,1,0,0,0
TXN-105825,42.69,14.5,7,0,1,0,0,0
TXN-105826,33.47,1.4,9,0,1,0,0,0
TXN-105827,65.24,0.2,20,0,1,0,0,0
TXN-105828,14.9,3.9,9,0,1,0,0,0
TXN-105829,45.17,8.8,16,0,1,1,0,0
TXN-105830,54.81,3.9,20,0,1,1,0,0
TXN-105831,17.53,13.5,15,1,1,0,0,0
TXN-105832,114.75,3.1,16,0,1,0,0,0
TXN-105833,35.67,1.5,14,0,1,0,0,0
TXN-105834,18.39,9.8,10,0,1,0,1,0
TXN-105835,104.71,5.7,19,0,1,0,0,0
TXN-105836,99.19,9.5,6,0,1,0,0,0
TXN-105837,22.27,2.0,21,0,1,0,0,0
TXN-105838,28.75,3.5,21,0,2,0,0,0
TXN-105839,22.04,0.3,13,0,1,0,0,0
TXN-105840,20.08,0.1,15,0,2,0,0,0
TXN-105841,38.93,9.2,7,0,2,0,0,0
TXN-105842,73.9,7.7,20,0,1,0,0,0
TXN-105843,88.05,12.1,21,1,1,1,0,0
TXN-105844,109.22,1.3,16,0,1,0,0,0
TXN-105845,65.44,25.1,16,0,1,0,0,0
TXN-105846,33.88,0.7,22,0,1,0,0,0
TXN-105847,45.45,2.4,7,0,1,0,0,0
TXN-105848,26.19,2.5,18,0,1,0,1,0
TXN-105849,1210.03,370.8,23,1,4,0,1,1
TXN-105850,13.13,1.3,21,0,1,0,0,0
TXN-105851,75.95,12.7,21,0,1,0,0,0
TXN-105852,106.81,3.1,9,0,1,0,0,0
TXN-105853,52.81,9.2,6,0,1,0,0,0
TXN-105854,80.06,1.7,15,0,1,0,0,0
TXN-105855,163.64,169.5,0,1,4,3,0,1
TXN-105856,18.22,9.4,14,0,2,0,0,0
TXN-105857,20.25,11.8,18,0,1,0,0,0
TXN-105858,23.99,1.5,18,0,1,1,0,0
TXN-105859,19.11,8.3,7,0,2,0,0,0
TXN-105860,15.81,1.1,14,0,1,0,0,0
TXN-105861,61.33,7.0,21,0,1,0,0,0
TXN-105862,144.39,10.4,20,0,1,0,0,0
TXN-105863,162.0,4.1,16,1,1,0,0,0
TXN-105864,41.58,10.8,22,0,2,0,0,0
TXN-105865,64.08,5.3,14,0,1,0,0,0
TXN-105866,48.34,2.9,9,0,2,0,0,0
TXN-105867,60.7,14.7,15,0,1,0,0,0
TXN-105868,180.49,8.8,16,0,1,0,0,0
TXN-105869,7.51,2.3,12,0,1,0,0,0
TXN-105870,8.67,1.1,18,0,2,0,0,0
TXN-105871,31.36,2.1,10,0,1,0,0,0
TXN-105872,63.14,6.0,18,0,1,0,0,0
TXN-105873,18.25,2.2,21,0,1,0,0,0
TXN-105874,154.53,0.8,7,0,1,0,0,0
TXN-105875,20.63,0.8,12,0,2,0,0,0
TXN-105876,162.0,136.0,1,1,5,3,1,1
TXN-105877,27.51,7.9,20,0,1,0,0,0
TXN-105878,35.54,1.5,16,0,1,0,0,0
TXN-105879,82.89,0.5,7,0,1,0,0,0
TXN-105880,18.96,2.1,10,0,1,0,0,0
TXN-105881,65.35,14.3,17,0,1,0,0,0
TXN-105882,73.69,4.3,6,0,1,0,0,0
TXN-105883,62.91,0.3,8,0,1,0,0,0
TXN-105884,181.6,6.0,6,0,1,0,0,0
TXN-105885,86.86,3.0,7,0,2,0,0,0
TXN-105886,23.93,1.4,15,0,1,0,0,0
TXN-105887,34.64,5.8,6,0,1,0,0,0
TXN-105888,35.49,3.5,22,0,1,0,0,0
TXN-105889,37.62,0.1,12,0,1,0,0,0
TXN-105890,61.2,10.2,16,0,1,0,0,0
TXN-105891,63.06,1.9,12,0,1,1,0,0
TXN-105892,88.11,1.2,7,0,1,0,0,0
TXN-105893,37.68,11.0,14,0,1,0,0,0
TXN-105894,9.4,16.3,17,0,1,0,0,0
TXN-105895,77.14,8.0,10,0,1,0,0,0
TXN-105896,24.19,4.7,7,0,1,0,0,0
TXN-105897,139.27,2.8,16,0,1,0,0,0
TXN-105898,97.54,0.9,19,0,1,0,1,0
TXN-105899,70.58,4.6,6,0,1,0,0,0
TXN-105900,46.9,0.5,11,0,1,0,0,0
TXN-105901,19.51,9.2,19,0,1,0,0,0
TXN-105902,33.92,3.4,18,1,2,0,0,0
TXN-105903,75.76,3.7,20,0,1,0,0,0
TXN-105904,49.96,6.7,10,0,1,0,0,0
TXN-105905,115.07,2.6,8,0,1,0,0,0
TXN-105906,430.37,103.2,4,1,5,2,1,1
TXN-105907,24.9,5.6,19,0,1,0,0,0
TXN-105908,62.37,0.1,7,1,1,1,0,0
TXN-105909,38.28,2.4,22,0,1,0,0,0
TXN-105910,78.47,21.5,17,0,2,0,0,0
TXN-105911,427.85,53.9,1,1,3,2,1,1
TXN-105912,134.23,4.9,17,1,2,0,0,0
TXN-105913,43.3,5.2,11,0,1,0,0,0
TXN-105914,33.98,7.5,8,0,1,0,0,0
TXN-105915,17.9,2.5,13,0,1,0,0,0
TXN-105916,14.32,0.6,20,0,1,0,0,0
TXN-105917,71.54,1.4,18,0,1,0,1,0
TXN-105918,62.83,1.2,14,0,1,0,0,0
TXN-105919,133.76,5.1,18,0,2,0,0,0
TXN-105920,26.5,4.7,14,0,2,0,0,0
TXN-105921,29.17,7.4,10,0,1,0,0,0
TXN-105922,24.27,3.0,20,0,1,0,0,0
TXN-105923,52.48,1.6,21,0,1,0,0,0
TXN-105924,196.73,2.9,13,0,1,0,0,0
TXN-105925,42.71,2.4,16,0,1,0,0,0
TXN-105926,77.51,5.2,15,0,1,1,0,0
TXN-105927,45.76,9.6,16,0,1,0,0,0
TXN-105928,1026.54,53.6,23,0,4,3,0,1
TXN-105929,14.51,1.4,12,0,1,0,0,0
TXN-105930,47.91,9.2,10,0,1,0,0,0
TXN-105931,37.05,1.4,21,0,1,0,0,0
TXN-105932,71.46,6.5,21,0,1,0,0,0
TXN-105933,161.91,0.3,10,0,1,0,0,0
TXN-105934,135.06,0.6,20,0,1,0,0,0
TXN-105935,94.49,4.0,21,0,1,0,0,0
TXN-105936,88.41,0.4,12,0,1,0,0,0
TXN-105937,10.04,0.1,19,0,1,0,0,0
TXN-105938,34.56,3.8,18,0,1,0,0,0
TXN-105939,20.38,0.1,19,0,1,0,0,0
TXN-105940,39.52,5.3,22,0,1,0,0,0
TXN-105941,17.72,10.2,21,0,1,0,0,0
TXN-105942,175.65,33.4,20,0,1,0,0,0
TXN-105943,33.16,0.8,7,0,1,0,0,0
TXN-105944,57.36,16.9,15,0,1,0,0,0
TXN-105945,46.61,0.3,10,0,1,0,0,0
TXN-105946,66.74,11.9,13,0,1,0,1,0
TXN-105947,16.28,2.4,16,0,1,0,0,0
TXN-105948,32.62,0.8,22,0,1,0,0,0
TXN-105949,117.11,0.0,22,0,1,0,0,0
TXN-105950,95.49,6.7,9,1,1,0,0,0
TXN-105951,89.66,1.6,9,0,1,0,0,0
TXN-105952,114.9,0.8,8,0,1,0,0,0
TXN-105953,99.33,2.5,22,0,1,0,0,0
TXN-105954,27.07,3.0,18,0,1,0,0,0
TXN-105955,66.22,2.8,6,0,1,0,0,0
TXN-105956,41.84,3.6,19,0,1,0,0,0
TXN-105957,36.49,1.2,10,0,1,0,0,0
TXN-105958,82.04,3.1,9,0,1,0,0,0
TXN-105959,116.48,3.4,17,0,1,0,0,0
TXN-105960,81.77,0.8,11,0,1,0,0,0
TXN-105961,13.43,0.2,20,0,1,0,0,0
TXN-105962,54.87,0.2,10,0,1,0,0,0
TXN-105963,133.42,3.9,9,0,1,0,0,0
TXN-105964,16.21,7.7,9,0,1,0,0,0
TXN-105965,52.21,0.9,21,0,1,0,0,0
TXN-105966,111.61,4.5,7,1,1,0,0,0
TXN-105967,18.24,5.1,12,1,1,0,0,0
TXN-105968,19.03,8.6,8,1,1,0,0,0
TXN-105969,79.84,6.0,19,0,1,0,0,0
TXN-105970,25.92,0.4,6,0,1,0,0,0
TXN-105971,33.38,8.9,13,0,1,0,0,0
TXN-105972,27.29,2.2,9,0,2,0,0,0
TXN-105973,33.34,6.9,18,1,1,0,0,0
TXN-105974,79.89,2.8,7,0,1,0,0,0
TXN-105975,370.73,10.6,12,0,1,0,0,0
TXN-105976,598.53,5.4,19,0,1,0,0,0
TXN-105977,25.44,0.5,14,0,2,0,0,0
TXN-105978,37.32,6.4,6,0,1,0,0,0
TXN-105979,19.66,3.2,15,0,1,0,0,0
TXN-105980,106.23,9.9,18,0,1,0,0,0
TXN-105981,73.53,0.4,19,0,1,0,0,0
TXN-105982,13.09,3.0,12,0,1,0,0,0
TXN-105983,91.73,11.9,9,0,2,0,0,0
TXN-105984,41.93,7.8,12,0,1,0,0,0
TXN-105985,7.39,7.7,22,0,1,0,0,0
TXN-105986,47.25,8.3,14,0,2,0,0,0
TXN-105987,81.1,2.3,9,1,1,0,0,0
TXN-105988,43.37,5.9,18,0,1,0,1,0
TXN-105989,89.77,0.4,10,0,1,0,0,0
TXN-105990,3526.23,255.6,4,0,4,3,1,1
TXN-105991,22.74,0.7,17,0,1,0,0,0
TXN-105992,145.2,3.7,6,0,1,0,0,0
TXN-105993,36.86,3.7,15,0,1,0,0,0
TXN-105994,115.51,7.1,11,0,1,0,0,0
TXN-105995,32.63,14.0,12,0,1,0,0,0
TXN-105996,49.64,2.6,22,0,1,0,0,0
TXN-105997,78.53,0.6,6,0,1,0,0,0
TXN-105998,29.23,3.0,14,0,1,1,0,0
TXN-105999,56.24,2.9,18,0,1,0,0,0
TXN-106000,32.11,3.4,18,0,1,0,0,0
TXN-106001,58.41,1.6,6,0,1,0,0,0
TXN-106002,15.84,2.8,9,0,1,0,0,0
TXN-106003,42.36,8.2,13,0,1,0,0,0
TXN-106004,280.79,291.9,23,0,3,3,1,1
TXN-106005,33.92,3.4,6,0,1,0,0,0
TXN-106006,16.0,11.0,13,0,1,0,0,0
TXN-106007,30.26,6.3,15,0,1,0,0,0
TXN-106008,27.9,27.4,18,0,1,0,0,0
TXN-106009,62.54,5.1,13,0,1,0,0,0
TXN-106010,195.8,1.9,16,0,2,0,0,0
TXN-106011,41.6,2.4,18,0,1,0,0,0
TXN-106012,297.5,1.0,21,0,1,0,0,0
TXN-106013,23.84,5.7,16,0,1,1,0,0
TXN-106014,24.52,1.0,16,0,1,0,0,0
TXN-106015,37.07,0.4,6,0,1,0,0,0
TXN-106016,33.28,2.5,16,1,1,0,0,0
TXN-106017,79.62,10.3,12,0,1,0,0,0
TXN-106018,25.38,11.8,8,0,1,0,0,0
TXN-106019,21.44,7.6,16,0,1,0,0,0
TXN-106020,59.88,0.1,22,0,1,0,0,0
TXN-106021,23.74,9.7,12,0,1,0,0,0
TXN-106022,12.42,13.3,22,0,1,0,0,0
TXN-106023,186.39,1.6,15,0,1,0,0,0
TXN-106024,17.79,7.0,8,0,1,0,0,0
TXN-106025,31.94,10.5,17,0,1,0,1,0
TXN-106026,66.98,17.2,10,0,1,1,0,0
TXN-106027,4.63,3.7,20,0,1,0,0,0
TXN-106028,41.03,1.0,9,0,1,0,0,0
TXN-106029,57.16,0.9,10,0,1,0,0,0
TXN-106030,7.57,4.4,15,0,2,0,0,0
TXN-106031,10.93,4.5,21,1,1,0,0,0
TXN-106032,41.84,0.5,15,0,1,1,0,0
TXN-106033,125.67,2.9,16,0,1,0,0,0
TXN-106034,58.3,1.9,12,0,1,0,0,0
TXN-106035,26.52,3.6,16,0,2,0,0,0
TXN-106036,45.96,14.7,10,0,1,0,0,0
TXN-106037,53.53,14.5,14,0,1,0,0,0
TXN-106038,34.25,0.1,13,0,2,0,0,0
TXN-106039,22.32,1.7,10,0,1,0,0,0
TXN-106040,34.57,0.1,15,0,1,0,0,0
TXN-106041,52.66,5.2,17,0,1,0,0,0
TXN-106042,28.32,0.4,10,0,1,0,0,0
TXN-106043,67.6,16.5,22,1,2,0,0,0
TXN-106044,70.76,2.6,13,0,1,0,0,0
TXN-106045,20.11,0.2,16,0,1,0,1,0
TXN-106046,23.25,10.2,16,0,1,0,0,0
TXN-106047,359.78,0.6,13,0,1,1,0,0
TXN-106048,17.18,1.3,16,0,2,0,0,0
TXN-106049,248.24,0.2,20,0,1,0,0,0
TXN-106050,87.49,2.7,11,0,1,0,0,0
TXN-106051,33.23,2.2,16,0,1,1,1,0
TXN-106052,109.41,1.9,11,0,1,0,0,0
TXN-106053,97.56,8.9,15,0,2,0,0,0
TXN-106054,67.98,2.2,22,1,1,0,0,0
TXN-106055,27.28,4.9,21,0,1,0,0,0
TXN-106056,58.98,11.2,15,0,1,0,0,0
TXN-106057,78.64,0.2,17,0,1,0,0,0
TXN-106058,47.89,0.9,9,0,1,0,0,0
TXN-106059,52.09,15.5,9,0,1,0,0,0
TXN-106060,102.6,0.5,19,0,1,0,0,0
TXN-106061,85.73,5.4,15,0,1,0,0,0
TXN-106062,76.08,4.3,17,0,1,0,0,0
TXN-106063,106.19,5.7,19,0,1,1,0,0
TXN-106064,15.56,6.2,10,0,1,0,0,0
TXN-106065,12.86,6.0,16,0,1,0,0,0
TXN-106066,24.91,2.2,20,0,1,0,0,0
TXN-106067,21.28,9.4,22,1,1,0,0,0
TXN-106068,138.33,1.5,7,0,1,1,0,0
TXN-106069,24.97,0.8,22,0,1,0,0,0
TXN-106070,11.08,0.9,13,0,2,0,0,0
TXN-106071,5.94,1.1,16,0,1,0,0,0
TXN-106072,101.22,1.9,17,0,1,0,0,0
TXN-106073,42.12,3.7,16,0,1,0,0,0
TXN-106074,28.78,7.0,18,0,1,0,0,0
TXN-106075,56.76,1.8,6,0,1,0,0,0
TXN-106076,468.03,6.2,13,0,1,0,1,0
TXN-106077,133.03,3.8,11,0,1,0,0,0
TXN-106078,83.86,12.6,13,0,1,0,0,0
TXN-106079,50.22,8.2,20,0,1,0,0,0
TXN-106080,12.96,2.2,14,0,2,0,0,0
TXN-106081,44.49,6.9,10,0,1,0,0,0
TXN-106082,142.25,2.3,20,0,1,0,0,0
TXN-106083,104.14,4.2,15,0,1,0,0,0
TXN-106084,54.17,0.7,8,0,2,0,0,0
TXN-106085,240.87,1.3,8,0,1,0,0,0
TXN-106086,27.1,5.3,11,0,1,0,0,0
TXN-106087,18.91,13.1,9,0,1,0,0,0
TXN-106088,104.83,3.3,6,0,1,0,0,0
TXN-106089,88.41,1.3,21,0,2,0,0,0
TXN-106090,85.68,1.3,9,0,1,0,0,0
TXN-106091,113.94,0.8,11,0,1,0,0,0
TXN-106092,54.57,5.3,21,0,1,0,0,0
TXN-106093,51.48,3.8,21,1,1,0,0,0
TXN-106094,31.28,0.1,8,1,2,0,0,0
TXN-106095,53.44,2.8,9,0,1,0,0,0
TXN-106096,65.19,0.9,16,0,2,0,0,0
TXN-106097,22.98,6.2,10,0,1,0,0,0
TXN-106098,22.7,2.0,21,0,1,0,0,0
TXN-106099,37.68,4.0,16,0,1,0,0,0
TXN-106100,27.27,3.7,6,0,1,0,0,0
TXN-106101,43.87,5.3,15,0,1,0,0,0
TXN-106102,37.46,9.9,6,0,2,1,0,0
TXN-106103,97.53,7.6,14,0,1,0,0,0
TXN-106104,28.01,6.9,14,0,1,0,0,0
TXN-106105,88.8,3.7,19,1,1,0,0,0
TXN-106106,541.39,15.9,19,0,1,0,0,0
TXN-106107,18.25,2.7,21,0,1,0,0,0
TXN-106108,14.08,5.3,9,0,2,0,0,0
TXN-106109,12.18,4.4,13,0,2,0,1,0
TXN-106110,46.48,2.3,13,0,2,0,0,0
TXN-106111,23.18,24.7,12,0,2,0,0,0
TXN-106112,18.09,1.7,22,0,1,0,1,0
TXN-106113,33.23,2.4,8,1,1,0,0,0
TXN-106114,59.14,4.1,16,0,1,0,0,0
TXN-106115,7.37,5.3,10,0,1,0,0,0
TXN-106116,25.45,3.1,14,0,1,0,0,0
TXN-106117,97.32,0.4,18,0,1,0,1,0
TXN-106118,24.34,0.2,10,0,1,0,0,0
TXN-106119,18.28,6.5,8,0,1,0,0,0
TXN-106120,59.08,0.1,11,0,1,0,0,0
TXN-106121,36.41,2.5,18,0,1,0,0,0
TXN-106122,59.26,0.6,17,0,1,0,0,0
TXN-106123,116.26,2.3,20,0,1,1,0,0
TXN-106124,8560.81,75.2,2,1,6,0,1,1
TXN-106125,77.52,6.0,16,0,1,0,0,0
TXN-106126,80.33,16.1,8,0,1,0,0,0
TXN-106127,83.66,0.4,11,0,1,0,0,0
TXN-106128,25.21,1.8,8,0,1,0,0,0
TXN-106129,248.67,11.5,12,0,2,0,0,0
TXN-106130,53.21,4.3,10,0,2,0,0,0
TXN-106131,86.3,6.9,18,0,1,0,0,0
TXN-106132,33.12,1.2,11,0,1,0,0,0
TXN-106133,136.53,1.0,13,0,1,0,0,0
TXN-106134,19.53,3.4,20,0,2,0,0,0
TXN-106135,6.66,1.9,18,0,1,0,0,0
TXN-106136,67.15,2.6,7,0,1,0,0,0
TXN-106137,14.2,6.5,15,0,1,0,0,0
TXN-106138,193.65,5.0,10,0,1,0,0,0
TXN-106139,49.46,2.8,19,0,1,0,0,0
TXN-106140,25.74,19.4,21,0,1,0,0,0
TXN-106141,24.2,3.1,10,0,1,0,0,0
TXN-106142,44.45,27.0,10,0,1,0,0,0
TXN-106143,18.3,7.2,16,0,1,0,0,0
TXN-106144,5044.55,53.2,23,1,4,1,0,1
TXN-106145,67.87,5.7,21,0,1,0,0,0
TXN-106146,24.5,9.5,17,0,2,0,0,0
TXN-106147,26.51,1.0,20,0,1,1,0,0
TXN-106148,208.25,12.7,10,0,1,0,0,0
TXN-106149,36.31,12.5,17,0,1,0,0,0
TXN-106150,74.3,1.2,7,0,1,0,0,0
TXN-106151,19.2,2.4,19,0,1,0,0,0
TXN-106152,69.49,6.5,6,0,2,0,0,0
TXN-106153,21.58,6.7,10,0,1,0,0,0
TXN-106154,32.57,0.2,20,0,1,0,0,0
TXN-106155,121.46,1.7,18,0,1,0,0,0
TXN-106156,13.23,7.3,19,0,1,0,0,0
TXN-106157,224.13,5.5,22,0,2,0,0,0
TXN-106158,47.4,3.1,13,0,1,0,0,0
TXN-106159,52.33,7.1,9,0,1,0,0,0
TXN-106160,29.6,3.2,22,0,1,0,0,0
TXN-106161,127.99,4.8,17,0,1,0,0,0
TXN-106162,18.7,5.7,13,0,1,1,0,0
TXN-106163,20.32,5.4,6,0,1,0,0,0
TXN-106164,25.43,4.6,17,0,1,0,0,0
TXN-106165,83.82,0.7,17,1,1,0,0,0
TXN-106166,50.12,13.7,7,0,1,0,0,0
TXN-106167,21.11,6.3,12,0,1,0,0,0
TXN-106168,115.69,1.8,12,0,1,0,0,0
TXN-106169,35.64,1.5,12,0,1,0,0,0
TXN-106170,34.75,0.1,17,0,1,0,0,0
TXN-106171,66.78,5.8,21,0,1,0,0,0
TXN-106172,24.33,0.8,7,0,1,0,0,0
TXN-106173,117.29,11.0,11,0,1,0,0,0
TXN-106174,11.24,13.9,22,0,1,0,0,0
TXN-106175,27.4,1.5,12,0,2,0,0,0
TXN-106176,31.44,9.5,13,0,1,0,0,0
TXN-106177,51.89,2.1,20,0,1,0,0,0
TXN-106178,54.57,14.1,16,0,2,0,0,0
TXN-106179,120.38,2.7,17,0,2,0,0,0
TXN-106180,105.79,4.9,22,0,1,0,0,0
TXN-106181,44.72,14.0,7,0,1,0,0,0
TXN-106182,103.87,0.2,14,0,1,0,0,0
TXN-106183,38.21,3.2,17,1,1,0,0,0
TXN-106184,62.64,3.4,6,0,1,0,0,0
TXN-106185,57.84,3.0,10,0,1,0,0,0
TXN-106186,183.45,8.2,22,0,1,0,0,0
TXN-106187,302.99,3.5,19,0,2,0,0,0
TXN-106188,34.21,2.5,13,0,1,0,0,0
TXN-106189,32.46,10.3,21,0,1,0,0,0
TXN-106190,47.21,5.7,16,0,1,0,0,0
TXN-106191,14.2,3.8,11,0,1,0,0,0
TXN-106192,39.65,0.5,6,0,1,0,0,0
TXN-106193,94.26,2.7,17,0,1,0,0,0
TXN-106194,330.54,3.5,12,0,2,0,0,0
TXN-106195,36.99,0.1,9,0,1,0,0,0
TXN-106196,13.74,0.3,21,0,2,0,0,0
TXN-106197,89.29,8.3,12,1,1,0,0,0
TXN-106198,58.39,1.5,16,0,1,0,0,0
TXN-106199,190.08,10.7,12,0,1,0,0,0
TXN-106200,55.92,6.9,11,0,1,0,1,0
TXN-106201,28.04,0.0,9,0,1,1,0,0
TXN-106202,30.13,5.0,19,1,1,0,0,0
TXN-106203,62.29,7.8,14,0,1,0,0,0
TXN-106204,68.66,2.9,20,0,1,0,0,0
TXN-106205,28.41,1.5,8,0,1,0,0,0
TXN-106206,33.76,8.6,8,0,1,0,0,0
TXN-106207,36.45,1.6,22,1,1,0,0,0
TXN-106208,58.98,13.4,17,0,1,0,0,0
TXN-106209,43.32,6.4,21,0,1,0,0,0
TXN-106210,36.18,0.6,6,0,1,0,0,0
TXN-106211,37.61,15.6,14,0,2,0,1,0
TXN-106212,42.9,0.1,12,0,1,0,0,0
TXN-106213,39.58,0.4,7,0,1,0,0,0
TXN-106214,20.6,3.8,6,0,1,0,0,0
TXN-106215,28.62,9.9,18,0,1,0,0,0
TXN-106216,19.68,20.1,6,0,1,0,0,0
TXN-106217,64.93,6.2,16,0,2,0,0,0
TXN-106218,198.86,20.4,20,0,2,0,0,0
TXN-106219,85.36,3.4,9,0,2,0,0,0
TXN-106220,20.41,4.0,15,1,1,0,0,0
TXN-106221,37.75,4.9,22,0,2,0,0,0
TXN-106222,19.3,10.8,14,0,2,0,0,0
TXN-106223,15.15,2.5,9,0,1,0,0,0
TXN-106224,27.72,12.0,11,1,1,0,0,0
TXN-106225,29.72,2.9,17,0,1,0,0,0
TXN-106226,36.55,0.1,16,0,1,0,0,0
TXN-106227,114.23,3.0,9,0,1,0,0,0
TXN-106228,55.95,5.3,16,0,1,1,0,0
TXN-106229,21.87,7.9,9,0,1,0,0,0
TXN-106230,32.83,5.6,12,0,1,0,0,0
TXN-106231,50.78,6.9,16,0,1,0,0,0
TXN-106232,9.36,4.1,20,0,1,0,0,0
TXN-106233,188.05,3.5,9,0,1,0,0,0
TXN-106234,39.91,0.4,17,0,1,0,0,0
TXN-106235,10.29,11.6,15,0,2,0,0,0
TXN-106236,35.59,0.5,7,0,1,0,0,0
TXN-106237,81.25,1.2,9,0,1,0,0,0
TXN-106238,58.28,4.1,7,0,1,0,0,0
TXN-106239,25.9,5.3,8,0,1,1,0,0
TXN-106240,27.09,6.9,18,0,1,1,0,0
TXN-106241,23.24,0.4,8,0,1,0,0,0
TXN-106242,43.02,3.2,21,0,1,0,0,0
TXN-106243,93.74,11.2,15,0,1,0,0,0
TXN-106244,72.43,4.1,18,0,1,0,0,0
TXN-106245,55.81,3.3,13,0,1,0,0,0
TXN-106246,135.93,7.9,9,1,1,0,0,0
TXN-106247,32.8,33.2,20,0,1,0,0,0
TXN-106248,85.74,0.9,15,1,1,0,0,0
TXN-106249,40.25,6.3,15,0,1,0,0,0
TXN-106250,7.58,6.3,8,0,1,0,0,0
TXN-106251,29.04,5.3,22,0,1,0,0,0
TXN-106252,166.45,8.2,9,0,1,0,1,0
TXN-106253,108.1,0.8,10,0,1,0,0,0
TXN-106254,117.36,11.0,17,0,2,0,0,0
TXN-106255,18.23,3.1,13,0,1,0,0,0
TXN-106256,42.9,1.3,19,0,1,0,0,0
TXN-106257,129.07,4.6,14,0,1,0,0,0
TXN-106258,56.81,4.3,7,0,1,0,0,0
TXN-106259,16.18,0.8,13,0,1,0,0,0
TXN-106260,16.55,6.3,22,1,1,1,0,0
TXN-106261,16.88,3.1,18,0,1,0,0,0
TXN-106262,25.19,1.1,16,0,1,0,0,0
TXN-106263,36.34,0.2,15,0,1,0,0,0
TXN-106264,9.12,14.7,21,0,2,1,0,0
TXN-106265,42.68,2.5,20,0,1,0,0,0
TXN-106266,36.32,0.6,6,0,1,0,0,0
TXN-106267,14.87,3.5,21,0,1,0,0,0
TXN-106268,101.98,15.7,15,1,1,0,0,0
TXN-106269,22.91,3.7,22,0,1,0,0,0
TXN-106270,64.39,12.8,18,0,1,0,0,0
TXN-106271,27.67,9.3,17,1,1,0,0,0
TXN-106272,35.2,13.8,16,0,1,0,0,0
TXN-106273,15.42,4.8,6,0,2,0,0,0
TXN-106274,16.96,0.7,11,0,1,0,0,0
TXN-106275,22.78,2.0,8,0,1,0,0,0
TXN-106276,74.19,0.2,10,0,1,0,0,0
TXN-106277,59.98,0.3,20,0,1,0,0,0
TXN-106278,63.36,2.2,18,1,1,1,0,0
TXN-106279,43.47,2.9,12,0,1,0,0,0
TXN-106280,86.71,19.0,19,0,1,0,0,0
TXN-106281,150.26,3.1,13,0,1,0,0,0
TXN-106282,49.39,1.5,7,0,1,0,0,0
TXN-106283,30.48,2.5,13,0,1,0,0,0
TXN-106284,51.15,7.6,20,0,1,0,0,0
TXN-106285,10.42,3.5,6,0,1,0,0,0
TXN-106286,42.91,6.4,9,1,1,0,0,0
TXN-106287,35.87,1.6,9,0,1,0,0,0
TXN-106288,47.5,0.2,12,0,2,0,0,0
TXN-106289,40.79,3.2,13,0,1,0,0,0
TXN-106290,23.27,12.8,11,0,1,0,0,0
TXN-106291,44.73,1.4,20,1,1,0,0,0
TXN-106292,181.21,0.8,11,1,1,0,0,0
TXN-106293,22.67,4.0,15,0,1,0,0,0
TXN-106294,188.12,2.1,19,0,1,0,0,0
TXN-106295,105.27,10.1,16,0,1,0,0,0
TXN-106296,28.02,3.7,18,0,2,1,0,0
TXN-106297,58.6,1.4,14,0,2,0,0,0
TXN-106298,142.98,3.7,6,0,1,0,0,0
TXN-106299,59.98,8.9,20,0,1,0,0,0
TXN-106300,46.38,0.2,22,0,1,0,0,0
TXN-106301,38.69,11.6,19,0,1,0,0,0
TXN-106302,79.09,1.6,9,1,2,0,0,0
TXN-106303,31.05,0.4,8,0,1,0,0,0
TXN-106304,35.43,1.7,17,0,2,0,0,0
TXN-106305,19.67,6.2,18,0,1,0,0,0
TXN-106306,158.12,3.8,17,0,1,0,0,0
TXN-106307,83.56,1.1,6,0,1,0,0,0
TXN-106308,84.63,8.1,11,0,1,0,0,0
TXN-106309,116.46,6.2,6,0,1,0,0,0
TXN-106310,967.07,96.8,5,1,3,1,0,1
TXN-106311,89.81,7.6,18,0,1,0,0,0
TXN-106312,24.91,2.1,14,0,1,0,0,0
TXN-106313,27.89,8.2,10,0,1,0,0,0
TXN-106314,61.51,3.2,12,0,1,0,1,0
TXN-106315,46.47,2.0,18,0,1,0,0,0
TXN-106316,44.69,6.3,12,0,1,0,0,0
TXN-106317,61.26,0.5,6,0,2,0,0,0
TXN-106318,32.77,4.4,14,0,1,0,0,0
TXN-106319,41.89,12.7,8,0,1,0,0,0
TXN-106320,54.13,4.5,20,0,1,0,0,0
TXN-106321,36.73,6.3,12,0,1,0,0,0
TXN-106322,57.72,1.5,7,0,1,0,0,0
TXN-106323,44.41,0.5,13,0,1,0,0,0
TXN-106324,73.59,2.5,22,0,1,0,0,0
TXN-106325,4.39,1.6,17,0,1,0,0,0
TXN-106326,196.27,0.2,18,0,1,0,0,0
TXN-106327,71.24,0.7,7,0,1,1,0,0
TXN-106328,16.59,2.7,7,0,1,0,0,0
TXN-106329,21.32,4.0,17,0,1,0,0,0
TXN-106330,28.83,1.8,17,0,1,0,0,0
TXN-106331,35.17,22.9,15,0,1,0,0,0
TXN-106332,45.16,2.0,19,0,1,0,0,0
TXN-106333,64.03,1.9,22,0,1,0,0,0
TXN-106334,8.83,15.1,18,0,1,0,0,0
TXN-106335,52.58,7.9,21,0,1,0,0,0
TXN-106336,144.52,2.1,13,0,1,0,0,0
TXN-106337,27.83,7.6,6,0,1,0,0,0
TXN-106338,48.85,5.4,18,0,2,0,0,0
TXN-106339,51.82,15.1,22,0,1,0,0,0
TXN-106340,71.81,0.8,18,0,2,0,0,0
TXN-106341,22.08,22.6,10,0,1,1,0,0
TXN-106342,114.23,0.2,19,0,1,0,0,0
TXN-106343,70.35,3.9,8,0,1,0,0,0
TXN-106344,29.53,5.0,7,0,1,0,0,0
TXN-106345,67.43,8.6,22,1,1,0,0,0
TXN-106346,65.27,1.1,9,0,1,1,0,0
TXN-106347,28.2,1.0,12,0,1,0,0,0
TXN-106348,36.64,10.1,19,0,1,0,0,0
TXN-106349,23.91,2.0,8,0,1,0,0,0
TXN-106350,46.43,11.7,13,1,1,0,0,0
TXN-106351,19.48,1.0,13,0,1,0,0,0
TXN-106352,37.29,1.8,6,0,2,0,0,0
TXN-106353,120.14,1.7,6,0,1,0,0,0
TXN-106354,16.02,4.8,22,0,1,0,0,0
TXN-106355,11.31,0.0,17,0,2,0,0,0
TXN-106356,163.98,7.1,19,0,1,0,0,0
TXN-106357,51.67,4.1,8,0,1,0,0,0
TXN-106358,32.17,1.9,18,0,2,0,0,0
TXN-106359,60.64,3.0,17,0,1,0,0,0
TXN-106360,667.02,407.0,2,0,5,1,1,1
TXN-106361,92.77,1.0,11,0,1,0,0,0
TXN-106362,41.62,19.9,14,0,1,0,0,0
TXN-106363,83.55,1.3,19,0,1,0,0,0
TXN-106364,53.82,1.5,16,0,1,0,0,0
TXN-106365,26.97,6.9,14,0,1,0,0,0
TXN-106366,37.03,5.0,10,0,1,0,0,0
TXN-106367,61.8,0.2,22,1,1,0,0,0
TXN-106368,20.2,7.5,8,0,1,0,0,0
TXN-106369,69.04,1.1,15,0,1,0,0,0
TXN-106370,15.86,9.8,18,0,1,1,0,0
TXN-106371,136.18,0.7,22,0,1,0,0,0
TXN-106372,18.66,0.5,18,0,1,0,0,0
TXN-106373,35.7,1.4,19,0,1,0,0,0
TXN-106374,92.0,0.3,12,0,1,0,0,0
TXN-106375,394.46,4.1,15,0,1,0,0,0
TXN-106376,37.36,3.3,21,0,1,0,0,0
TXN-106377,47.75,0.9,10,0,1,0,0,0
TXN-106378,90.83,1.6,22,0,1,0,0,0
TXN-106379,99.53,1.4,14,1,1,0,0,0
TXN-106380,68.14,9.2,8,0,1,0,0,0
TXN-106381,111.53,11.2,19,0,2,0,0,0
TXN-106382,33.27,5.6,18,0,1,0,0,0
TXN-106383,73.12,12.6,7,0,1,0,0,0
TXN-106384,81.73,0.1,20,0,1,0,0,0
TXN-106385,90.12,3.6,10,0,1,0,0,0
TXN-106386,113.77,4.2,20,1,2,0,0,0
TXN-106387,45.94,1.3,10,0,1,0,0,0
TXN-106388,27.56,0.1,13,1,1,0,0,0
TXN-106389,40.28,0.6,14,1,1,0,1,0
TXN-106390,72.59,11.7,11,0,1,1,0,0
TXN-106391,17.29,5.8,19,0,1,0,0,0
TXN-106392,75.74,3.9,20,0,2,0,0,0
TXN-106393,96.54,16.3,8,0,1,0,0,0
TXN-106394,43.88,3.2,8,0,1,0,0,0
TXN-106395,127.62,175.3,5,1,3,2,1,1
TXN-106396,36.77,3.1,12,0,1,0,0,0
TXN-106397,77.13,0.3,17,0,1,0,0,0
TXN-106398,39.32,22.4,6,0,2,1,0,0
TXN-106399,12.53,5.0,12,0,1,0,0,0
TXN-106400,199.13,5.7,7,0,1,0,0,0
TXN-106401,73.79,2.7,9,0,1,0,1,0
TXN-106402,65.96,11.1,8,0,1,0,0,0
TXN-106403,107.32,3.4,13,0,1,0,0,0
TXN-106404,29.28,3.9,7,0,1,0,1,0
TXN-106405,14.85,11.1,12,1,1,0,0,0
TXN-106406,32.14,15.1,10,0,1,0,0,0
TXN-106407,8.17,1.7,11,1,2,0,0,0
TXN-106408,18.59,7.6,21,0,2,1,0,0
TXN-106409,24.54,2.0,6,0,2,0,0,0
TXN-106410,14.54,14.7,11,0,1,0,0,0
TXN-106411,19.21,0.0,11,0,1,0,0,0
TXN-106412,17.11,3.2,8,0,2,0,0,0
TXN-106413,43.85,11.6,15,0,1,0,0,0
TXN-106414,40.91,4.7,14,0,1,0,0,0
TXN-106415,15.7,4.4,18,0,2,0,0,0
TXN-106416,90.08,177.5,3,0,6,1,0,1
TXN-106417,21.98,7.2,15,0,2,0,0,0
TXN-106418,45.73,11.0,22,0,1,0,0,0
TXN-106419,68.46,9.1,18,0,2,0,0,0
TXN-106420,34.08,8.1,17,0,1,0,0,0
TXN-106421,48.86,5.6,17,0,1,0,0,0
TXN-106422,16.85,17.7,6,0,2,0,0,0
TXN-106423,44.16,8.5,6,1,1,0,0,0
TXN-106424,39.74,0.9,16,0,1,0,0,0
TXN-106425,75.7,1.2,16,0,1,0,0,0
TXN-106426,18.75,9.5,9,0,1,0,0,0
TXN-106427,32.0,6.6,11,0,2,0,0,0
TXN-106428,30.7,0.9,17,0,1,0,0,0
TXN-106429,57.18,4.9,10,0,2,0,1,0
TXN-106430,81.52,0.7,6,0,1,0,0,0
TXN-106431,42.0,2.0,11,0,1,0,0,0
TXN-106432,57.27,21.3,17,0,1,0,0,0
TXN-106433,67.65,5.1,14,0,1,0,0,0
TXN-106434,37.51,0.0,13,0,1,0,0,0
TXN-106435,165.78,20.9,20,0,1,0,0,0
TXN-106436,45.65,3.8,17,0,1,0,0,0
TXN-106437,76.12,0.6,19,0,1,0,0,0
TXN-106438,64.64,5.6,14,0,1,0,0,0
TXN-106439,28.66,4.5,6,0,1,0,0,0
TXN-106440,24.84,0.3,14,0,1,0,0,0
TXN-106441,6.62,1.0,18,1,1,0,0,0
TXN-106442,202.38,1.2,14,0,1,0,0,0
TXN-106443,35.76,0.8,10,0,1,0,0,0
TXN-106444,175.85,0.6,13,0,1,0,0,0
TXN-106445,162.55,0.1,19,0,1,0,0,0
TXN-106446,79.61,0.0,20,0,2,0,0,0
TXN-106447,30.88,1.3,9,0,1,0,0,0
TXN-106448,74.95,0.3,12,0,1,0,0,0
TXN-106449,97.82,1.3,7,0,1,0,0,0
TXN-106450,1391.04,84.6,0,1,5,2,0,1
TXN-106451,44.48,0.8,11,0,1,0,0,0
TXN-106452,89.86,11.0,10,0,2,0,0,0
TXN-106453,42.1,2.5,22,0,1,0,0,0
TXN-106454,139.15,4.0,7,0,1,0,0,0
TXN-106455,21.68,0.5,9,0,1,0,0,0
TXN-106456,53.97,4.7,22,0,1,0,0,0
TXN-106457,52.93,2.8,6,0,1,0,0,0
TXN-106458,89.6,3.5,19,0,1,0,1,0
TXN-106459,79.81,16.7,10,0,1,0,0,0
TXN-106460,75.22,3.4,20,0,1,0,1,0
TXN-106461,104.24,3.3,12,0,1,0,0,0
TXN-106462,93.58,3.1,22,0,1,0,1,0
TXN-106463,147.81,2.6,18,0,1,0,0,0
TXN-106464,79.78,3.6,21,0,1,0,0,0
TXN-106465,64.04,1.6,6,1,1,0,0,0
TXN-106466,18.56,3.4,18,0,1,0,0,0
TXN-106467,15.92,2.3,18,0,1,0,0,0
TXN-106468,90.91,3.4,6,0,1,0,0,0
TXN-106469,23.45,6.4,19,0,2,0,0,0
TXN-106470,37.22,2.2,11,0,1,0,0,0
TXN-106471,95.55,4.7,18,0,1,0,0,0
TXN-106472,20.4,4.7,18,0,1,0,0,0
TXN-106473,49.37,8.2,13,0,1,0,0,0
TXN-106474,58.49,3.1,20,0,2,0,0,0
TXN-106475,58.56,5.9,17,0,1,0,0,0
TXN-106476,69.51,15.2,15,0,1,0,0,0
TXN-106477,11.19,13.1,9,0,1,0,0,0
TXN-106478,20.62,3.6,22,0,1,0,0,0
TXN-106479,468.72,912.6,1,1,3,3,1,1
TXN-106480,20.66,5.5,6,0,2,0,0,0
TXN-106481,69.09,9.0,20,0,1,0,0,0
TXN-106482,489.54,267.6,3,1,5,2,1,1
TXN-106483,152.11,2.2,10,0,1,0,0,0
TXN-106484,21.07,2.7,14,0,1,0,0,0
TXN-106485,93.92,5.7,11,1,1,0,0,0
TXN-106486,63.48,8.3,21,0,1,0,0,0
TXN-106487,171.22,0.4,9,0,1,0,0,0
TXN-106488,46.83,0.5,22,0,1,1,0,0
TXN-106489,14.6,0.6,10,1,1,0,0,0
TXN-106490,26.59,9.0,11,0,1,1,0,0
TXN-106491,43.8,5.7,12,0,2,1,0,0
TXN-106492,32.71,1.1,21,1,1,0,0,0
TXN-106493,24.4,0.2,16,0,1,0,0,0
TXN-106494,925.16,387.1,5,1,5,2,1,1
TXN-106495,26.1,0.4,21,0,1,0,0,0
TXN-106496,45.38,11.5,21,0,1,0,0,0
TXN-106497,62.99,5.6,15,0,1,1,1,0
TXN-106498,31.25,3.0,14,0,1,0,1,0
TXN-106499,114.26,12.8,20,0,1,0,0,0
TXN-106500,14.56,0.8,18,0,2,0,0,0
TXN-106501,72.09,4.6,15,1,1,0,0,0
TXN-106502,60.91,0.8,22,0,1,0,0,0
TXN-106503,31.37,5.1,13,0,2,0,0,0
TXN-106504,52.86,2.1,9,0,1,0,0,0
TXN-106505,15.39,1.2,7,0,1,0,0,0
TXN-106506,44.95,1.9,21,0,1,0,0,0
TXN-106507,21.63,0.4,7,0,2,0,0,0
TXN-106508,8.88,3.0,13,0,2,0,0,0
TXN-106509,76.2,15.6,9,0,1,0,0,0
TXN-106510,60.41,1.0,21,0,2,0,0,0
TXN-106511,50.08,6.6,20,0,1,0,0,0
TXN-106512,21.61,22.8,17,0,1,0,0,0
TXN-106513,8.67,3.6,9,1,1,0,0,0
TXN-106514,54.0,15.4,12,0,1,0,0,0
TXN-106515,36.8,12.1,20,0,2,0,0,0
TXN-106516,88.17,0.6,16,0,1,0,0,0
TXN-106517,105.34,5.4,22,0,1,0,0,0
TXN-106518,38.07,3.1,22,0,1,1,0,0
TXN-106519,28.51,3.2,7,0,1,0,0,0
TXN-106520,42.68,2.3,20,1,1,1,0,0
TXN-106521,25.8,11.3,8,1,1,0,0,0
TXN-106522,45.46,3.2,15,0,2,0,0,0
TXN-106523,23.88,13.0,13,1,1,0,0,0
TXN-106524,33.6,16.1,21,0,1,0,0,0
TXN-106525,47.92,10.8,14,0,1,0,0,0
TXN-106526,43.77,2.3,7,0,1,0,0,0
TXN-106527,41.31,0.0,20,0,1,0,0,0
TXN-106528,78.02,1.0,7,0,1,0,0,0
TXN-106529,52.6,1.6,8,0,1,0,0,0
TXN-106530,6.05,0.7,18,0,2,0,0,0
TXN-106531,17.53,4.3,21,0,1,0,0,0
TXN-106532,30.67,5.5,11,0,1,0,0,0
TXN-106533,52.99,3.6,6,0,1,0,0,0
TXN-106534,188.48,2.1,20,0,1,0,0,0
TXN-106535,54.29,9.6,19,0,2,0,0,0
TXN-106536,37.31,6.9,22,0,2,0,0,0
TXN-106537,26.12,5.4,13,1,1,1,0,0
TXN-106538,14.82,0.6,17,0,1,0,0,0
TXN-106539,66.82,14.8,21,0,1,0,0,0
TXN-106540,2103.85,72.7,3,1,6,2,1,1
TXN-106541,23.5,2.3,19,0,1,1,0,0
TXN-106542,9.03,1.0,9,0,2,0,0,0
TXN-106543,42.4,2.1,10,1,1,0,0,0
TXN-106544,17.2,2.1,14,0,1,0,0,0
TXN-106545,92.97,3.2,12,0,1,0,0,0
TXN-106546,21.44,0.1,19,0,1,0,0,0
TXN-106547,31.96,3.7,16,0,1,0,0,0
TXN-106548,32.77,4.3,16,0,1,0,0,0
TXN-106549,43.17,2.0,9,0,1,0,0,0
TXN-106550,92.13,5.7,13,0,1,0,0,0
TXN-106551,33.31,8.4,18,0,2,0,0,0
TXN-106552,46.36,11.0,14,0,1,0,0,0
TXN-106553,49.33,0.3,9,0,1,0,0,0
TXN-106554,32.64,0.1,15,0,1,0,0,0
TXN-106555,67.84,15.9,16,0,1,0,0,0
TXN-106556,58.73,13.6,18,0,1,1,0,0
TXN-106557,193.48,1.7,6,0,2,0,0,0
TXN-106558,29.54,1.0,18,0,1,0,0,0
TXN-106559,9.96,2.8,16,0,2,0,0,0
TXN-106560,35.5,9.2,14,0,1,0,1,0
TXN-106561,90.64,2.2,7,1,2,0,0,0
TXN-106562,98.48,4.7,17,0,1,0,0,0
TXN-106563,42.66,18.0,22,0,1,0,0,0
TXN-106564,80.94,4.0,10,0,1,0,0,0
TXN-106565,15.31,5.1,15,0,1,0,0,0
TXN-106566,52.22,0.2,14,0,1,0,0,0
TXN-106567,31.77,2.6,12,0,1,0,0,0
TXN-106568,30.02,1.2,19,0,1,0,0,0
TXN-106569,57.67,9.2,10,0,1,0,0,0
TXN-106570,95.89,25.2,9,0,1,1,0,0
TXN-106571,22.98,9.2,13,0,1,0,0,0
TXN-106572,19.17,0.7,12,0,1,0,0,0
TXN-106573,42.61,10.4,12,0,1,0,0,0
TXN-106574,77.03,3.4,22,0,1,0,1,0
TXN-106575,236.54,4.1,9,1,2,0,0,0
TXN-106576,32.28,10.4,20,0,1,0,0,0
TXN-106577,34.64,7.1,20,0,1,0,0,0
TXN-106578,14.73,2.1,17,0,1,0,0,0
TXN-106579,27.18,5.2,16,0,1,0,0,0
TXN-106580,39.01,3.5,9,0,2,0,0,0
TXN-106581,134.52,2.4,14,0,1,0,0,0
TXN-106582,88.43,14.5,14,0,1,0,0,0
TXN-106583,33.7,5.1,7,0,1,0,0,0
TXN-106584,71.77,2.0,15,0,1,0,0,0
TXN-106585,26.63,9.6,11,0,1,0,0,0
TXN-106586,82.14,8.0,21,1,1,0,0,0
TXN-106587,78.48,0.6,8,0,1,0,0,0
TXN-106588,27.69,0.5,9,1,1,0,0,0
TXN-106589,39.11,1.6,6,0,1,0,0,0
TXN-106590,377.48,0.5,10,0,1,0,0,0
TXN-106591,31.13,4.7,22,0,1,0,0,0
TXN-106592,127.09,4.6,11,0,1,0,0,0
TXN-106593,9.63,5.3,14,0,1,0,0,0
TXN-106594,69.2,0.2,21,1,1,1,0,0
TXN-106595,229.86,1.8,15,0,1,0,0,0
TXN-106596,14.31,1.5,21,0,1,0,0,0
TXN-106597,86.15,2.7,18,0,1,0,0,0
TXN-106598,100.4,2.1,16,0,1,1,0,0
TXN-106599,20.87,27.8,6,0,1,0,0,0
TXN-106600,35.06,7.3,15,1,1,0,0,0
TXN-106601,15.38,5.3,9,0,1,0,0,0
TXN-106602,78.11,1.0,11,0,1,0,0,0
TXN-106603,20.48,12.0,14,0,1,0,0,0
TXN-106604,67.2,14.2,22,0,1,0,0,0
TXN-106605,56.53,14.2,16,0,1,0,0,0
TXN-106606,20.18,1.0,12,0,1,0,0,0
TXN-106607,23.95,4.1,15,0,1,0,0,0
TXN-106608,24.09,0.3,19,0,1,0,0,0
TXN-106609,54.62,3.5,16,0,2,0,0,0
TXN-106610,32.66,4.9,21,0,1,0,0,0
TXN-106611,37.48,1.7,22,0,1,0,0,0
TXN-106612,45.8,5.3,13,0,1,0,0,0
TXN-106613,64.59,2.6,13,0,1,0,0,0
TXN-106614,20.42,5.4,20,0,1,0,0,0
TXN-106615,135.77,3.6,12,0,2,0,0,0
TXN-106616,19.26,14.2,6,0,1,0,0,0
TXN-106617,47.8,0.4,20,0,1,0,0,0
TXN-106618,10.78,8.6,9,0,1,0,0,0
TXN-106619,160.59,0.4,13,0,1,1,1,0
TXN-106620,89.23,2.3,10,0,2,0,0,0
TXN-106621,61.52,6.8,14,1,1,0,0,0
TXN-106622,123.91,1.1,10,0,2,0,0,0
TXN-106623,80.09,6.8,8,0,1,0,0,0
TXN-106624,50.36,10.1,7,0,1,0,0,0
TXN-106625,91.04,10.1,9,0,2,0,0,0
TXN-106626,105.08,2.0,16,1,1,0,0,0
TXN-106627,24.31,9.7,21,1,1,0,0,0
TXN-106628,37.17,2.7,17,0,1,0,0,0
TXN-106629,59.03,7.2,12,0,1,0,0,0
TXN-106630,118.75,0.0,14,0,1,0,0,0
TXN-106631,14.14,5.0,22,0,2,0,0,0
TXN-106632,238.14,17.0,18,0,1,0,0,0
TXN-106633,29.8,0.6,6,0,2,0,0,0
TXN-106634,65.45,1.8,10,0,1,0,0,0
TXN-106635,63.17,9.1,20,0,1,0,0,0
TXN-106636,14.07,3.4,13,0,1,0,0,0
TXN-106637,27.62,3.6,13,0,1,0,0,0
TXN-106638,14.41,0.2,6,0,1,0,0,0
TXN-106639,53.33,4.7,13,0,2,0,0,0
TXN-106640,72.72,2.6,15,0,1,0,0,0
TXN-106641,76.25,5.1,16,0,1,0,0,0
TXN-106642,88.21,2.0,13,0,2,0,0,0
TXN-106643,12.5,0.2,14,0,1,0,0,0
TXN-106644,46.83,4.0,21,0,2,0,0,0
TXN-106645,37.43,4.2,11,0,2,0,0,0
TXN-106646,33.49,6.9,22,0,1,0,0,0
TXN-106647,77.03,7.8,16,1,1,0,0,0
TXN-106648,17.36,0.5,7,0,1,0,0,0
TXN-106649,110.2,18.6,11,0,1,0,0,0
TXN-106650,59.48,7.6,10,0,1,0,0,0
TXN-106651,96.76,2.7,16,0,2,0,0,0
TXN-106652,53.55,9.3,16,0,2,0,0,0
TXN-106653,141.25,8.6,10,0,1,0,0,0
TXN-106654,25.87,5.1,8,0,1,0,0,0
TXN-106655,23.03,3.9,6,0,1,0,0,0
TXN-106656,13.66,0.4,17,1,1,0,0,0
TXN-106657,39.07,0.4,8,0,2,0,0,0
TXN-106658,61.81,2.1,10,0,1,0,0,0
TXN-106659,49.99,6.2,14,0,1,0,0,0
TXN-106660,77.27,2.4,21,1,1,0,0,0
TXN-106661,74.05,1.3,9,0,1,0,0,0
TXN-106662,13.5,4.8,13,0,1,0,0,0
TXN-106663,28.25,7.1,16,0,1,0,0,0
TXN-106664,95.61,15.0,6,0,1,0,0,0
TXN-106665,57.82,7.4,9,0,1,0,0,0
TXN-106666,44.15,3.2,21,0,2,0,0,0
TXN-106667,16.99,6.2,16,0,1,0,0,0
TXN-106668,59.48,0.6,14,0,1,0,0,0
TXN-106669,43.95,9.3,19,0,1,0,0,0
TXN-106670,77.41,0.4,10,0,1,0,0,0
TXN-106671,47.5,6.0,14,0,1,0,0,0
TXN-106672,82.09,1.0,11,0,1,0,0,0
TXN-106673,107.68,8.1,7,0,1,0,0,0
TXN-106674,127.43,9.9,10,0,1,0,0,0
TXN-106675,35.14,0.8,15,0,1,0,0,0
TXN-106676,350.26,1.8,22,0,2,0,0,0
TXN-106677,72.7,3.5,7,0,1,0,0,0
TXN-106678,62.04,14.6,12,0,1,0,0,0
TXN-106679,69.04,1.1,14,0,1,0,0,0
TXN-106680,81.31,0.9,8,0,2,0,0,0
TXN-106681,609.3,62.1,0,1,4,3,1,1
TXN-106682,27.98,6.3,8,0,1,0,0,0
TXN-106683,29.03,11.1,20,0,1,0,1,0
TXN-106684,43.48,4.1,17,0,1,0,0,0
TXN-106685,18.1,4.3,20,0,1,0,0,0
TXN-106686,37.83,1.4,11,0,1,0,0,0
TXN-106687,157.7,3.3,18,0,1,1,0,0
TXN-106688,14.7,6.8,11,0,1,0,0,0
TXN-106689,27.6,1.7,18,0,1,0,0,0
TXN-106690,29.63,0.1,10,0,1,0,0,0
TXN-106691,27.13,5.2,7,0,1,0,0,0
TXN-106692,27.17,2.9,21,0,2,0,0,0
TXN-106693,45.15,3.7,21,0,2,0,0,0
TXN-106694,25.22,7.7,6,0,1,0,0,0
TXN-106695,165.0,5.1,13,1,1,1,0,0
TXN-106696,178.04,1.9,12,0,1,0,0,0
TXN-106697,36.11,9.4,22,0,1,0,0,0
TXN-106698,56.52,0.7,15,0,1,0,0,0
TXN-106699,14.51,11.6,15,0,1,1,0,0
TXN-106700,48.11,11.4,17,0,1,0,0,0
TXN-106701,25.6,14.8,13,0,1,0,0,0
TXN-106702,169.42,2.8,13,1,2,0,0,0
TXN-106703,25.25,3.0,10,0,1,0,0,0
TXN-106704,95.7,0.2,8,0,1,0,0,0
TXN-106705,62.24,14.2,6,0,2,0,0,0
TXN-106706,4817.06,342.6,0,1,6,2,1,1
TXN-106707,32.0,6.3,17,0,1,0,0,0
TXN-106708,119.51,1.1,20,0,1,0,0,0
TXN-106709,110.1,10.2,10,0,1,0,0,0
TXN-106710,148.45,3.6,18,0,1,0,0,0
TXN-106711,40.15,0.2,8,1,1,0,0,0
TXN-106712,53.01,5.8,8,0,1,0,0,0
TXN-106713,142.7,3.8,10,0,1,0,0,0
TXN-106714,20.24,7.2,8,0,2,0,0,0
TXN-106715,18.25,2.9,16,0,2,0,0,0
TXN-106716,2678.16,131.4,5,0,4,0,1,1
TXN-106717,7.73,0.8,14,0,1,0,0,0
TXN-106718,55.89,1.1,7,0,1,0,0,0
TXN-106719,44.77,1.4,18,0,1,0,0,0
TXN-106720,73.13,8.6,22,0,1,1,0,0
TXN-106721,98.04,2.6,14,0,1,0,0,0
TXN-106722,99.27,4.1,11,0,1,0,0,0
TXN-106723,145.58,17.6,11,0,1,0,0,0
TXN-106724,53.81,0.1,14,0,1,0,0,0
TXN-106725,33.43,10.8,8,0,1,0,0,0
TXN-106726,39.38,0.0,8,0,1,0,0,0
TXN-106727,30.24,2.0,20,0,1,0,0,0
TXN-106728,21.71,0.2,11,1,1,1,0,0
TXN-106729,13.51,11.9,9,0,1,0,0,0
TXN-106730,37.67,6.9,11,0,1,0,0,0
TXN-106731,21.69,23.1,19,0,2,0,0,0
TXN-106732,148.69,0.6,18,0,1,0,0,0
TXN-106733,21.73,4.1,11,0,2,1,0,0
TXN-106734,143.99,7.8,12,0,1,0,0,0
TXN-106735,25.15,6.2,14,0,1,0,0,0
TXN-106736,49.12,4.2,8,0,1,0,0,0
TXN-106737,36.02,1.8,22,0,1,0,0,0
TXN-106738,52.42,1.3,19,0,1,0,0,0
TXN-106739,38.53,14.7,10,1,1,0,0,0
TXN-106740,27.58,2.8,9,0,1,0,0,0
TXN-106741,14.03,7.9,6,0,1,0,0,0
TXN-106742,45.22,2.9,17,0,2,0,0,0
TXN-106743,24.55,2.2,20,0,1,0,0,0
TXN-106744,30.7,2.9,15,0,1,0,0,0
TXN-106745,41.37,15.0,9,0,2,0,0,0
TXN-106746,96.1,7.7,11,0,1,0,0,0
TXN-106747,61.29,1.7,11,0,1,1,0,0
TXN-106748,15.29,2.1,16,0,1,0,0,0
TXN-106749,44.43,6.6,20,1,1,0,1,0
TXN-106750,752.38,0.4,15,0,1,0,0,0
TXN-106751,57.24,1.1,18,0,1,0,0,0
TXN-106752,94.63,2.8,12,0,1,0,0,0
TXN-106753,72.98,6.1,20,0,1,0,0,0
TXN-106754,104.22,2.8,21,1,1,0,0,0
TXN-106755,10544.05,285.6,5,0,6,2,1,1
TXN-106756,54.2,0.2,17,0,1,0,0,0
TXN-106757,91.12,3.5,17,0,1,0,0,0
TXN-106758,13.72,10.7,16,0,1,0,0,0
TXN-106759,26.01,0.3,19,0,1,0,0,0
TXN-106760,89.82,3.3,11,0,1,0,0,0
TXN-106761,21.15,2.9,8,0,2,0,0,0
TXN-106762,478.62,243.3,0,1,3,3,1,1
TXN-106763,78.82,0.4,18,0,1,0,0,0
TXN-106764,246.27,1.8,17,0,1,0,0,0
TXN-106765,88.73,14.5,22,0,1,0,0,0
TXN-106766,9.64,5.5,17,0,1,0,0,0
TXN-106767,24.2,3.6,8,0,1,0,0,0
TXN-106768,46.59,0.5,14,0,1,0,0,0
TXN-106769,40.06,6.7,11,0,1,0,0,0
TXN-106770,54.32,0.4,22,0,1,0,0,0
TXN-106771,20.41,5.9,8,0,1,0,0,0
TXN-106772,21.59,1.6,21,0,1,0,0,0
TXN-106773,46.74,0.3,21,1,1,0,0,0
TXN-106774,154.46,2.6,17,0,1,0,0,0
TXN-106775,21.2,3.2,21,0,1,0,0,0
TXN-106776,23.99,9.9,9,1,2,0,0,0
TXN-106777,4643.22,391.6,3,1,4,0,1,1
TXN-106778,18.89,0.9,14,0,1,0,0,0
TXN-106779,23.24,2.3,6,0,1,0,0,0
TXN-106780,75.28,4.8,10,0,1,0,0,0
TXN-106781,24.79,1.6,16,0,1,0,0,0
TXN-106782,8.97,2.8,18,0,1,1,0,0
TXN-106783,77.96,1.7,15,0,1,0,0,0
TXN-106784,29.59,1.2,9,0,1,0,0,0
TXN-106785,13.06,0.4,13,0,1,0,0,0
TXN-106786,73.03,0.3,18,0,1,0,0,0
TXN-106787,19.8,2.4,14,0,1,0,0,0
TXN-106788,34.23,0.6,12,0,1,0,0,0
TXN-106789,32.8,0.6,7,0,1,0,0,0
TXN-106790,98.21,12.0,8,0,1,0,0,0
TXN-106791,85.55,7.7,9,0,2,0,0,0
TXN-106792,1027.27,117.8,2,1,3,3,0,1
TXN-106793,34.91,2.0,13,0,1,0,0,0
TXN-106794,11.59,9.6,16,0,1,0,0,0
TXN-106795,11.84,8.5,21,0,2,0,0,0
TXN-106796,22.15,0.3,10,0,1,0,0,0
TXN-106797,23.53,14.8,22,0,1,0,0,0
TXN-106798,175.71,1.6,16,0,1,0,0,0
TXN-106799,61.13,3.3,21,1,1,0,0,0
TXN-106800,46.83,22.8,16,0,1,0,0,0
TXN-106801,65.47,5.7,11,0,1,0,0,0
TXN-106802,170.91,0.2,17,0,1,0,0,0
TXN-106803,54.66,22.6,14,0,1,0,0,0
TXN-106804,116.33,4.5,8,0,1,0,0,0
TXN-106805,46.71,3.2,12,0,1,0,0,0
TXN-106806,14.99,0.4,11,0,1,0,0,0
TXN-106807,51.82,0.2,13,0,2,0,0,0
TXN-106808,47.18,14.0,11,1,1,0,0,0
TXN-106809,102.4,0.4,17,0,1,0,0,0
TXN-106810,13.12,16.7,15,0,1,0,0,0
TXN-106811,46.29,2.0,17,0,2,0,0,0
TXN-106812,29.03,2.2,11,1,1,0,0,0
TXN-106813,36.72,0.5,10,0,2,0,0,0
TXN-106814,42.98,4.6,15,0,1,0,0,0
TXN-106815,141.64,3.7,10,0,1,0,0,0
TXN-106816,23.36,4.6,6,0,1,0,0,0
TXN-106817,24.21,2.1,14,0,1,0,0,0
TXN-106818,55.88,1.5,16,0,1,0,0,0
TXN-106819,53.11,4.5,22,1,1,0,0,0
TXN-106820,13.69,1.7,21,0,1,0,0,0
TXN-106821,23.81,2.9,12,0,1,0,0,0
TXN-106822,8.55,10.6,20,0,1,0,0,0
TXN-106823,132.7,13.0,16,0,2,1,0,0
TXN-106824,67.88,3.1,13,0,1,0,0,0
TXN-106825,57.19,7.9,16,0,1,0,0,0
TXN-106826,44.64,0.9,14,0,1,0,0,0
TXN-106827,119.0,1.1,20,0,1,0,0,0
TXN-106828,90.34,18.6,15,0,1,0,0,0
TXN-106829,38.38,1.4,12,0,1,0,0,0
TXN-106830,72.83,2.1,11,0,1,0,0,0
TXN-106831,47.91,8.0,8,1,2,0,0,0
TXN-106832,61.91,11.3,15,0,1,0,0,0
TXN-106833,34.95,9.5,12,0,1,0,0,0
TXN-106834,93.19,1.6,16,0,1,0,0,0
TXN-106835,55.28,7.3,9,0,1,0,0,0
TXN-106836,22.8,4.4,6,0,1,0,0,0
TXN-106837,52.6,5.7,8,1,1,0,0,0
TXN-106838,28.15,0.1,9,0,2,0,0,0
TXN-106839,22.32,3.6,15,0,1,0,0,0
TXN-106840,87.49,1.2,9,0,1,0,0,0
TXN-106841,18.75,3.9,18,0,1,0,0,0
TXN-106842,133.55,1.9,11,0,1,0,0,0
TXN-106843,22.18,0.6,10,0,1,0,0,0
TXN-106844,106.56,6.1,16,0,1,0,0,0
TXN-106845,58.21,1.4,12,0,1,0,0,0
TXN-106846,36.87,0.8,21,0,2,0,0,0
TXN-106847,105.52,5.3,9,0,1,0,0,0
TXN-106848,38.0,20.2,20,0,1,0,0,0
TXN-106849,31.11,3.8,16,0,1,0,0,0
TXN-106850,118.73,11.0,14,0,2,0,0,0
TXN-106851,41.02,2.9,6,0,1,0,0,0
TXN-106852,320.73,21.0,22,0,2,0,0,0
TXN-106853,35.07,4.3,10,0,1,0,0,0
TXN-106854,17.91,1.3,8,0,1,0,0,0
TXN-106855,35.15,9.9,16,0,1,0,0,0
TXN-106856,36.33,5.1,15,0,2,0,0,0
TXN-106857,102.22,0.1,16,0,1,0,0,0
TXN-106858,65.38,1.2,17,0,1,0,0,0
TXN-106859,54.45,7.2,12,0,1,0,0,0
TXN-106860,28.79,3.6,7,0,1,0,0,0
TXN-106861,14.31,1.8,8,0,1,0,0,0
TXN-106862,223.79,0.6,19,0,1,0,0,0
TXN-106863,80.94,1.2,10,1,1,0,0,0
TXN-106864,292.73,7.6,22,0,1,0,0,0
TXN-106865,55.55,15.7,6,0,1,0,0,0
TXN-106866,8.89,3.0,14,0,1,0,0,0
TXN-106867,60.26,0.8,19,0,1,0,0,0
TXN-106868,27.8,0.9,21,0,2,0,0,0
TXN-106869,31.02,0.2,17,0,1,0,0,0
TXN-106870,21.78,6.1,22,0,1,0,0,0
TXN-106871,122.07,2.3,18,0,2,0,0,0
TXN-106872,9.29,3.4,8,0,1,0,0,0
TXN-106873,67.7,7.0,20,0,2,0,0,0
TXN-106874,55.58,6.7,12,0,1,0,0,0
TXN-106875,4.61,7.0,15,0,1,0,0,0
TXN-106876,162.79,2.5,8,0,1,0,0,0
TXN-106877,31.93,1.5,17,0,1,0,0,0
TXN-106878,44.04,0.7,10,0,1,0,0,0
TXN-106879,100.27,0.2,19,0,1,0,0,0
TXN-106880,54.86,2.4,9,0,1,0,0,0
TXN-106881,13.67,12.4,8,0,1,0,0,0
TXN-106882,29.25,3.5,17,0,1,0,0,0
TXN-106883,19.0,6.9,7,0,1,1,0,0
TXN-106884,105.43,4.2,14,0,1,0,0,0
TXN-106885,44.97,14.3,19,1,1,0,0,0
TXN-106886,15.98,4.9,14,0,1,0,0,0
TXN-106887,25.26,4.2,22,0,1,0,0,0
TXN-106888,18.45,5.5,19,0,1,0,0,0
TXN-106889,74.92,0.1,10,0,1,0,0,0
TXN-106890,15.64,0.7,11,1,1,0,0,0
TXN-106891,80.75,11.2,22,0,2,0,0,0
TXN-106892,78.0,22.3,15,0,1,0,0,0
TXN-106893,67.39,3.3,13,0,2,0,0,0
TXN-106894,41.29,8.0,19,0,2,0,0,0
TXN-106895,10.56,0.3,18,0,2,0,0,0
TXN-106896,51.43,6.6,20,0,2,1,0,0
TXN-106897,118.46,4.1,7,0,1,0,0,0
TXN-106898,21.98,2.0,17,0,1,0,0,0
TXN-106899,52.28,24.5,18,0,1,1,0,0
TXN-106900,12.95,1.3,22,0,1,0,0,0
TXN-106901,19.03,4.7,22,0,1,0,0,0
TXN-106902,65.57,0.6,13,0,1,0,0,0
TXN-106903,40.24,3.9,14,1,1,0,0,0
TXN-106904,33.56,2.1,16,1,1,0,0,0
TXN-106905,24.27,9.6,7,0,1,0,0,0
TXN-106906,18.25,0.3,8,0,1,0,0,0
TXN-106907,48.52,0.8,8,0,1,0,0,0
TXN-106908,127.02,9.8,13,1,1,0,0,0
TXN-106909,112.94,4.4,18,1,1,0,0,0
TXN-106910,81.07,3.9,12,0,1,0,0,0
TXN-106911,33.28,10.1,21,0,1,0,0,0
TXN-106912,34.39,10.5,7,0,1,0,0,0
TXN-106913,20.25,7.3,13,0,1,0,0,0
TXN-106914,30.18,3.6,16,1,2,0,0,0
TXN-106915,65.41,0.2,8,0,1,0,0,0
TXN-106916,95.77,0.1,11,0,1,0,0,0
TXN-106917,54.43,21.2,22,0,1,0,0,0
TXN-106918,49.04,7.7,10,0,1,0,0,0
TXN-106919,159.57,15.9,17,0,1,0,0,0
TXN-106920,39.11,6.1,17,0,1,0,0,0
TXN-106921,33.86,7.6,14,0,1,0,0,0
TXN-106922,104.19,0.5,12,0,1,0,0,0
TXN-106923,69.46,2.0,11,1,1,0,0,0
TXN-106924,168.85,1.4,7,1,1,0,0,0
TXN-106925,34.43,16.0,15,0,1,0,0,0
TXN-106926,51.61,0.2,12,0,2,0,0,0
TXN-106927,7.57,0.9,15,0,1,0,0,0
TXN-106928,32.53,5.1,20,0,1,0,0,0
TXN-106929,69.86,4.6,7,0,1,0,0,0
TXN-106930,82.07,8.4,7,0,1,0,0,0
TXN-106931,39.07,1.5,9,0,2,0,0,0
TXN-106932,95.8,1.2,16,0,2,0,0,0
TXN-106933,46.38,3.2,22,1,1,0,0,0
TXN-106934,13.63,2.9,12,0,1,0,0,0
TXN-106935,168.06,2.9,17,0,1,0,0,0
TXN-106936,13.52,13.0,16,0,1,0,0,0
TXN-106937,18.35,0.6,18,0,1,0,0,0
TXN-106938,73.74,7.2,11,1,1,0,0,0
TXN-106939,53.79,1.3,9,0,1,0,0,0
TXN-106940,102.8,1.5,6,0,1,0,1,0
TXN-106941,160.07,0.3,19,0,1,0,0,0
TXN-106942,3.99,1.4,7,0,1,0,0,0
TXN-106943,38.15,6.0,8,0,1,0,0,0
TXN-106944,19.03,1.1,9,0,1,0,0,0
TXN-106945,18.18,10.3,14,0,1,0,0,0
TXN-106946,47.7,1.1,8,0,2,0,0,0
TXN-106947,174.81,1.0,17,0,2,0,0,0
TXN-106948,52.37,5.2,13,0,1,0,0,0
TXN-106949,770.78,100.5,2,1,5,1,0,1
TXN-106950,276.35,0.7,16,0,1,0,0,0
TXN-106951,95.62,11.9,6,0,1,0,0,0
TXN-106952,17.76,2.0,20,0,2,0,0,0
TXN-106953,67.21,6.9,13,0,2,0,0,0
TXN-106954,55.22,0.3,19,0,1,0,0,0
TXN-106955,150.8,3.1,7,0,1,0,0,0
TXN-106956,17.16,0.1,10,0,1,0,0,0
TXN-106957,161.75,3.0,12,0,1,0,0,0
TXN-106958,126.82,1.0,19,0,1,0,0,0
TXN-106959,22.62,0.2,9,0,1,0,0,0
TXN-106960,27.52,9.1,18,1,2,0,0,0
TXN-106961,116.05,2.7,17,0,1,0,0,0
TXN-106962,32.03,4.1,20,0,1,0,0,0
TXN-106963,16.89,3.3,16,0,1,0,0,0
TXN-106964,139.27,20.0,17,1,2,0,0,0
TXN-106965,5.36,4.1,14,0,1,0,0,0
TXN-106966,11.25,17.4,14,0,1,0,0,0
TXN-106967,15.11,0.3,18,0,2,0,0,0
TXN-106968,8.51,0.8,11,0,1,0,0,0
TXN-106969,72.21,3.0,6,0,1,0,0,0
TXN-106970,46.08,2.1,13,0,1,0,0,0
TXN-106971,9.69,3.7,18,0,2,0,0,0
TXN-106972,96.95,6.8,11,0,1,0,0,0
TXN-106973,394.49,406.3,2,0,6,2,1,1
TXN-106974,52.53,7.4,22,0,1,0,0,0
TXN-106975,56.17,9.7,7,0,1,0,0,0
TXN-106976,234.92,10.9,13,0,1,0,0,0
TXN-106977,7.44,18.6,16,0,1,0,1,0
TXN-106978,9.32,2.1,12,0,1,0,0,0
TXN-106979,27.12,4.7,13,0,1,0,0,0
TXN-106980,38.58,18.6,8,0,1,0,0,0
TXN-106981,80.87,9.5,22,0,1,0,0,0
TXN-106982,27.05,4.9,7,0,1,0,0,0
TXN-106983,63.65,11.7,11,0,1,0,0,0
TXN-106984,77.44,2.2,14,1,1,0,0,0
TXN-106985,21.6,0.5,19,0,1,0,0,0
TXN-106986,13.9,13.2,12,0,1,0,0,0
TXN-106987,41.44,10.6,19,0,1,0,0,0
TXN-106988,6.53,0.7,17,0,1,0,0,0
TXN-106989,184.53,10.2,13,0,1,0,0,0
TXN-106990,45.49,3.6,8,0,1,0,0,0
TXN-106991,91.46,7.0,13,0,2,0,0,0
TXN-106992,38.61,3.3,19,0,1,0,0,0
TXN-106993,26.43,12.5,18,1,1,0,0,0
TXN-106994,59.64,0.3,11,0,1,0,0,0
TXN-106995,90.5,4.5,14,0,1,0,0,0
TXN-106996,239.79,7.2,18,0,1,0,0,0
TXN-106997,57.94,9.1,16,0,1,0,0,0
TXN-106998,48.12,8.1,14,0,1,0,0,0
TXN-106999,12.45,2.8,19,0,1,0,0,0
TXN-107000,27.38,12.4,18,0,1,0,0,0
TXN-107001,39.01,14.2,22,0,2,0,0,0
TXN-107002,19.72,13.2,19,0,2,1,0,0
TXN-107003,95.9,3.9,22,0,1,0,0,0
TXN-107004,104.22,4.8,11,1,1,0,0,0
TXN-107005,51.34,6.1,21,0,1,0,0,0
TXN-107006,50.17,5.4,16,0,1,0,0,0
TXN-107007,22.52,2.0,8,0,1,0,0,0
TXN-107008,106.55,3.8,13,0,2,0,0,0
TXN-107009,75.54,0.0,15,0,1,1,0,0
TXN-107010,5.5,0.7,10,0,2,0,0,0
TXN-107011,119.0,0.9,21,0,1,0,0,0
TXN-107012,23.46,3.2,16,0,1,1,0,0
TXN-107013,34.06,12.5,10,0,2,0,0,0
TXN-107014,15.98,3.5,10,0,1,0,0,0
TXN-107015,45.34,3.6,18,0,1,0,0,0
TXN-107016,29.88,1.4,10,0,1,0,0,0
TXN-107017,14.28,2.0,8,0,1,0,0,0
TXN-107018,96.67,8.1,14,0,1,0,0,0
TXN-107019,42.58,1.9,19,0,1,1,0,0
TXN-107020,91.87,0.5,9,0,1,0,0,0
TXN-107021,103.6,1.5,10,0,1,0,0,0
TXN-107022,60.57,4.3,6,0,1,0,1,0
TXN-107023,144.0,3.4,9,0,1,0,0,0
TXN-107024,22.17,2.0,22,0,1,0,0,0
TXN-107025,38.25,1.4,21,0,1,0,0,0
TXN-107026,31.91,4.9,12,0,1,0,1,0
TXN-107027,60.7,2.6,20,0,1,1,1,0
TXN-107028,940.6,211.0,1,1,4,1,1,1
TXN-107029,165.57,8.3,13,0,1,0,0,0
TXN-107030,21.13,12.0,13,0,1,0,0,0
TXN-107031,25.62,0.6,13,0,1,1,0,0
TXN-107032,12.16,2.0,13,0,1,0,0,0
TXN-107033,59.16,21.6,8,0,1,0,0,0
TXN-107034,67.08,4.5,21,0,1,0,0,0
TXN-107035,30.32,0.6,21,0,1,0,0,0
TXN-107036,14.52,4.5,22,0,1,0,0,0
TXN-107037,29.85,5.4,22,0,2,0,0,0
TXN-107038,101.65,5.1,21,0,1,0,0,0
TXN-107039,54.76,4.1,15,1,1,0,1,0
TXN-107040,60.11,1.4,17,0,1,1,0,0
TXN-107041,62.56,1.2,15,0,1,1,0,0
TXN-107042,122.64,1.7,20,0,1,0,0,0
TXN-107043,57.43,7.0,13,0,1,0,0,0
TXN-107044,58.6,1.8,11,0,1,0,0,0
TXN-107045,94.16,0.3,22,0,1,0,1,0
TXN-107046,124.63,1.0,6,0,1,0,0,0
TXN-107047,15.08,0.2,18,0,1,0,0,0
TXN-107048,107.52,0.5,16,0,2,0,0,0
TXN-107049,118.97,0.1,21,1,1,0,0,0
TXN-107050,120.32,1.1,10,1,1,0,0,0
TXN-107051,33.43,9.9,12,0,1,0,0,0
TXN-107052,47.32,0.9,9,0,2,0,0,0
TXN-107053,36.77,11.1,9,0,1,0,0,0
TXN-107054,91.25,0.1,14,0,1,0,0,0
TXN-107055,46.91,0.0,21,0,1,0,0,0
TXN-107056,36.64,8.0,16,0,1,0,0,0
TXN-107057,35.72,1.7,19,0,1,0,0,0
TXN-107058,59.18,12.5,7,0,1,0,0,0
TXN-107059,53.76,2.7,13,0,1,0,0,0
TXN-107060,45.62,0.2,21,0,2,0,0,0
TXN-107061,29.28,4.0,10,0,1,0,0,0
TXN-107062,91.72,1.0,18,0,1,0,0,0
TXN-107063,72.79,14.0,14,0,2,0,0,0
TXN-107064,42.0,0.4,14,0,1,0,0,0
TXN-107065,59.07,6.4,15,1,1,0,0,0
TXN-107066,72.96,2.3,19,0,1,0,0,0
TXN-107067,104.49,11.4,8,0,1,1,0,0
TXN-107068,51.23,6.1,19,0,1,0,0,0
TXN-107069,108.31,3.7,19,1,2,0,0,0
TXN-107070,55.81,2.0,17,0,1,0,0,0
TXN-107071,129.81,3.9,9,0,1,0,1,0
TXN-107072,68.57,0.2,6,0,1,0,0,0
TXN-107073,30.92,3.4,21,0,1,0,0,0
TXN-107074,89.6,0.4,11,0,1,0,0,0
TXN-107075,25.11,4.3,14,0,1,0,0,0
TXN-107076,64.25,2.9,16,0,1,0,0,0
TXN-107077,60.67,11.4,19,0,1,0,0,0
TXN-107078,97.73,0.3,18,0,1,0,0,0
TXN-107079,65.27,6.1,6,0,1,0,0,0
TXN-107080,97.78,2.0,18,0,2,0,0,0
TXN-107081,6.64,9.3,6,0,1,0,0,0
TXN-107082,17.27,8.6,11,0,1,0,0,0
TXN-107083,56.91,0.2,13,0,1,0,0,0
TXN-107084,22.45,3.5,7,0,1,0,0,0
TXN-107085,44.0,2.8,18,0,1,0,1,0
TXN-107086,107.54,1.7,13,0,1,0,0,0
TXN-107087,201.12,1.1,20,0,1,1,0,0
TXN-107088,92.59,25.6,6,0,2,0,0,0
TXN-107089,24.36,0.8,18,0,1,0,0,0
TXN-107090,65.66,15.5,17,0,1,0,0,0
TXN-107091,61.77,0.6,16,0,1,1,0,0
TXN-107092,22.6,16.8,12,0,1,0,0,0
TXN-107093,150.93,10.7,19,0,1,0,0,0
TXN-107094,16.88,2.6,17,0,1,0,0,0
TXN-107095,17.7,5.3,12,0,1,0,1,0
TXN-107096,25.33,3.1,20,0,1,1,0,0
TXN-107097,67.92,0.1,22,0,1,0,0,0
TXN-107098,35.71,2.0,18,1,1,0,0,0
TXN-107099,26.55,2.8,8,0,1,0,0,0
TXN-107100,45.93,3.2,20,1,1,0,0,0
TXN-107101,537.01,65.4,4,1,5,1,0,1
TXN-107102,27.72,11.4,22,0,1,0,0,0
TXN-107103,66.04,1.5,6,0,1,0,0,0
TXN-107104,28.67,13.9,14,0,1,0,0,0
TXN-107105,142.2,6.1,21,0,1,0,0,0
TXN-107106,107.47,4.5,21,0,1,0,0,0
TXN-107107,13.26,6.4,12,0,1,0,0,0
TXN-107108,550.15,13.8,11,0,1,0,0,0
TXN-107109,47.94,3.9,22,1,1,0,0,0
TXN-107110,13.55,0.8,15,0,1,0,0,0
TXN-107111,72.81,0.3,10,0,1,0,0,0
TXN-107112,10.71,3.2,21,0,1,0,0,0
TXN-107113,16.55,3.5,18,0,1,0,0,0
TXN-107114,68.65,3.2,11,0,1,0,0,0
TXN-107115,53.62,3.7,10,1,2,0,0,0
TXN-107116,34.87,18.4,10,0,1,0,0,0
TXN-107117,91.47,6.8,10,0,1,0,0,0
TXN-107118,30.09,16.4,18,0,1,0,0,0
TXN-107119,145.81,2.3,22,0,1,0,0,0
TXN-107120,59.77,0.5,20,0,1,0,0,0
TXN-107121,12.82,4.1,7,0,1,0,0,0
TXN-107122,28.67,2.2,15,0,1,0,0,0
TXN-107123,115.74,3.3,10,0,1,0,0,0
TXN-107124,72.42,3.2,14,0,1,0,0,0
TXN-107125,57.6,4.2,7,0,1,0,0,0
TXN-107126,15.36,2.3,10,0,1,0,0,0
TXN-107127,54.58,0.6,11,0,1,0,0,0
TXN-107128,29.98,9.3,21,0,1,0,0,0
TXN-107129,178.56,2.7,11,0,1,0,0,0
TXN-107130,177.96,0.8,10,0,1,0,0,0
TXN-107131,461.53,3.7,8,0,1,0,0,0
TXN-107132,40.89,6.6,17,0,1,0,0,0
TXN-107133,27.61,4.9,10,0,1,0,0,0
TXN-107134,58.58,0.9,11,0,1,0,0,0
TXN-107135,153.14,7.2,16,0,1,0,0,0
TXN-107136,40.97,3.2,17,1,1,0,0,0
TXN-107137,57.16,7.7,12,0,1,0,0,0
TXN-107138,23.11,2.7,18,0,1,0,0,0
TXN-107139,38.88,9.7,7,0,1,0,0,0
TXN-107140,15.02,6.4,21,0,1,0,0,0
TXN-107141,131.93,2.2,11,0,1,0,0,0
TXN-107142,16.52,7.2,7,0,2,0,0,0
TXN-107143,27.9,4.0,14,1,1,0,0,0
TXN-107144,45.87,4.3,8,0,1,0,0,0
TXN-107145,118.48,0.3,20,0,1,0,0,0
TXN-107146,37.23,10.5,9,0,1,1,0,0
TXN-107147,40.42,2.6,16,0,1,0,0,0
TXN-107148,26.76,7.6,21,0,1,0,0,0
TXN-107149,101.22,2.0,12,0,1,0,0,0
TXN-107150,56.56,4.7,7,0,1,0,0,0
TXN-107151,28.15,2.8,22,0,1,0,0,0
TXN-107152,136.96,2.1,21,0,1,0,0,0
TXN-107153,1401.81,328.0,3,1,4,1,1,1
TXN-107154,46.45,6.3,16,0,1,0,0,0
TXN-107155,57.89,1.0,9,0,1,0,0,0
TXN-107156,63.37,1.9,13,0,1,0,1,0
TXN-107157,32.12,0.9,9,0,1,0,0,0
TXN-107158,64.21,2.5,16,0,1,1,0,0
TXN-107159,17.91,5.9,14,0,1,0,0,0
TXN-107160,73.04,1.3,14,1,2,0,0,0
TXN-107161,83.7,11.6,22,0,1,0,0,0
TXN-107162,31.19,15.6,13,0,1,0,0,0
TXN-107163,30.66,3.7,15,0,1,1,0,0
TXN-107164,52.49,1.4,17,0,1,0,0,0
TXN-107165,51.47,6.1,13,0,2,0,0,0
TXN-107166,16.61,4.3,7,0,1,0,0,0
TXN-107167,74.51,7.5,22,0,1,0,0,0
TXN-107168,37.07,4.9,22,0,2,0,0,0
TXN-107169,14.81,14.1,9,0,1,1,0,0
TXN-107170,41.55,4.9,10,0,2,0,1,0
TXN-107171,130.23,6.3,14,0,1,0,0,0
TXN-107172,38.48,3.3,14,0,1,0,0,0
TXN-107173,159.67,3.4,13,0,1,0,0,0
TXN-107174,110.18,2.2,6,0,1,0,0,0
TXN-107175,24.6,2.8,10,0,1,0,0,0
TXN-107176,25.94,13.1,20,0,2,0,0,0
TXN-107177,11.11,4.5,14,0,1,0,0,0
TXN-107178,46.28,1.5,16,0,1,0,0,0
TXN-107179,1838.79,181.6,3,0,3,0,1,1
TXN-107180,188.17,4.9,11,0,1,0,0,0
TXN-107181,15.82,0.4,11,0,1,0,0,0
TXN-107182,42.94,9.1,12,0,1,0,0,0
TXN-107183,17.91,4.7,15,0,2,0,0,0
TXN-107184,45.86,15.4,18,0,1,0,0,0
TXN-107185,43.14,4.3,18,0,1,0,0,0
TXN-107186,38.83,3.1,19,0,1,0,0,0
TXN-107187,20.05,2.1,12,0,1,0,0,0
TXN-107188,14.63,10.6,17,0,1,0,0,0
TXN-107189,105.67,0.9,10,0,1,0,0,0
TXN-107190,15.18,9.3,8,0,1,0,0,0
TXN-107191,91.11,6.8,11,0,1,0,0,0
TXN-107192,30.95,10.8,18,0,1,0,0,0
TXN-107193,40.26,10.4,15,0,1,0,0,0
TXN-107194,7.02,5.4,15,0,1,0,1,0
TXN-107195,47.36,12.0,20,0,1,0,0,0
TXN-107196,80.69,23.0,20,0,1,0,0,0
TXN-107197,133.05,2.6,12,0,1,0,0,0
TXN-107198,25.46,1.5,11,0,1,0,0,0
TXN-107199,78.19,4.4,19,0,1,0,1,0
TXN-107200,10.75,1.0,15,0,1,0,0,0
TXN-107201,56.18,0.3,10,0,1,0,0,0
TXN-107202,122.41,6.9,20,0,1,0,0,0
TXN-107203,18.9,0.5,22,0,1,0,0,0
TXN-107204,86.32,2.4,6,0,1,0,0,0
TXN-107205,44.81,1.6,15,0,1,0,0,0
TXN-107206,48.24,5.9,11,0,1,0,0,0
TXN-107207,114.29,0.5,14,0,1,0,0,0
TXN-107208,29.35,2.6,22,0,1,0,0,0
TXN-107209,29.8,5.7,14,0,1,0,0,0
TXN-107210,73.78,7.2,20,0,1,0,0,0
TXN-107211,15.87,1.8,18,0,1,0,0,0
TXN-107212,61.46,3.1,7,0,2,0,0,0
TXN-107213,30.48,1.7,21,0,1,0,0,0
TXN-107214,44.83,24.1,6,0,1,0,0,0
TXN-107215,7.62,19.4,16,0,1,0,0,0
TXN-107216,42.28,0.2,12,0,1,0,0,0
TXN-107217,30.26,1.2,14,0,1,0,0,0
TXN-107218,31.33,4.8,10,0,1,0,0,0
TXN-107219,45.26,6.5,11,0,1,0,0,0
TXN-107220,728.17,156.7,4,1,6,1,1,1
TXN-107221,44.82,2.1,9,0,1,0,0,0
TXN-107222,97.02,7.1,13,0,1,0,0,0
TXN-107223,6.67,4.8,13,0,1,0,0,0
TXN-107224,19.65,1.4,7,0,1,0,0,0
TXN-107225,58.73,0.9,13,0,1,0,0,0
TXN-107226,63.95,7.8,19,0,1,0,0,0
TXN-107227,21.45,13.3,7,0,1,1,0,0
TXN-107228,99.25,4.2,13,0,1,0,0,0
TXN-107229,43.56,2.0,18,1,1,0,0,0
TXN-107230,44.27,20.7,8,1,2,0,0,0
TXN-107231,63.91,1.7,21,0,1,0,0,0
TXN-107232,47.16,0.9,10,0,1,0,0,0
TXN-107233,34.16,1.4,10,0,1,0,0,0
TXN-107234,31.44,5.0,6,1,1,0,0,0
TXN-107235,121.13,8.1,17,0,1,0,0,0
TXN-107236,143.0,2.4,20,0,1,0,0,0
TXN-107237,100.24,2.5,7,0,1,0,0,0
TXN-107238,32.22,12.3,12,0,1,0,0,0
TXN-107239,64.69,11.0,16,0,1,0,0,0
TXN-107240,31.1,3.6,22,1,1,0,0,0
TXN-107241,71.2,0.9,15,0,1,0,1,0
TXN-107242,14.43,4.4,7,0,1,0,0,0
TXN-107243,17.79,8.3,13,0,1,0,0,0
TXN-107244,38.85,2.7,13,0,1,0,1,0
TXN-107245,21.3,1.8,9,0,2,0,0,0
TXN-107246,25.58,2.9,11,0,1,0,0,0
TXN-107247,30.5,8.4,10,0,2,0,0,0
TXN-107248,12.43,0.4,16,0,1,0,0,0
TXN-107249,73.11,2.5,13,0,1,0,0,0
TXN-107250,56.78,9.5,10,0,1,0,0,0
TXN-107251,131.74,5.3,16,0,1,0,0,0
TXN-107252,20.92,1.1,18,0,1,0,0,0
TXN-107253,10.26,4.9,12,0,1,0,0,0
TXN-107254,59.51,1.5,10,0,2,0,0,0
TXN-107255,10.63,6.7,13,1,1,0,0,0
TXN-107256,23.09,0.2,7,0,2,0,0,0
TXN-107257,31.66,3.0,19,0,1,0,0,0
TXN-107258,105.58,2.1,19,0,1,0,0,0
TXN-107259,95.68,2.5,11,0,1,0,0,0
TXN-107260,115.93,8.0,20,0,1,0,0,0
TXN-107261,124.74,0.0,13,0,2,0,0,0
TXN-107262,114.73,3.5,19,0,1,0,1,0
TXN-107263,20.19,1.4,18,1,1,0,0,0
TXN-107264,10.86,9.9,16,0,1,0,0,0
TXN-107265,5.9,3.0,19,0,1,0,0,0
TXN-107266,49.58,1.4,18,0,1,0,0,0
TXN-107267,20.58,2.3,12,0,1,0,0,0
TXN-107268,55.42,4.2,21,0,1,1,0,0
TXN-107269,69.63,3.5,14,0,1,0,0,0
TXN-107270,36.15,7.0,17,0,1,0,0,0
TXN-107271,113.44,3.7,20,0,1,0,0,0
TXN-107272,80.8,2.7,11,0,1,0,0,0
TXN-107273,53.48,6.7,11,0,1,0,0,0
TXN-107274,27.48,5.3,22,1,1,0,0,0
TXN-107275,74.31,7.5,8,0,1,1,0,0
TXN-107276,32.07,0.2,20,0,1,0,0,0
TXN-107277,24.4,10.0,15,0,1,0,0,0
TXN-107278,349.88,2.0,12,0,1,0,0,0
TXN-107279,88.71,2.8,18,0,1,0,0,0
TXN-107280,33.04,8.3,8,0,1,0,0,0
TXN-107281,26.76,3.2,17,0,2,0,0,0
TXN-107282,44.21,17.7,13,0,1,0,0,0
TXN-107283,43.44,7.7,11,0,2,0,0,0
TXN-107284,108.82,1.0,9,0,1,0,0,0
TXN-107285,58.06,3.0,7,1,1,0,0,0
TXN-107286,45.4,1.1,11,0,1,0,0,0
TXN-107287,66.31,1.9,10,1,2,0,0,0
TXN-107288,81.01,11.2,7,0,1,0,0,0
TXN-107289,31.63,1.0,10,0,1,0,0,0
TXN-107290,77.12,0.6,11,0,1,0,0,0
TXN-107291,33.37,7.3,15,0,1,0,0,0
TXN-107292,35.4,1.6,17,0,1,0,0,0
TXN-107293,83.16,2.2,21,0,1,0,1,0
TXN-107294,106.9,9.2,20,0,2,0,0,0
TXN-107295,14.98,1.4,17,0,1,0,0,0
TXN-107296,12.25,0.9,15,0,1,0,0,0
TXN-107297,26.88,2.1,22,0,1,0,0,0
TXN-107298,22.54,3.6,12,0,1,0,0,0
TXN-107299,122.21,0.1,13,0,1,0,0,0
TXN-107300,119.67,5.9,11,0,2,0,0,0
TXN-107301,52.3,5.0,7,0,1,0,0,0
TXN-107302,37.98,5.6,17,0,1,0,0,0
TXN-107303,14.62,8.5,16,0,1,0,0,0
TXN-107304,60.86,0.9,7,0,1,0,0,0
TXN-107305,48.15,0.6,13,0,1,0,0,0
TXN-107306,60.71,7.5,11,0,1,0,0,0
TXN-107307,12.67,0.9,22,0,1,0,0,0
TXN-107308,54.49,11.4,15,0,1,1,0,0
TXN-107309,40.73,3.0,12,0,1,0,0,0
TXN-107310,64.5,2.2,16,1,1,0,0,0
TXN-107311,86.49,1.5,18,0,1,0,0,0
TXN-107312,62.97,1.4,11,0,2,0,0,0
TXN-107313,27.83,2.1,6,0,1,0,0,0
TXN-107314,59.99,0.3,8,0,1,0,0,0
TXN-107315,57.78,9.7,17,0,1,0,0,0
TXN-107316,13.32,1.6,10,0,2,0,0,0
TXN-107317,52.97,1.2,21,0,2,0,0,0
TXN-107318,16.73,0.4,7,0,1,0,0,0
TXN-107319,2.51,6.2,22,0,1,0,0,0
TXN-107320,56.95,2.3,17,0,1,0,0,0
TXN-107321,28.34,1.5,9,0,1,0,0,0
TXN-107322,28.33,0.2,22,0,1,0,1,0
TXN-107323,39.75,15.0,9,1,1,0,0,0
TXN-107324,22.93,1.2,22,0,1,0,0,0
TXN-107325,86.28,0.2,6,0,1,0,0,0
TXN-107326,159.83,10.7,8,0,1,0,0,0
TXN-107327,18.68,10.2,6,1,1,0,0,0
TXN-107328,38.66,7.0,14,0,1,0,0,0
TXN-107329,661.08,222.7,4,1,5,2,1,1
TXN-107330,64.63,0.5,11,0,1,0,0,0
TXN-107331,103.44,3.9,10,0,1,0,0,0
TXN-107332,22.73,0.2,18,0,1,0,0,0
TXN-107333,38.67,16.2,10,0,1,0,0,0
TXN-107334,84.92,2.8,22,0,1,0,0,0
TXN-107335,58.36,3.4,17,0,1,0,0,0
TXN-107336,61.98,0.7,21,0,1,0,0,0
TXN-107337,44.03,19.4,18,0,1,0,0,0
TXN-107338,7.99,1.3,16,0,1,0,0,0
TXN-107339,9.91,3.7,9,0,1,1,0,0
TXN-107340,65.4,8.3,12,0,2,0,0,0
TXN-107341,51.19,7.9,11,0,2,0,0,0
TXN-107342,640.1,792.3,5,1,3,0,1,1
TXN-107343,117.36,1.6,15,0,1,0,0,0
TXN-107344,79.95,3.0,7,0,1,0,0,0
TXN-107345,53.85,2.3,6,0,2,0,0,0
TXN-107346,10.04,4.9,22,0,1,0,0,0
TXN-107347,27.28,17.3,14,0,1,0,0,0
TXN-107348,22.91,1.9,8,0,2,0,0,0
TXN-107349,27.57,2.2,14,0,1,0,0,0
TXN-107350,45.88,0.2,9,0,1,0,0,0
TXN-107351,34.74,5.1,17,0,1,0,0,0
TXN-107352,13.09,0.5,6,0,1,0,0,0
TXN-107353,66.98,0.7,8,0,2,0,0,0
TXN-107354,94.64,0.1,18,0,1,0,0,0
TXN-107355,147.94,0.4,17,0,1,0,0,0
TXN-107356,12.62,1.1,16,0,1,0,0,0
TXN-107357,171.09,8.9,10,0,1,0,0,0
TXN-107358,22.97,1.9,17,0,1,0,0,0
TXN-107359,22.18,10.5,18,0,1,0,1,0
TXN-107360,81.44,0.0,20,0,1,0,0,0
TXN-107361,46.6,5.6,17,0,2,0,0,0
TXN-107362,102.1,0.8,20,0,1,0,0,0
TXN-107363,170.02,1.7,11,0,2,0,0,0
TXN-107364,36.52,2.5,7,0,1,0,0,0
TXN-107365,19.5,0.5,19,0,1,0,0,0
TXN-107366,112.78,1.4,15,0,1,0,0,0
TXN-107367,26.84,4.4,19,0,1,0,0,0
TXN-107368,84.21,17.1,6,0,1,0,0,0
TXN-107369,10.64,7.9,11,0,1,0,0,0
TXN-107370,93.44,7.0,9,0,1,1,0,0
TXN-107371,95.55,16.5,22,0,1,0,0,0
TXN-107372,12.35,3.1,13,0,1,1,0,0
TXN-107373,40.14,0.2,20,0,1,0,0,0
TXN-107374,82.76,3.8,12,0,2,0,0,0
TXN-107375,23.15,1.9,17,0,1,0,0,0
TXN-107376,45.41,8.8,13,0,1,0,0,0
TXN-107377,63.81,2.8,22,0,1,0,0,0
TXN-107378,6.02,4.0,15,0,2,0,0,0
TXN-107379,6.6,5.8,13,0,1,0,0,0
TXN-107380,16.63,1.0,22,1,1,0,0,0
TXN-107381,64.65,7.6,14,0,1,1,0,0
TXN-107382,69.61,14.0,18,1,1,0,0,0
TXN-107383,79.3,1.7,6,0,2,0,0,0
TXN-107384,81.21,3.5,21,0,1,0,0,0
TXN-107385,27.62,2.5,16,0,1,0,0,0
TXN-107386,15.39,10.2,14,0,1,0,0,0
TXN-107387,70.51,4.2,19,0,1,0,0,0
TXN-107388,71.81,2.4,16,0,1,0,0,0
TXN-107389,22.15,4.1,21,0,2,0,0,0
TXN-107390,56.24,9.8,12,0,2,0,0,0
TXN-107391,8.48,3.2,16,0,1,0,0,0
TXN-107392,21.07,4.2,18,0,1,0,0,0
TXN-107393,24.72,0.1,12,0,1,0,0,0
TXN-107394,83.67,1.6,15,0,2,0,0,0
TXN-107395,37.2,1.2,6,0,1,0,0,0
TXN-107396,42.9,0.1,8,0,1,0,0,0
TXN-107397,116.77,0.9,10,1,1,0,0,0
TXN-107398,127.69,2.9,12,0,1,1,0,0
TXN-107399,59.03,0.4,16,0,2,0,0,0
TXN-107400,17.77,1.9,7,0,2,0,0,0
TXN-107401,125.51,1.4,13,0,2,0,0,0
TXN-107402,19.3,5.7,15,0,2,0,0,0
TXN-107403,43.57,3.9,15,0,1,0,0,0
TXN-107404,34.81,2.6,10,0,1,0,0,0
TXN-107405,27.76,7.1,6,0,1,1,1,0
TXN-107406,15.28,1.7,19,0,1,0,0,0
TXN-107407,68.71,2.7,6,0,2,0,0,0
TXN-107408,34.57,0.1,16,0,1,0,0,0
TXN-107409,108.61,1.6,18,1,1,0,0,0
TXN-107410,28.79,4.9,6,0,1,0,0,0
TXN-107411,33.12,9.9,10,0,1,0,0,0
TXN-107412,24.48,0.6,14,0,1,0,0,0
TXN-107413,17.26,0.0,14,1,1,0,0,0
TXN-107414,41.81,1.4,16,1,1,0,1,0
TXN-107415,11.74,1.7,13,0,1,0,0,0
TXN-107416,22.52,0.9,22,0,1,0,0,0
TXN-107417,30.4,1.8,8,0,1,0,0,0
TXN-107418,70.66,0.0,6,0,1,0,0,0
TXN-107419,34.91,10.9,15,0,1,0,0,0
TXN-107420,61.97,13.8,7,1,1,1,0,0
TXN-107421,50.12,2.5,12,0,1,0,0,0
TXN-107422,53.83,8.2,20,0,1,0,0,0
TXN-107423,95.82,5.7,19,1,1,0,1,0
TXN-107424,28.94,23.4,17,0,1,0,0,0
TXN-107425,108.28,3.8,13,0,1,0,0,0
TXN-107426,64.47,0.3,15,0,1,0,0,0
TXN-107427,8.5,2.4,10,0,1,0,0,0
TXN-107428,66.21,0.6,22,0,2,0,0,0
TXN-107429,48.4,0.5,16,0,1,0,0,0
TXN-107430,35.83,0.5,17,0,1,0,0,0
TXN-107431,4.64,6.3,12,1,1,0,0,0
TXN-107432,1445.55,88.2,5,0,4,2,1,1
TXN-107433,18.73,14.2,15,0,1,0,0,0
TXN-107434,30.38,5.0,8,0,1,0,0,0
TXN-107435,22.65,10.3,21,0,1,0,0,0
TXN-107436,63.42,3.8,10,0,1,0,0,0
TXN-107437,227.85,8.8,7,1,1,0,0,0
TXN-107438,23.63,1.1,7,0,1,0,0,0
TXN-107439,116.93,5.5,16,0,1,0,0,0
TXN-107440,46.41,1.5,19,0,2,0,0,0
TXN-107441,38.49,1.0,6,0,1,0,0,0
TXN-107442,48.42,3.1,22,1,1,0,0,0
TXN-107443,66.46,20.8,20,0,1,0,0,0
TXN-107444,21.38,6.1,18,0,1,0,0,0
TXN-107445,119.94,11.2,18,0,2,0,0,0
TXN-107446,16.92,1.9,21,0,1,0,0,0
TXN-107447,1642.76,159.4,4,1,5,3,1,1
TXN-107448,67.02,4.0,15,0,1,0,0,0
TXN-107449,88.71,4.7,18,0,1,0,0,0
TXN-107450,28.85,7.2,20,0,1,1,0,0
TXN-107451,93.78,1.0,13,0,1,0,0,0
TXN-107452,56.47,8.7,7,0,1,0,0,0
TXN-107453,1276.78,196.5,0,0,5,2,0,1
TXN-107454,210.21,0.8,11,1,1,0,0,0
TXN-107455,27.48,5.0,21,0,1,0,0,0
TXN-107456,39.4,9.7,19,0,1,0,0,0
TXN-107457,30.53,6.9,11,0,1,1,0,0
TXN-107458,77.22,7.0,13,0,1,0,0,0
TXN-107459,18.33,8.6,22,0,1,0,0,0
TXN-107460,66.37,5.6,14,0,1,0,0,0
TXN-107461,13.3,10.9,17,1,1,0,0,0
TXN-107462,121.82,2.7,6,0,1,0,0,0
TXN-107463,58.15,10.0,7,1,1,0,0,0
TXN-107464,18.1,1.0,14,0,2,0,0,0
TXN-107465,37.46,3.2,18,0,1,0,0,0
TXN-107466,66.37,2.5,8,0,1,0,0,0
TXN-107467,52.31,2.3,9,0,1,0,0,0
TXN-107468,132.33,2.1,21,0,2,0,0,0
TXN-107469,35.49,2.7,17,0,2,0,0,0
TXN-107470,21.34,8.5,11,0,1,0,0,0
TXN-107471,30.99,4.5,22,0,1,0,0,0
TXN-107472,25.27,3.2,20,0,1,0,0,0
TXN-107473,27.67,8.3,21,0,2,1,0,0
TXN-107474,132.91,0.3,9,0,1,0,0,0
TXN-107475,13.64,0.3,22,0,1,0,0,0
TXN-107476,166.0,3.8,14,0,1,0,0,0
TXN-107477,30.81,1.7,8,0,1,0,0,0
TXN-107478,135.29,6.3,15,0,1,0,0,0
TXN-107479,76.56,0.6,20,0,1,0,0,0
TXN-107480,64.42,0.5,15,0,1,0,0,0
TXN-107481,33.19,1.3,9,0,1,0,0,0
TXN-107482,10.29,8.1,16,0,1,0,0,0
TXN-107483,13.62,0.8,21,0,2,0,0,0
TXN-107484,53.62,1.7,6,0,1,0,0,0
TXN-107485,25.57,0.8,21,0,1,0,0,0
TXN-107486,89.63,3.8,18,0,2,0,0,0
TXN-107487,24.45,6.2,21,0,1,0,1,0
TXN-107488,54.1,7.7,14,0,2,0,0,0
TXN-107489,93.66,1.6,12,0,1,0,0,0
TXN-107490,51.56,5.1,19,0,1,0,0,0
TXN-107491,49.45,1.5,15,0,1,0,0,0
TXN-107492,27.83,6.4,22,0,1,0,0,0
TXN-107493,61.23,1.5,15,0,1,0,0,0
TXN-107494,51.76,4.6,9,0,1,1,0,0
TXN-107495,40.49,1.0,16,0,1,0,0,0
TXN-107496,52.19,12.4,16,0,1,0,0,0
TXN-107497,286.01,5.9,22,0,1,0,0,0
TXN-107498,38.15,1.3,20,1,1,0,0,0
TXN-107499,116.1,3.7,11,0,2,0,0,0
TXN-107500,156.29,2.0,9,0,1,0,0,0
TXN-107501,67.58,1.9,20,1,1,0,0,0
TXN-107502,16.14,2.1,22,0,1,0,0,0
TXN-107503,7.41,3.6,15,0,1,0,0,0
TXN-107504,105.34,1.5,16,0,1,0,0,0
TXN-107505,33.98,18.4,15,0,1,0,0,0
TXN-107506,96.18,0.1,18,1,1,0,0,0
TXN-107507,87.8,3.4,13,0,2,0,0,0
TXN-107508,141.68,3.7,7,0,1,0,0,0
TXN-107509,97.41,0.6,13,0,1,0,0,0
TXN-107510,46.78,0.3,18,1,1,1,0,0
TXN-107511,1595.29,171.4,5,1,6,2,1,1
TXN-107512,14.51,1.4,14,1,1,0,0,0
TXN-107513,110.23,4.2,18,0,1,0,0,0
TXN-107514,153.0,8.5,6,0,1,0,0,0
TXN-107515,374.57,63.7,0,1,5,2,0,1
TXN-107516,51.13,1.4,9,0,1,0,0,0
TXN-107517,133.37,3.9,14,0,2,1,0,0
TXN-107518,79.47,0.0,11,0,2,0,0,0
TXN-107519,80.46,1.8,8,1,1,0,0,0
TXN-107520,10.02,0.1,21,0,1,0,0,0
TXN-107521,36.85,5.8,6,0,1,0,0,0
TXN-107522,9.7,2.8,11,0,1,0,0,0
TXN-107523,50.67,0.4,16,0,2,0,0,0
TXN-107524,145.65,0.8,8,0,2,0,0,0
TXN-107525,45.2,11.8,15,0,1,0,0,0
TXN-107526,268.29,257.2,5,1,3,3,1,1
TXN-107527,103.86,1.4,9,0,1,0,0,0
TXN-107528,33.25,0.9,20,0,1,0,0,0
TXN-107529,48.66,2.7,11,0,1,0,0,0
TXN-107530,24.31,1.7,15,0,2,1,0,0
TXN-107531,28.13,19.6,9,1,1,0,0,0
TXN-107532,30.64,7.5,14,0,1,0,0,0
TXN-107533,66.12,2.1,11,0,1,0,0,0
TXN-107534,103.06,9.1,13,0,1,0,0,0
TXN-107535,56.41,4.1,11,0,2,0,0,0
TXN-107536,64.12,4.7,9,0,2,0,0,0
TXN-107537,185.36,147.2,3,1,6,1,1,1
TXN-107538,21.79,2.3,14,0,1,0,0,0
TXN-107539,10.01,0.1,18,0,1,0,0,0
TXN-107540,53.87,0.6,12,0,1,0,0,0
TXN-107541,30.54,0.9,13,0,1,0,0,0
TXN-107542,8.46,1.7,22,0,1,0,0,0
TXN-107543,34.55,3.2,8,0,1,0,0,0
TXN-107544,102.86,16.0,6,0,1,0,0,0
TXN-107545,24.49,5.1,17,0,1,0,0,0
TXN-107546,96.96,1.0,10,0,1,0,0,0
TXN-107547,30.16,21.5,15,0,2,0,0,0
TXN-107548,12.28,3.9,8,0,1,0,0,0
TXN-107549,83.22,6.5,14,0,1,0,0,0
TXN-107550,16.06,4.2,13,0,2,0,0,0
TXN-107551,37.16,9.5,18,0,1,0,0,0
TXN-107552,8.92,5.1,18,0,2,0,0,0
TXN-107553,31.28,9.0,21,0,1,0,0,0
TXN-107554,29.54,5.7,8,0,1,0,0,0
TXN-107555,119.47,7.5,19,0,1,0,0,0
TXN-107556,75.97,2.3,15,0,1,0,0,0
TXN-107557,67.9,20.4,14,0,1,0,0,0
TXN-107558,28.53,8.9,7,0,2,0,0,0
TXN-107559,34.15,1.6,22,0,1,0,0,0
TXN-107560,15.96,1.0,16,0,1,1,0,0
TXN-107561,29.2,1.9,12,1,2,0,0,0
TXN-107562,91.32,2.4,22,0,1,0,0,0
TXN-107563,13.37,3.8,6,0,1,0,0,0
TXN-107564,37.05,0.3,20,0,1,0,0,0
TXN-107565,134.37,6.3,9,0,1,0,0,0
TXN-107566,17.45,2.5,18,0,1,0,0,0
TXN-107567,102.05,7.1,6,0,1,0,0,0
TXN-107568,1506.07,218.1,2,1,4,0,0,1
TXN-107569,13.86,2.0,16,0,1,0,0,0
TXN-107570,38.29,5.2,13,0,1,0,0,0
TXN-107571,67.56,7.1,16,0,1,0,0,0
TXN-107572,115.42,4.6,13,0,1,0,0,0
TXN-107573,237.85,9.5,15,0,2,0,0,0
TXN-107574,16.65,1.0,18,0,1,0,0,0
TXN-107575,12.61,0.4,10,0,1,0,0,0
TXN-107576,47.2,6.1,16,1,2,0,0,0
TXN-107577,36.21,2.5,20,0,1,0,0,0
TXN-107578,64.45,1.8,16,0,1,0,0,0
TXN-107579,27.39,2.8,10,0,1,0,0,0
TXN-107580,86.85,0.1,6,0,1,0,0,0
TXN-107581,31.54,18.9,22,0,1,0,0,0
TXN-107582,79.5,2.1,8,0,1,1,0,0
TXN-107583,102.33,15.9,9,0,2,0,0,0
TXN-107584,103.81,7.2,19,0,1,0,0,0
TXN-107585,56.42,2.3,18,0,1,0,0,0
TXN-107586,47.58,5.0,8,0,1,0,0,0
TXN-107587,91.5,6.5,15,0,1,0,0,0
TXN-107588,42.71,7.0,21,0,1,0,0,0
TXN-107589,18.14,0.6,11,0,1,0,0,0
TXN-107590,42.98,0.1,13,0,1,0,0,0
TXN-107591,346.04,2.5,22,0,1,1,0,0
TXN-107592,55.35,2.3,16,0,1,0,0,0
TXN-107593,83.39,14.4,18,0,1,0,0,0
TXN-107594,20.44,0.8,13,0,1,0,0,0
TXN-107595,48.33,2.8,13,0,1,0,0,0
TXN-107596,10.53,2.6,21,0,1,0,0,0
TXN-107597,8.84,7.2,8,0,1,0,0,0
TXN-107598,9.42,4.7,8,0,1,0,0,0
TXN-107599,57.81,2.6,6,0,1,0,0,0
TXN-107600,29.19,0.5,16,0,1,0,0,0
TXN-107601,22.04,0.5,10,0,1,0,0,0
TXN-107602,231.89,3.5,8,0,1,0,0,0
TXN-107603,36.39,7.7,14,0,1,0,0,0
TXN-107604,18.75,4.4,13,0,1,0,0,0
TXN-107605,29.9,3.4,18,0,1,0,0,0
TXN-107606,20.18,3.9,19,0,1,0,0,0
TXN-107607,28.6,7.4,9,1,1,0,0,0
TXN-107608,81.67,9.9,13,0,1,0,0,0
TXN-107609,40.79,4.4,9,0,1,0,0,0
TXN-107610,38.0,2.3,21,0,2,0,0,0
TXN-107611,22.15,1.9,20,0,1,0,0,0
TXN-107612,53.9,5.9,21,0,1,0,1,0
TXN-107613,65.6,3.2,7,0,2,1,0,0
TXN-107614,87.51,5.3,11,0,1,1,0,0
TXN-107615,62.96,5.5,17,0,1,0,0,0
TXN-107616,10.98,4.6,6,0,1,0,0,0
TXN-107617,431.96,358.8,3,0,5,3,0,1
TXN-107618,85.83,12.5,12,0,1,0,0,0
TXN-107619,68.66,7.2,20,1,1,0,0,0
TXN-107620,45.18,8.6,10,0,2,0,0,0
TXN-107621,174.74,0.9,18,0,1,0,0,0
TXN-107622,43.08,2.2,22,0,1,0,0,0
TXN-107623,14.3,0.3,8,0,1,0,0,0
TXN-107624,20.66,11.8,18,0,1,0,1,0
TXN-107625,77.8,0.0,15,0,1,0,0,0
TXN-107626,44.68,22.6,22,1,2,0,0,0
TXN-107627,89.82,1.4,17,0,1,0,0,0
TXN-107628,11.04,13.7,14,0,2,0,0,0
TXN-107629,31.82,7.4,19,0,1,0,0,0
TXN-107630,50.46,4.0,19,0,2,0,0,0
TXN-107631,45.97,0.2,11,0,1,0,0,0
TXN-107632,23.31,4.5,9,0,2,0,0,0
TXN-107633,38.73,12.3,8,0,1,0,0,0
TXN-107634,29.96,1.3,15,0,2,0,0,0
TXN-107635,41.26,1.2,15,0,1,0,0,0
TXN-107636,13.62,4.7,17,0,2,0,0,0
TXN-107637,35.7,20.4,22,0,2,0,0,0
TXN-107638,26.01,4.0,7,0,1,0,0,0
TXN-107639,89.98,13.7,11,0,1,0,0,0
TXN-107640,13.25,0.3,13,0,1,0,0,0
TXN-107641,30.01,7.1,16,0,1,0,0,0
TXN-107642,36.34,1.4,19,0,1,0,0,0
TXN-107643,170.02,4.0,20,0,1,0,1,0
TXN-107644,41.48,1.0,10,0,1,0,0,0
TXN-107645,89.1,3.8,10,0,1,0,0,0
TXN-107646,43.4,2.0,14,0,1,0,0,0
TXN-107647,111.81,0.3,11,0,1,0,0,0
TXN-107648,18.45,2.2,15,0,1,0,0,0
TXN-107649,49.68,1.8,15,0,1,0,0,0
TXN-107650,16.59,8.3,12,0,1,0,0,0
TXN-107651,48.94,2.2,10,0,1,0,0,0
TXN-107652,70.24,0.4,9,0,1,0,0,0
TXN-107653,23.27,4.8,19,0,1,0,0,0
TXN-107654,142.29,6.0,9,0,1,1,0,0
TXN-107655,27.4,4.5,7,0,1,0,0,0
TXN-107656,195.85,14.3,16,1,1,0,0,0
TXN-107657,22.11,4.5,7,0,1,0,0,0
TXN-107658,290.11,8.3,19,0,1,0,0,0
TXN-107659,21.82,0.4,6,0,1,0,0,0
TXN-107660,31.91,4.3,21,0,1,0,0,0
TXN-107661,12.75,3.4,16,0,1,0,0,0
TXN-107662,31.7,5.8,10,0,1,0,0,0
TXN-107663,44.33,0.1,15,0,1,0,0,0
TXN-107664,23.22,3.6,16,0,1,0,0,0
TXN-107665,77.69,0.3,14,0,1,0,0,0
TXN-107666,12.87,1.2,15,0,1,0,0,0
TXN-107667,30.6,7.6,22,1,1,0,0,0
TXN-107668,34.42,0.7,10,0,2,0,0,0
TXN-107669,54.57,1.5,6,0,2,0,0,0
TXN-107670,17.75,3.3,10,1,1,0,0,0
TXN-107671,85.51,5.7,15,0,1,0,0,0
TXN-107672,18.84,0.3,11,0,1,0,0,0
TXN-107673,37.55,4.4,15,0,1,0,0,0
TXN-107674,12.72,19.1,10,0,1,0,0,0
TXN-107675,17.51,17.5,10,0,1,0,0,0
TXN-107676,100.35,6.4,16,0,1,0,0,0
TXN-107677,29.92,4.7,22,0,1,0,0,0
TXN-107678,13.3,1.1,12,0,1,0,0,0
TXN-107679,58.98,0.2,22,0,1,0,0,0
TXN-107680,16.16,3.8,18,0,1,0,0,0
TXN-107681,37.81,3.0,12,1,1,1,0,0
TXN-107682,23.53,4.9,10,0,1,0,0,0
TXN-107683,47.38,1.0,9,0,1,0,0,0
TXN-107684,21.75,1.7,12,1,1,1,0,0
TXN-107685,15.74,0.2,16,1,1,0,0,0
TXN-107686,18.56,3.5,13,0,1,0,0,0
TXN-107687,231.59,2.3,17,0,2,0,0,0
TXN-107688,70.9,0.3,11,1,1,0,0,0
TXN-107689,65.66,3.1,15,0,1,0,0,0
TXN-107690,9.92,3.6,20,0,1,0,0,0
TXN-107691,30.17,1.8,17,0,1,0,0,0
TXN-107692,24.09,1.6,11,0,1,0,0,0
TXN-107693,40.74,11.7,11,0,2,0,0,0
TXN-107694,88.78,2.4,21,0,2,0,0,0
TXN-107695,20.37,13.5,9,0,1,0,0,0
TXN-107696,38.55,10.4,9,0,1,0,0,0
TXN-107697,26.49,2.1,19,0,1,0,0,0
TXN-107698,83.1,4.0,10,0,1,0,0,0
TXN-107699,95.99,2.0,19,0,1,0,0,0
TXN-107700,405.12,3.9,20,0,1,0,0,0
TXN-107701,23.28,13.1,16,0,1,0,0,0
TXN-107702,15.0,5.7,15,0,1,0,0,0
TXN-107703,20.43,0.1,22,0,1,0,1,0
TXN-107704,33.53,0.4,12,0,1,0,0,0
TXN-107705,166.08,0.7,17,0,1,0,0,0
TXN-107706,36.02,5.2,11,0,1,0,0,0
TXN-107707,124.87,8.8,6,0,1,1,0,0
TXN-107708,23.43,3.4,10,0,1,0,0,0
TXN-107709,40.22,14.4,17,0,1,0,0,0
TXN-107710,17.19,7.4,10,1,1,0,0,0
TXN-107711,71.05,7.2,19,0,2,0,0,0
TXN-107712,16.72,2.6,11,0,1,0,0,0
TXN-107713,152.06,0.2,19,0,1,0,0,0
TXN-107714,15.85,10.5,22,0,1,0,0,0
TXN-107715,58.96,4.8,7,0,1,0,0,0
TXN-107716,36.14,1.6,13,0,1,0,0,0
TXN-107717,18.66,4.7,9,0,1,0,0,0
TXN-107718,70.98,2.1,12,0,1,0,0,0
TXN-107719,12.57,10.6,15,0,1,0,0,0
TXN-107720,24.09,0.2,7,0,1,0,0,0
TXN-107721,74.43,3.2,11,0,2,0,0,0
TXN-107722,148.89,1.9,16,0,1,0,0,0
TXN-107723,209.91,2.5,21,0,2,0,0,0
TXN-107724,15.74,13.3,11,1,1,0,0,0
TXN-107725,62.75,1.1,10,0,1,0,0,0
TXN-107726,238.55,6.4,8,0,1,0,0,0
TXN-107727,34.71,0.2,11,0,1,0,0,0
TXN-107728,16.63,3.0,22,0,1,0,0,0
TXN-107729,32.63,3.0,13,0,1,0,0,0
TXN-107730,102.52,2.0,6,0,1,0,0,0
TXN-107731,103.41,2.5,6,0,1,0,0,0
TXN-107732,20.87,0.3,8,0,1,0,1,0
TXN-107733,48.56,2.8,13,0,1,0,0,0
TXN-107734,4.58,4.2,17,0,1,0,0,0
TXN-107735,44.12,2.6,10,0,1,0,0,0
TXN-107736,181.41,4.5,18,0,1,0,0,0
TXN-107737,50.58,14.0,8,0,1,0,0,0
TXN-107738,65.03,0.2,22,0,1,0,0,0
TXN-107739,3372.38,183.3,1,1,5,1,0,1
TXN-107740,57.14,6.4,9,0,1,0,0,0
TXN-107741,22.69,7.5,17,1,1,0,0,0
TXN-107742,16.98,3.2,11,0,1,0,0,0
TXN-107743,114.98,6.4,9,0,1,0,0,0
TXN-107744,61.25,1.3,13,0,1,0,0,0
TXN-107745,57.73,1.2,20,0,1,0,0,0
TXN-107746,49.83,8.3,17,0,1,0,0,0
TXN-107747,25.64,0.9,12,0,1,0,0,0
TXN-107748,262.44,3.3,10,0,1,0,0,0
TXN-107749,62.04,2.7,16,0,1,0,0,0
TXN-107750,29.39,17.2,8,0,1,0,0,0
TXN-107751,50.61,0.5,19,0,1,0,0,0
TXN-107752,55.13,1.8,16,0,1,0,0,0
TXN-107753,26.72,5.0,12,0,1,0,0,0
TXN-107754,70.89,6.8,14,0,1,0,0,0
TXN-107755,109.93,5.0,20,0,1,0,0,0
TXN-107756,302.08,4.6,12,0,1,0,0,0
TXN-107757,79.59,2.3,20,1,2,0,0,0
TXN-107758,74.19,3.2,11,0,1,0,0,0
TXN-107759,191.22,6.8,16,0,1,0,0,0
TXN-107760,4911.9,65.5,23,0,3,2,1,1
TXN-107761,33.38,2.5,15,0,1,0,0,0
TXN-107762,58.36,5.2,7,0,1,0,0,0
TXN-107763,21.25,6.4,12,0,1,1,0,0
TXN-107764,22.85,3.9,9,0,1,0,0,0
TXN-107765,27.63,5.1,18,0,1,1,0,0
TXN-107766,43.12,0.5,18,0,1,0,0,0
TXN-107767,48.73,7.7,15,0,1,1,0,0
TXN-107768,44.12,6.5,22,1,1,0,0,0
TXN-107769,36.23,2.2,22,0,2,0,0,0
TXN-107770,65.23,18.2,10,0,2,0,0,0
TXN-107771,220.0,9.0,20,0,1,0,0,0
TXN-107772,39.89,1.4,10,0,1,0,0,0
TXN-107773,164.48,6.3,19,0,1,0,0,0
TXN-107774,585.16,170.0,23,1,4,0,0,1
TXN-107775,62.76,0.6,18,0,2,0,0,0
TXN-107776,1789.41,77.7,1,1,3,1,1,1
TXN-107777,80.92,5.2,10,0,2,0,0,0
TXN-107778,57.73,6.3,15,0,1,0,0,0
TXN-107779,76.7,6.2,13,0,1,0,0,0
TXN-107780,191.68,1.0,13,0,1,0,0,0
TXN-107781,50.27,4.3,13,0,1,0,0,0
TXN-107782,18.61,0.4,22,0,1,0,1,0
TXN-107783,52.88,0.3,15,0,1,0,0,0
TXN-107784,149.02,3.2,13,0,1,0,0,0
TXN-107785,52.5,4.7,17,0,1,0,0,0
TXN-107786,57.89,2.3,12,0,1,0,0,0
TXN-107787,53.59,0.7,20,0,1,0,0,0
TXN-107788,33.2,5.8,16,0,1,0,0,0
TXN-107789,41.53,5.5,17,0,1,0,0,0
TXN-107790,15.88,0.3,19,0,1,0,0,0
TXN-107791,129.43,100.3,4,0,5,0,1,1
TXN-107792,82.6,1.9,19,0,1,0,0,0
TXN-107793,18.71,6.4,21,0,1,0,0,0
TXN-107794,26.7,5.4,14,0,1,0,0,0
TXN-107795,113.5,4.0,10,0,2,0,0,0
TXN-107796,55.15,3.0,22,0,1,0,0,0
TXN-107797,18.09,31.9,11,1,1,0,0,0
TXN-107798,10.84,5.0,6,0,1,0,0,0
TXN-107799,51.35,15.2,18,0,1,0,0,0
TXN-107800,42.99,5.5,18,0,1,0,0,0
TXN-107801,207.74,1.3,8,0,1,0,0,0
TXN-107802,15.22,14.5,8,0,1,0,0,0
TXN-107803,24.99,5.2,22,0,1,0,0,0
TXN-107804,44.56,5.3,18,0,1,0,0,0
TXN-107805,15.96,3.0,6,0,1,1,0,0
TXN-107806,71.45,18.9,18,0,1,0,0,0
TXN-107807,33.52,1.5,18,0,1,0,0,0
TXN-107808,55.61,0.4,15,0,1,1,0,0
TXN-107809,41.38,2.1,15,0,1,0,0,0
TXN-107810,58.01,7.0,11,0,1,0,0,0
TXN-107811,12.81,2.1,12,0,1,0,0,0
TXN-107812,89.86,4.9,9,0,1,0,0,0
TXN-107813,95.69,0.5,19,0,1,0,0,0
TXN-107814,65.18,0.0,21,0,1,0,0,0
TXN-107815,20.82,4.7,9,0,1,0,0,0
TXN-107816,29.61,2.2,14,0,1,0,0,0
TXN-107817,20.84,1.7,19,0,2,0,0,0
TXN-107818,35.61,4.4,20,0,1,0,0,0
TXN-107819,71.58,1.8,20,0,1,0,0,0
TXN-107820,55.78,2.3,14,0,1,0,0,0
TXN-107821,38.42,9.9,10,0,1,0,0,0
TXN-107822,129.05,8.1,16,1,1,0,0,0
TXN-107823,96.16,1.3,21,0,1,0,0,0
TXN-107824,47.65,12.4,21,0,1,0,0,0
TXN-107825,24.29,2.4,13,0,1,0,0,0
TXN-107826,25.16,7.5,15,0,1,0,1,0
TXN-107827,129.35,9.1,8,0,1,0,0,0
TXN-107828,84.41,2.4,6,0,1,0,0,0
TXN-107829,248.1,5.4,15,0,1,0,0,0
TXN-107830,37.0,0.5,8,0,1,0,0,0
TXN-107831,82.81,0.2,13,0,1,0,0,0
TXN-107832,20.02,2.8,6,0,1,0,0,0
TXN-107833,78.03,8.9,21,0,1,0,0,0
TXN-107834,34.12,0.3,19,0,1,0,0,0
TXN-107835,68.55,7.6,9,0,1,0,0,0
TXN-107836,87.75,13.7,18,0,2,0,0,0
TXN-107837,11.53,3.2,8,0,2,0,0,0
TXN-107838,52.25,6.8,19,0,1,0,0,0
TXN-107839,34.57,2.0,17,0,1,0,0,0
TXN-107840,33.33,5.7,19,0,1,0,0,0
TXN-107841,52.56,2.9,9,0,1,0,0,0
TXN-107842,70.7,0.7,12,0,1,0,0,0
TXN-107843,7.98,3.5,18,0,2,0,0,0
TXN-107844,21.26,2.0,18,0,1,0,0,0
TXN-107845,25.35,4.9,15,0,1,0,0,0
TXN-107846,57.28,4.5,18,0,1,0,0,0
TXN-107847,31.73,1.1,20,0,1,0,0,0
TXN-107848,134.45,2.2,22,0,1,0,0,0
TXN-107849,19.07,1.0,20,0,1,0,0,0
TXN-107850,22.71,0.6,19,0,1,0,0,0
TXN-107851,61.5,2.0,14,0,2,0,0,0
TXN-107852,25.64,3.6,14,1,1,0,1,0
TXN-107853,30.64,12.9,20,0,1,0,0,0
TXN-107854,40.58,7.8,16,0,1,0,0,0
TXN-107855,7.12,0.4,10,0,1,0,0,0
TXN-107856,137.76,3.1,11,1,1,0,0,0
TXN-107857,26.59,5.5,6,1,1,0,0,0
TXN-107858,67.45,5.4,18,0,1,1,0,0
TXN-107859,9.06,2.8,14,0,2,0,0,0
TXN-107860,57.12,1.4,11,0,1,0,0,0
TXN-107861,22.44,0.1,7,0,2,0,0,0
TXN-107862,115.28,1.0,15,0,1,0,0,0
TXN-107863,36.96,3.5,10,0,1,0,0,0
TXN-107864,34.26,7.9,16,1,1,0,0,0
TXN-107865,77.81,3.3,13,1,1,0,0,0
TXN-107866,357.47,4.5,8,0,2,0,0,0
TXN-107867,42.49,13.1,13,0,1,0,0,0
TXN-107868,65.43,1.2,19,0,1,0,0,0
TXN-107869,57.43,5.3,15,0,1,0,0,0
TXN-107870,59.81,7.2,7,0,1,0,0,0
TXN-107871,58.68,4.3,9,0,2,0,0,0
TXN-107872,77.45,5.4,16,0,2,0,0,0
TXN-107873,71.71,0.6,7,0,1,0,0,0
TXN-107874,20.55,7.6,15,0,1,0,0,0
TXN-107875,29.14,0.6,15,0,2,0,0,0
TXN-107876,20.79,2.4,11,0,1,0,0,0
TXN-107877,74.7,6.6,12,0,1,0,0,0
TXN-107878,82.69,3.1,13,0,1,0,0,0
TXN-107879,58.15,2.4,13,0,2,0,0,0
TXN-107880,35.93,5.2,19,0,1,0,0,0
TXN-107881,21.49,1.9,9,0,1,0,0,0
TXN-107882,211.41,2.8,6,0,1,0,0,0
TXN-107883,34.29,8.4,8,0,1,0,0,0
TXN-107884,11.84,3.9,9,0,1,0,0,0
TXN-107885,16.81,5.3,7,0,2,0,0,0
TXN-107886,25.03,6.2,12,0,1,0,0,0
TXN-107887,29.89,5.0,19,0,1,0,0,0
TXN-107888,275.11,1.1,10,0,1,0,0,0
TXN-107889,150.37,7.7,17,0,1,0,0,0
TXN-107890,303.71,293.3,4,1,5,2,0,1
TXN-107891,56.77,2.5,20,0,1,0,0,0
TXN-107892,47.56,7.9,12,0,1,1,0,0
TXN-107893,12.48,2.6,12,0,1,0,0,0
TXN-107894,16.42,0.3,9,0,1,0,0,0
TXN-107895,22.63,12.8,15,0,1,0,0,0
TXN-107896,45.93,9.0,7,0,1,0,1,0
TXN-107897,20.16,282.6,0,1,3,0,0,1
TXN-107898,27.65,5.2,11,0,1,0,0,0
TXN-107899,23.11,4.0,9,0,1,0,0,0
TXN-107900,21.82,2.8,17,0,1,0,0,0
TXN-107901,71.21,6.3,9,0,1,0,0,0
TXN-107902,60.74,9.0,18,0,1,0,0,0
TXN-107903,53.91,3.0,20,0,2,0,1,0
TXN-107904,147.55,4.7,7,0,1,0,0,0
TXN-107905,16.18,2.6,22,0,1,0,0,0
TXN-107906,69.87,3.1,15,0,1,0,0,0
TXN-107907,18.1,1.1,16,0,1,0,0,0
TXN-107908,29.85,2.2,15,0,1,0,0,0
TXN-107909,30.46,5.7,21,0,2,0,0,0
TXN-107910,405.69,414.4,23,0,6,3,1,1
TXN-107911,40.36,4.0,21,0,2,0,0,0
TXN-107912,15.93,0.6,8,0,1,0,0,0
TXN-107913,16.58,8.0,7,0,1,0,0,0
TXN-107914,78.15,2.0,9,0,1,0,0,0
TXN-107915,43.33,4.7,16,0,1,0,0,0
TXN-107916,29.63,8.5,14,1,1,1,0,0
TXN-107917,7.42,2.6,13,1,1,0,0,0
TXN-107918,93.24,3.2,6,0,1,1,0,0
TXN-107919,36.4,9.5,8,0,1,0,0,0
TXN-107920,23.9,1.1,15,1,2,0,0,0
TXN-107921,84.12,0.6,13,0,1,0,0,0
TXN-107922,51.89,2.7,8,0,1,0,0,0
TXN-107923,23.1,3.1,11,0,2,0,0,0
TXN-107924,31.29,1.0,22,0,1,0,0,0
TXN-107925,54.09,7.9,12,0,1,0,0,0
TXN-107926,131.74,8.6,15,0,2,0,0,0
TXN-107927,24.87,2.2,14,0,1,0,0,0
TXN-107928,170.5,0.9,17,0,1,0,0,0
TXN-107929,72.19,4.6,19,0,1,0,0,0
TXN-107930,105.43,2.6,21,0,1,0,0,0
TXN-107931,55.48,1.9,6,0,1,0,0,0
TXN-107932,59.7,1.3,18,0,1,0,0,0
TXN-107933,43.31,18.0,19,0,1,0,0,0
TXN-107934,52.9,7.7,10,0,1,0,0,0
TXN-107935,30.69,1.6,14,0,1,0,0,0
TXN-107936,47.89,3.9,9,0,1,0,0,0
TXN-107937,26.94,1.7,20,0,1,0,0,0
TXN-107938,53.19,0.1,15,1,2,0,0,0
TXN-107939,5.76,1.4,21,0,1,0,0,0
TXN-107940,11.76,3.9,11,0,1,0,0,0
TXN-107941,72.76,1.4,11,0,1,0,0,0
TXN-107942,57.39,0.7,7,1,1,0,0,0
TXN-107943,53.37,12.1,11,0,1,0,0,0
TXN-107944,17.35,3.7,19,0,1,0,0,0
TXN-107945,71.87,4.1,20,0,1,0,0,0
TXN-107946,47.56,0.6,21,0,2,0,0,0
TXN-107947,14.15,6.2,6,1,1,0,0,0
TXN-107948,77.98,0.2,9,1,1,0,0,0
TXN-107949,50.68,8.1,17,0,1,0,0,0
TXN-107950,125.74,7.1,22,0,1,0,0,0
TXN-107951,84.99,0.1,10,0,1,0,0,0
TXN-107952,259.04,3.2,12,0,1,0,0,0
TXN-107953,16.16,8.3,21,0,1,0,0,0
TXN-107954,363.81,2.0,21,0,1,0,0,0
TXN-107955,109.23,3.6,7,0,1,0,0,0
TXN-107956,29.24,0.7,13,0,1,0,0,0
TXN-107957,29.4,4.9,10,0,1,0,0,0
TXN-107958,33.57,5.2,21,0,1,0,0,0
TXN-107959,26.54,9.0,16,0,1,1,0,0
TXN-107960,11.72,2.7,9,1,1,1,0,0
TXN-107961,40.35,3.5,8,1,1,0,0,0
TXN-107962,8.75,0.3,8,0,1,0,0,0
TXN-107963,8.75,3.3,9,0,1,0,0,0
TXN-107964,54.98,2.6,20,0,1,0,0,0
TXN-107965,30.57,12.4,12,0,2,0,0,0
TXN-107966,42.78,5.0,20,0,1,0,0,0
TXN-107967,17.52,5.4,15,1,1,0,0,0
TXN-107968,56.63,1.2,19,0,1,0,0,0
TXN-107969,211.24,1.0,13,1,1,0,0,0
TXN-107970,126.8,1.4,22,0,1,0,0,0
TXN-107971,45.78,13.4,19,0,1,0,0,0
TXN-107972,57.28,2.3,19,0,2,1,0,0
TXN-107973,30.36,5.0,9,0,2,0,0,0
TXN-107974,30.36,3.8,9,0,1,0,1,0
TXN-107975,28.25,0.1,10,0,1,0,0,0
TXN-107976,1083.67,740.2,23,1,3,3,1,1
TXN-107977,37.47,3.1,7,0,2,0,0,0
TXN-107978,2154.87,792.8,3,1,3,3,1,1
TXN-107979,37.32,0.9,8,0,1,0,1,0
TXN-107980,37.91,5.7,13,0,1,0,0,0
TXN-107981,71.21,7.7,22,0,2,0,0,0
TXN-107982,26.02,3.6,21,0,1,0,0,0
TXN-107983,70.13,2.5,18,1,2,0,0,0
TXN-107984,38.05,1.1,18,0,1,0,0,0
TXN-107985,96.14,0.6,8,0,2,0,0,0
TXN-107986,20.11,5.2,22,0,1,0,0,0
TXN-107987,10.35,0.8,15,0,1,0,0,0
TXN-107988,43.8,6.7,6,1,1,0,0,0
TXN-107989,63.77,3.9,12,0,1,0,0,0
TXN-107990,45.87,9.7,13,0,1,0,0,0
TXN-107991,173.48,5.3,14,0,1,0,0,0
TXN-107992,116.78,4.6,12,0,1,0,0,0
TXN-107993,45.91,8.8,14,0,1,0,0,0
TXN-107994,97.82,0.1,21,0,1,0,0,0
TXN-107995,39.19,1.0,8,0,1,1,0,0
TXN-107996,70.18,1.4,20,0,1,0,0,0
TXN-107997,33.32,1.1,8,0,1,0,1,0
TXN-107998,59.13,0.4,10,1,1,1,0,0
TXN-107999,64.45,5.4,18,0,1,0,0,0
