applicant_id,age,annual_income,loan_amount,loan_term_months,dti_ratio,employment_years,past_defaults_count,credit_lines_count,repayment_history_score,is_default
CLIENT-10000,56,34000.76,35778.76,60,63.32,7.3,0,11,54.7,0
CLIENT-10001,69,48946.89,17773.56,24,60.53,2.5,1,1,56.8,1
CLIENT-10002,46,28818.42,23655.6,24,30.94,2.9,0,10,73.2,1
CLIENT-10003,32,46736.07,6367.75,48,38.35,3.8,0,7,89.4,0
CLIENT-10004,60,21619.81,26602.13,36,35.64,2.5,0,5,69.1,0
CLIENT-10005,25,33371.02,11319.34,12,58.52,12.3,0,5,76.3,0
CLIENT-10006,38,43911.18,21380.18,36,47.87,9.5,0,8,61.7,0
CLIENT-10007,56,40692.4,4021.52,12,25.3,3.0,0,9,68.1,0
CLIENT-10008,36,13859.43,20767.11,60,34.58,0.0,0,10,57.0,1
CLIENT-10009,40,27905.98,2781.3,36,33.59,11.6,0,1,42.8,0
CLIENT-10010,28,99357.3,11013.3,24,62.76,0.7,0,10,62.3,0
CLIENT-10011,28,27025.4,4048.55,36,19.64,1.4,0,4,86.9,0
CLIENT-10012,41,36661.58,20808.68,12,14.93,0.8,0,11,32.6,0
CLIENT-10013,53,34473.51,14023.49,48,58.43,1.0,0,2,86.5,0
CLIENT-10014,57,93054.8,7788.85,60,59.32,8.1,0,9,74.9,0
CLIENT-10015,41,78764.75,36464.18,48,57.95,4.3,0,9,67.9,1
CLIENT-10016,20,58954.34,7131.9,36,38.1,15.6,0,1,62.1,0
CLIENT-10017,39,20252.93,1600.65,36,46.29,1.3,0,3,77.2,0
CLIENT-10018,19,45049.17,19140.17,12,40.98,3.3,0,10,91.0,0
CLIENT-10019,41,51060.43,3879.19,36,13.82,19.0,0,8,73.9,0
CLIENT-10020,61,23880.97,7291.71,36,42.77,8.8,0,2,66.8,0
CLIENT-10021,47,21540.49,9300.82,36,10.75,6.5,0,2,100.0,0
CLIENT-10022,55,101013.4,4930.54,60,27.87,1.0,0,2,71.3,0
CLIENT-10023,19,30318.64,9455.87,24,61.28,7.3,0,5,45.4,0
CLIENT-10024,38,95701.2,4995.55,12,26.72,2.1,0,9,74.9,0
CLIENT-10025,50,66055.87,14967.98,12,61.69,3.8,2,7,61.2,0
CLIENT-10026,29,46384.75,5652.64,24,23.76,4.7,1,7,64.7,1
CLIENT-10027,39,47644.33,13644.65,12,27.3,4.7,0,2,89.2,0
CLIENT-10028,61,15673.84,30133.88,36,44.56,6.5,2,2,83.2,1
CLIENT-10029,42,41112.39,23101.69,36,51.89,5.4,0,5,43.6,0
CLIENT-10030,66,84983.49,12617.03,24,37.58,0.4,0,7,44.1,0
CLIENT-10031,44,54655.42,6686.75,48,58.52,3.1,0,7,72.1,0
CLIENT-10032,59,39839.02,14934.42,24,12.21,5.5,0,9,84.6,0
CLIENT-10033,45,101433.87,8209.08,36,60.72,1.8,1,3,36.3,0
CLIENT-10034,33,32499.36,15379.43,36,20.8,1.9,1,1,84.7,0
CLIENT-10035,32,25040.92,4021.06,36,58.63,0.7,0,9,100.0,0
CLIENT-10036,64,39826.95,23507.69,60,32.05,2.7,0,1,87.8,0
CLIENT-10037,68,57519.56,13674.0,12,55.8,21.6,0,8,58.1,0
CLIENT-10038,61,12956.12,62690.28,36,46.94,1.7,1,5,79.6,0
CLIENT-10039,69,43084.61,33330.99,48,19.68,3.8,0,8,73.5,1
CLIENT-10040,20,59053.97,19857.38,36,60.49,6.8,0,7,96.7,0
CLIENT-10041,54,30890.84,12249.07,24,23.5,0.1,0,9,87.0,0
CLIENT-10042,68,70557.19,8016.66,36,23.43,11.5,1,2,56.5,0
CLIENT-10043,24,53354.41,25840.2,36,54.78,2.4,1,9,78.8,1
CLIENT-10044,38,131246.15,11377.25,48,15.82,10.2,0,10,57.7,0
CLIENT-10045,26,23147.41,30268.27,12,22.21,0.2,0,5,85.6,0
CLIENT-10046,56,59779.97,17686.84,12,37.7,0.8,1,5,66.2,0
CLIENT-10047,35,19724.28,17775.88,36,55.68,1.9,1,1,69.4,1
CLIENT-10048,21,13777.33,20255.23,24,18.11,2.1,0,6,72.5,0
CLIENT-10049,42,10707.3,7018.19,24,40.12,9.4,0,10,61.7,0
CLIENT-10050,31,50161.07,6532.24,24,49.12,0.1,2,10,71.6,0
CLIENT-10051,67,40560.45,6376.05,24,57.33,5.1,2,10,76.9,1
CLIENT-10052,26,27243.48,27812.69,24,61.46,0.7,1,10,65.8,0
CLIENT-10053,43,12530.2,6891.16,60,53.16,8.7,0,3,73.3,0
CLIENT-10054,19,23999.01,7519.0,24,45.91,7.5,0,10,58.8,0
CLIENT-10055,37,36404.8,19462.83,24,33.85,3.5,0,3,51.5,1
CLIENT-10056,45,58448.52,11198.84,24,16.17,1.2,1,3,69.5,0
CLIENT-10057,64,35956.98,10240.89,60,49.04,5.0,0,4,85.3,0
CLIENT-10058,24,42244.79,9637.45,48,64.6,0.8,0,9,84.8,0
CLIENT-10059,61,28978.82,2622.96,48,50.52,1.1,0,8,83.8,0
CLIENT-10060,25,103728.74,6789.84,24,10.92,4.9,1,6,85.1,0
CLIENT-10061,64,19713.33,30549.21,48,37.29,23.7,0,8,72.8,0
CLIENT-10062,52,23871.89,9158.35,36,43.81,11.1,0,8,61.8,0
CLIENT-10063,31,27026.82,3532.13,24,47.93,4.5,0,1,66.1,0
CLIENT-10064,34,50293.07,6597.22,36,49.58,3.9,0,9,68.2,0
CLIENT-10065,53,19471.05,17186.81,48,40.7,32.1,0,1,60.1,0
CLIENT-10066,67,39396.46,16950.02,48,22.28,4.0,3,11,78.9,1
CLIENT-10067,57,40092.56,10872.63,48,61.82,2.7,0,2,60.8,1
CLIENT-10068,21,23941.9,8246.61,60,48.32,12.0,0,9,42.3,0
CLIENT-10069,19,44266.69,5006.35,24,23.03,1.3,0,7,85.9,0
CLIENT-10070,23,19837.15,17287.34,36,27.73,0.5,1,10,77.7,0
CLIENT-10071,59,18578.41,24016.81,12,60.71,5.0,1,1,44.1,1
CLIENT-10072,21,38552.01,32932.52,48,58.81,0.5,0,3,60.3,0
CLIENT-10073,46,13415.24,6140.05,24,32.28,2.3,3,1,68.6,0
CLIENT-10074,35,10027.82,34747.61,48,12.11,2.8,0,5,70.0,0
CLIENT-10075,43,49996.08,12840.65,36,12.67,4.0,0,4,100.0,0
CLIENT-10076,61,68144.24,13610.55,36,25.62,23.9,1,8,55.6,0
CLIENT-10077,51,27444.42,24972.1,12,44.6,1.2,0,9,54.7,0
CLIENT-10078,27,24322.51,9148.38,36,42.13,2.4,0,4,89.1,0
CLIENT-10079,53,66391.29,2937.57,48,44.86,0.7,2,3,67.3,1
CLIENT-10080,31,18263.82,21881.64,12,49.45,4.7,0,4,87.6,0
CLIENT-10081,48,16026.14,17051.6,36,11.05,6.5,0,3,66.0,0
CLIENT-10082,65,55524.62,10381.77,12,15.78,3.3,0,6,88.3,0
CLIENT-10083,32,36512.97,20656.22,36,29.77,1.4,0,1,65.8,1
CLIENT-10084,25,68797.73,23833.81,24,18.52,4.8,1,2,68.1,0
CLIENT-10085,31,10055.15,4635.95,24,14.14,3.9,0,8,54.4,0
CLIENT-10086,40,15671.45,13571.93,48,45.25,0.9,0,3,95.9,0
CLIENT-10087,57,36629.13,2712.72,36,54.84,2.6,1,4,58.7,1
CLIENT-10088,38,46658.21,12251.64,24,51.39,2.9,0,1,50.8,0
CLIENT-10089,33,60367.02,10291.57,36,54.94,20.3,0,3,94.3,0
CLIENT-10090,62,40331.6,18851.28,24,46.62,9.5,1,1,79.9,0
CLIENT-10091,35,40086.43,6303.51,24,50.44,6.6,1,11,93.8,0
CLIENT-10092,64,28749.02,9946.34,36,24.95,11.0,1,10,59.3,0
CLIENT-10093,41,94328.9,1406.36,24,64.62,6.6,0,5,79.1,0
CLIENT-10094,43,18735.7,19737.05,36,20.07,11.7,0,1,91.0,0
CLIENT-10095,42,45044.77,12558.09,36,21.8,0.3,0,9,52.9,0
CLIENT-10096,62,20076.69,14201.02,48,25.89,3.0,0,7,74.9,0
CLIENT-10097,58,50054.47,4696.62,60,63.64,6.9,0,11,63.2,0
CLIENT-10098,46,19492.59,17652.69,24,64.36,4.4,0,8,64.1,0
CLIENT-10099,32,56743.1,42485.78,36,53.72,1.0,0,9,57.7,0
CLIENT-10100,62,38842.22,11737.7,36,44.6,2.1,0,10,76.4,0
CLIENT-10101,18,103443.77,21058.56,24,38.6,1.9,0,8,66.4,0
CLIENT-10102,42,30680.67,7263.12,48,63.38,1.5,0,3,56.1,0
CLIENT-10103,24,46862.81,12659.97,48,48.26,2.1,0,7,91.3,0
CLIENT-10104,26,22747.4,4573.63,36,61.96,3.6,0,7,70.8,0
CLIENT-10105,41,30554.41,23194.84,36,27.41,9.7,0,7,46.5,0
CLIENT-10106,18,38694.38,14941.36,12,28.36,6.8,1,8,59.7,0
CLIENT-10107,61,14525.6,5690.19,36,57.01,9.0,1,4,47.8,0
CLIENT-10108,25,15512.88,7621.26,48,18.24,10.8,0,11,60.6,0
CLIENT-10109,41,52047.68,13943.38,36,62.03,2.7,0,6,75.3,0
CLIENT-10110,28,33267.89,25506.93,24,37.91,2.1,0,2,79.3,0
CLIENT-10111,68,25444.22,37634.22,36,60.95,0.3,0,7,82.7,0
CLIENT-10112,34,23337.3,12162.49,36,28.52,13.3,1,9,60.6,1
CLIENT-10113,25,23882.63,5139.68,36,49.38,0.3,0,5,64.7,0
CLIENT-10114,52,38852.61,15786.74,36,36.56,6.8,0,4,76.6,0
CLIENT-10115,52,47430.54,46602.88,36,44.47,2.4,0,2,82.9,0
CLIENT-10116,50,10349.94,4290.15,48,37.74,14.9,0,7,67.9,0
CLIENT-10117,22,84770.29,6848.49,48,63.19,2.7,1,2,79.6,0
CLIENT-10118,59,81228.42,20489.65,12,48.07,8.5,0,2,61.6,0
CLIENT-10119,56,8969.7,14876.22,60,23.82,1.7,0,9,37.8,1
CLIENT-10120,58,69672.15,9122.38,36,60.03,1.8,0,2,83.6,0
CLIENT-10121,45,68400.22,15585.24,48,26.17,4.5,0,10,78.5,0
CLIENT-10122,24,36325.21,26483.62,48,30.44,31.0,0,3,68.5,0
CLIENT-10123,26,16675.55,12471.04,36,15.62,3.6,0,3,72.6,0
CLIENT-10124,25,66778.53,11728.71,48,59.5,13.8,1,2,87.3,0
CLIENT-10125,29,31421.93,20177.37,24,25.74,7.7,0,10,69.9,0
CLIENT-10126,51,50479.74,11055.02,24,24.24,7.9,0,3,26.6,0
CLIENT-10127,50,137519.47,29725.68,36,60.61,2.9,0,9,39.5,0
CLIENT-10128,65,42239.12,55199.97,48,54.3,2.4,2,11,90.1,0
CLIENT-10129,40,20949.48,7150.52,48,17.76,1.1,0,11,78.9,0
CLIENT-10130,41,29689.88,5569.06,36,52.31,16.6,0,11,87.0,0
CLIENT-10131,54,22614.19,17330.16,36,60.22,16.0,0,3,92.3,0
CLIENT-10132,52,47103.09,5432.46,36,14.32,6.9,0,5,91.4,0
CLIENT-10133,61,22389.77,5367.92,60,55.39,1.8,0,7,48.9,0
CLIENT-10134,57,27345.0,3182.93,36,40.11,1.4,0,1,67.0,0
CLIENT-10135,39,16803.49,10223.29,48,46.81,22.4,0,1,56.7,0
CLIENT-10136,44,33548.51,13054.74,36,37.11,0.3,2,10,72.4,1
CLIENT-10137,52,40378.51,9300.71,36,48.38,9.3,0,2,49.7,1
CLIENT-10138,18,7252.69,35356.35,36,11.88,2.2,3,1,70.6,1
CLIENT-10139,52,42435.65,33561.04,60,51.95,2.7,1,1,44.2,1
CLIENT-10140,54,35333.25,51543.98,36,11.83,8.9,1,10,64.8,0
CLIENT-10141,64,22948.43,13802.02,60,35.04,0.5,2,4,91.9,0
CLIENT-10142,31,122660.71,30597.49,12,18.3,2.2,1,10,59.8,0
CLIENT-10143,20,64542.93,16584.05,36,55.3,15.2,1,3,59.6,0
CLIENT-10144,18,18810.27,15457.78,48,27.25,6.0,0,1,71.9,0
CLIENT-10145,22,60050.56,9631.84,48,34.98,7.0,0,3,72.7,0
CLIENT-10146,43,76626.55,2740.23,60,33.58,7.1,2,1,74.7,1
CLIENT-10147,31,39309.15,20870.75,12,52.49,0.3,0,3,58.1,0
CLIENT-10148,56,45110.27,29968.3,12,36.46,1.1,0,4,61.0,0
CLIENT-10149,44,44489.48,4591.98,36,53.39,3.4,1,11,71.0,0
CLIENT-10150,26,10389.08,13269.33,12,14.04,2.3,0,11,84.8,0
CLIENT-10151,32,32463.71,26746.34,60,20.54,2.6,1,8,59.0,0
CLIENT-10152,32,31465.67,10387.42,24,40.33,7.6,0,3,67.0,1
CLIENT-10153,43,85655.9,30797.0,36,62.09,0.1,0,3,41.0,0
CLIENT-10154,59,44366.36,12110.18,12,14.11,5.4,0,9,63.5,0
CLIENT-10155,30,30376.77,9250.09,36,12.37,0.0,2,11,73.0,0
CLIENT-10156,68,34403.9,32054.76,36,18.61,0.3,0,9,83.1,0
CLIENT-10157,49,67106.18,6949.13,12,45.26,2.6,1,6,58.2,1
CLIENT-10158,56,32508.25,8043.08,36,31.94,9.2,0,10,72.6,0
CLIENT-10159,66,23886.83,7137.5,36,55.41,0.8,0,4,74.1,0
CLIENT-10160,69,30778.72,6004.01,60,13.96,4.0,0,10,43.1,0
CLIENT-10161,49,63858.03,14870.34,24,20.8,5.7,0,5,51.1,1
CLIENT-10162,21,48908.13,9329.58,36,26.5,1.3,0,9,77.5,0
CLIENT-10163,47,37292.99,18807.84,60,44.47,3.6,0,1,70.9,0
CLIENT-10164,54,40738.28,3966.95,48,47.68,12.1,0,7,71.4,0
CLIENT-10165,40,25955.91,6088.86,60,16.83,3.6,0,11,56.1,0
CLIENT-10166,56,32326.1,13850.9,60,61.91,0.9,1,7,48.3,0
CLIENT-10167,62,24392.17,37375.71,36,28.76,4.9,0,10,77.2,0
CLIENT-10168,32,30428.42,17412.64,36,49.22,4.5,0,1,72.5,0
CLIENT-10169,60,81446.93,8843.4,24,38.83,0.1,0,1,40.9,0
CLIENT-10170,46,19020.58,4709.46,36,22.25,0.5,2,9,68.5,0
CLIENT-10171,53,24023.06,8488.84,48,56.54,0.9,1,7,96.7,0
CLIENT-10172,30,17110.04,12968.27,36,55.0,0.7,1,4,79.0,1
CLIENT-10173,49,15024.76,2564.75,48,31.78,1.5,0,9,56.6,0
CLIENT-10174,24,32465.62,5713.81,48,42.37,3.0,1,5,72.5,0
CLIENT-10175,68,25070.18,7972.16,24,24.18,2.3,1,3,66.9,0
CLIENT-10176,39,104507.42,11156.91,48,47.94,11.1,2,2,94.7,0
CLIENT-10177,45,30647.06,12861.12,36,27.0,4.7,0,9,53.1,0
CLIENT-10178,19,78718.87,8711.44,24,56.42,10.4,2,4,89.5,0
CLIENT-10179,59,64913.05,19036.46,48,21.96,3.7,0,7,52.1,0
CLIENT-10180,62,32036.38,14578.38,36,10.81,0.5,0,1,75.0,1
CLIENT-10181,23,128808.41,10310.89,48,24.77,3.1,0,9,79.7,0
CLIENT-10182,45,42664.41,20965.69,36,20.51,8.6,0,9,87.3,0
CLIENT-10183,45,90021.66,19798.44,36,37.96,1.1,0,10,81.5,0
CLIENT-10184,61,83948.44,4828.74,48,21.2,0.5,0,6,47.1,0
CLIENT-10185,61,46573.58,13063.54,36,51.98,2.0,1,6,70.0,0
CLIENT-10186,37,56992.7,24913.93,36,23.28,2.5,0,6,77.7,0
CLIENT-10187,47,52809.31,28007.92,24,48.88,1.8,0,5,86.3,0
CLIENT-10188,28,18277.81,17320.33,48,41.82,0.7,0,11,53.0,1
CLIENT-10189,45,37585.52,11346.88,12,64.24,1.4,2,1,55.9,1
CLIENT-10190,42,69185.62,17942.43,48,64.99,5.7,0,4,48.0,0
CLIENT-10191,56,90736.21,23516.12,36,57.82,2.4,0,10,70.0,0
CLIENT-10192,50,23567.32,14488.09,36,51.8,5.0,1,1,74.1,1
CLIENT-10193,18,49876.18,15678.14,60,31.26,3.8,0,5,75.3,0
CLIENT-10194,44,39756.24,11216.46,24,51.43,4.0,0,4,66.0,1
CLIENT-10195,69,33835.83,5240.91,36,62.62,1.4,0,8,68.3,0
CLIENT-10196,30,44963.29,11824.69,48,11.29,3.7,0,1,68.4,0
CLIENT-10197,58,41390.16,8316.7,48,39.59,0.1,0,8,66.5,0
CLIENT-10198,20,50253.96,8335.3,36,21.99,2.8,0,8,42.5,0
CLIENT-10199,56,86252.13,36449.54,36,40.68,4.3,2,1,55.7,0
CLIENT-10200,23,58132.29,26006.2,48,35.65,1.0,0,9,78.1,0
CLIENT-10201,25,43754.72,4082.85,48,41.67,1.5,0,9,63.3,0
CLIENT-10202,44,111165.46,6251.55,48,40.3,1.2,3,6,62.5,0
CLIENT-10203,26,70682.82,10357.92,36,62.81,0.4,0,1,89.0,0
CLIENT-10204,54,34357.0,8531.82,60,40.37,2.1,0,7,86.1,0
CLIENT-10205,50,17496.0,16683.79,36,56.54,19.3,0,7,59.0,1
CLIENT-10206,68,20076.43,5594.23,12,27.59,2.2,0,9,92.4,0
CLIENT-10207,59,63572.7,26133.48,36,34.1,3.1,0,1,67.1,0
CLIENT-10208,61,24879.82,12954.47,24,35.87,5.3,2,8,82.0,0
CLIENT-10209,41,19834.27,10526.4,24,25.33,5.2,0,11,69.5,0
CLIENT-10210,32,23043.73,13226.48,24,30.89,15.0,0,8,60.4,0
CLIENT-10211,49,24042.28,9974.07,12,42.92,9.7,2,7,82.0,0
CLIENT-10212,49,60499.39,3224.55,36,41.91,7.9,3,6,56.5,1
CLIENT-10213,41,33055.88,13471.72,12,45.0,15.1,0,1,67.6,0
CLIENT-10214,58,15939.81,10673.05,24,29.35,1.3,1,11,70.0,1
CLIENT-10215,69,36998.29,6849.15,12,27.37,4.8,0,10,64.2,0
CLIENT-10216,66,41496.31,28802.02,12,43.64,10.9,0,11,49.6,0
CLIENT-10217,66,27238.8,21345.72,24,17.31,4.9,0,8,77.6,0
CLIENT-10218,69,72658.89,73658.86,36,23.92,19.0,0,5,83.8,0
CLIENT-10219,29,28210.14,23965.72,60,12.32,0.5,0,4,72.5,0
CLIENT-10220,56,70615.34,8515.09,48,13.99,2.9,0,5,58.6,0
CLIENT-10221,19,51951.7,7086.5,48,23.39,18.9,0,5,100.0,0
CLIENT-10222,20,63320.43,9452.04,24,11.07,2.4,0,10,66.5,0
CLIENT-10223,66,18786.04,8377.96,24,23.5,6.7,0,3,66.3,0
CLIENT-10224,54,38522.05,14416.78,12,46.02,0.2,3,4,26.1,1
CLIENT-10225,66,35182.47,4549.81,48,13.36,5.9,0,4,51.4,0
CLIENT-10226,34,15472.14,21017.29,12,34.02,13.6,0,8,87.4,0
CLIENT-10227,66,70476.63,14240.39,36,60.22,2.4,2,5,100.0,1
CLIENT-10228,19,22238.04,19394.12,24,53.52,0.1,0,6,89.3,0
CLIENT-10229,19,25191.43,5997.5,24,26.8,0.1,0,10,54.4,0
CLIENT-10230,45,19771.77,15877.88,60,60.86,11.1,0,2,77.1,0
CLIENT-10231,40,55310.15,33170.75,48,28.13,6.4,0,9,64.2,0
CLIENT-10232,54,14536.85,7314.73,48,13.99,0.6,1,8,64.6,1
CLIENT-10233,49,52613.33,7176.03,36,64.67,0.3,2,8,50.5,1
CLIENT-10234,50,67962.3,21990.6,48,57.85,8.2,0,10,77.8,0
CLIENT-10235,18,50126.6,6779.54,36,35.63,8.3,0,5,51.0,0
CLIENT-10236,36,55691.18,11346.92,60,46.65,0.6,0,5,35.5,0
CLIENT-10237,19,57281.21,37534.39,24,46.92,1.8,0,3,63.9,0
CLIENT-10238,61,20544.44,7247.64,36,20.7,7.6,1,11,31.6,0
CLIENT-10239,43,85891.57,39383.79,36,21.0,3.7,0,2,57.9,0
CLIENT-10240,49,27555.41,10561.31,36,35.83,15.7,0,9,79.0,0
CLIENT-10241,23,34897.39,6094.6,48,60.14,3.3,1,6,87.0,0
CLIENT-10242,49,29745.04,20385.78,60,10.55,5.6,0,8,79.6,0
CLIENT-10243,21,48772.66,14406.34,36,53.04,3.6,3,4,66.5,0
CLIENT-10244,28,26296.15,13483.56,36,13.16,14.3,0,5,61.8,0
CLIENT-10245,34,37803.22,7800.14,36,36.3,2.5,0,10,56.1,0
CLIENT-10246,55,17305.74,14332.96,48,45.08,1.3,0,5,92.3,0
CLIENT-10247,41,73042.67,3142.14,36,47.77,2.0,0,11,51.1,0
CLIENT-10248,22,54308.96,15570.53,12,13.22,9.6,1,10,71.9,1
CLIENT-10249,69,30474.46,33126.02,36,33.02,3.4,0,4,78.9,0
CLIENT-10250,51,27405.82,3882.37,12,42.11,2.2,2,11,40.2,0
CLIENT-10251,23,53464.7,10049.29,48,13.63,3.9,0,2,33.8,0
CLIENT-10252,39,23756.8,7242.72,36,17.43,0.7,2,6,78.9,0
CLIENT-10253,28,39152.49,4639.04,36,46.5,0.0,3,4,48.2,0
CLIENT-10254,65,72899.66,3174.76,48,38.69,1.6,0,11,74.6,0
CLIENT-10255,33,22320.16,5845.43,12,18.9,4.6,0,4,56.9,0
CLIENT-10256,50,45304.45,11274.92,24,39.44,6.2,1,10,74.0,1
CLIENT-10257,26,43889.71,29863.61,36,60.2,8.8,0,3,76.0,0
CLIENT-10258,23,34255.35,4601.33,24,10.86,13.1,1,8,85.1,0
CLIENT-10259,33,26842.08,16417.04,36,45.34,2.7,0,6,76.6,0
CLIENT-10260,46,75273.11,15580.09,60,14.05,6.7,0,9,73.4,0
CLIENT-10261,20,25373.45,43061.05,48,10.35,0.4,0,5,96.1,0
CLIENT-10262,37,12243.82,19924.83,48,18.29,0.3,1,6,55.3,1
CLIENT-10263,53,53333.51,20744.15,60,33.26,0.7,0,9,70.8,0
CLIENT-10264,36,17662.83,21796.62,36,54.13,3.0,1,4,83.7,1
CLIENT-10265,43,55002.21,6995.61,24,25.5,1.2,0,10,30.1,0
CLIENT-10266,20,80897.8,8946.56,24,44.41,1.7,0,7,92.9,0
CLIENT-10267,36,52989.55,29196.6,48,32.61,5.2,2,10,67.5,1
CLIENT-10268,37,69068.0,3179.38,36,22.89,2.2,1,10,76.4,0
CLIENT-10269,49,122030.89,8286.49,24,38.28,4.1,3,11,62.6,1
CLIENT-10270,24,64864.53,5262.88,36,53.86,2.7,0,11,76.6,0
CLIENT-10271,69,44282.46,15740.16,36,55.79,0.9,0,6,74.0,0
CLIENT-10272,58,96796.77,9945.49,36,56.56,0.4,0,6,53.1,0
CLIENT-10273,50,104074.82,20706.01,48,28.62,1.3,0,6,63.4,0
CLIENT-10274,57,104952.49,12378.34,36,53.64,0.3,0,4,77.5,0
CLIENT-10275,56,27030.3,4526.64,60,21.67,4.8,0,10,92.1,0
CLIENT-10276,35,16116.34,4675.51,36,50.61,7.9,2,6,64.4,0
CLIENT-10277,57,26058.12,13303.28,48,62.16,2.1,0,7,50.6,0
CLIENT-10278,18,55391.7,7786.96,60,10.76,2.4,2,2,75.3,0
CLIENT-10279,28,39954.45,9201.82,60,34.22,8.5,0,11,65.5,0
CLIENT-10280,45,32083.96,25768.05,12,45.63,1.3,3,9,82.0,1
CLIENT-10281,42,50832.38,22727.32,24,48.6,0.6,0,7,58.8,0
CLIENT-10282,67,15025.69,47024.01,36,19.68,3.5,1,3,49.6,1
CLIENT-10283,40,39525.51,10706.06,36,63.47,5.2,0,10,93.5,0
CLIENT-10284,48,71045.41,8528.74,36,43.84,4.6,2,10,62.9,0
CLIENT-10285,47,50492.97,17903.16,60,19.04,6.3,0,7,56.4,0
CLIENT-10286,59,54999.86,9022.2,24,11.13,0.3,0,10,59.7,0
CLIENT-10287,52,94695.68,9231.32,36,53.08,2.8,0,10,91.2,0
CLIENT-10288,24,34902.51,11597.31,24,14.38,1.4,0,5,100.0,0
CLIENT-10289,33,24542.09,42485.76,48,17.76,7.1,1,9,58.2,0
CLIENT-10290,43,74139.89,21867.92,60,41.62,10.3,0,6,67.1,0
CLIENT-10291,65,73326.14,23533.36,36,43.19,1.7,0,11,74.8,0
CLIENT-10292,69,50765.64,41171.36,24,47.78,0.5,0,7,42.1,0
CLIENT-10293,66,32983.98,25128.88,48,31.64,1.5,2,4,62.3,0
CLIENT-10294,19,36345.58,6051.23,36,52.56,0.5,3,2,98.4,1
CLIENT-10295,18,16880.87,24863.79,36,63.59,1.9,0,11,65.1,1
CLIENT-10296,65,70810.88,27172.98,48,24.91,3.9,0,4,89.0,0
CLIENT-10297,29,69327.07,21084.75,60,48.67,18.2,0,9,69.0,0
CLIENT-10298,22,16530.96,11651.51,36,61.07,2.5,0,3,38.1,1
CLIENT-10299,54,61119.07,19583.3,36,47.75,1.2,0,7,84.9,0
CLIENT-10300,49,46279.81,13171.78,24,47.46,0.9,0,4,64.8,0
CLIENT-10301,26,19669.32,6736.79,36,22.31,0.9,0,3,91.5,0
CLIENT-10302,58,17613.13,8016.49,36,39.43,1.1,0,5,73.0,0
CLIENT-10303,52,45437.63,21864.2,36,40.94,7.2,0,2,70.1,0
CLIENT-10304,36,28606.16,7086.35,12,48.51,0.3,0,11,77.1,0
CLIENT-10305,65,108225.18,7569.73,24,64.83,29.8,0,10,75.7,0
CLIENT-10306,33,64315.7,22637.64,24,11.85,3.7,0,4,44.0,0
CLIENT-10307,20,48253.13,14671.36,36,13.59,3.9,0,7,85.9,0
CLIENT-10308,37,49704.33,20010.96,36,14.29,2.2,0,2,69.5,0
CLIENT-10309,41,80702.13,5651.56,36,50.86,5.9,1,10,70.4,0
CLIENT-10310,50,60349.68,19625.81,36,17.5,3.2,0,6,76.3,0
CLIENT-10311,41,49013.93,8416.76,36,44.23,2.0,1,5,83.6,0
CLIENT-10312,69,20167.81,6556.3,48,27.86,1.5,0,3,85.8,0
CLIENT-10313,28,228015.34,9379.28,36,35.15,13.0,0,5,80.0,0
CLIENT-10314,66,18733.91,34663.6,60,21.86,1.7,0,10,43.8,0
CLIENT-10315,25,30105.84,10351.45,36,57.64,2.9,0,7,68.9,0
CLIENT-10316,53,13455.77,62378.35,36,42.24,2.2,0,3,56.0,0
CLIENT-10317,55,50175.34,3154.15,12,61.95,0.5,0,8,72.7,0
CLIENT-10318,57,39761.97,4526.05,36,41.6,1.0,3,7,67.0,0
CLIENT-10319,37,57478.48,33756.55,48,16.81,1.1,0,4,100.0,0
CLIENT-10320,52,12791.81,40252.33,60,19.4,5.9,0,5,49.6,0
CLIENT-10321,65,70809.14,7299.64,60,64.4,2.6,0,10,70.2,1
CLIENT-10322,42,22371.4,14019.79,24,49.91,7.6,0,11,71.7,0
CLIENT-10323,52,33209.69,21994.18,36,12.71,6.2,0,4,63.0,0
CLIENT-10324,42,63509.37,11378.0,36,48.71,1.1,0,2,69.7,0
CLIENT-10325,46,42478.78,14837.41,36,32.67,4.1,1,9,100.0,0
CLIENT-10326,35,44318.86,13462.36,24,26.9,6.8,0,1,75.4,0
CLIENT-10327,63,58659.65,4736.18,48,18.47,5.0,0,8,92.7,0
CLIENT-10328,35,46970.47,10495.87,60,56.19,4.6,0,4,63.0,0
CLIENT-10329,19,29594.25,13475.86,36,13.51,6.7,0,9,81.6,0
CLIENT-10330,52,32863.52,14359.76,24,25.94,0.3,0,3,57.8,0
CLIENT-10331,33,41238.49,3978.44,24,26.85,6.6,1,7,56.9,0
CLIENT-10332,58,21219.3,22642.54,36,18.85,1.6,0,3,43.3,0
CLIENT-10333,53,66012.88,14627.31,36,37.95,4.2,1,10,54.0,0
CLIENT-10334,50,43182.58,6381.95,60,10.64,1.4,3,7,70.8,1
CLIENT-10335,21,37981.93,47067.83,36,26.55,9.1,0,2,93.2,0
CLIENT-10336,50,74272.64,10481.75,36,61.35,3.3,0,3,68.3,0
CLIENT-10337,31,33790.39,10969.2,36,27.08,5.1,0,8,73.5,0
CLIENT-10338,38,32550.48,20935.39,12,29.83,7.9,0,7,87.2,1
CLIENT-10339,65,27152.45,49951.15,60,36.02,11.3,0,11,65.1,0
CLIENT-10340,37,44615.66,21519.78,36,40.89,6.6,1,3,55.4,0
CLIENT-10341,25,43698.54,23819.91,60,54.48,0.8,0,8,57.1,0
CLIENT-10342,24,24348.6,6626.72,36,20.47,9.6,1,9,86.8,0
CLIENT-10343,20,32642.93,14198.22,48,57.95,4.8,1,2,72.2,0
CLIENT-10344,34,24446.41,9204.21,12,51.67,4.7,1,2,72.2,1
CLIENT-10345,50,23791.39,21870.43,36,49.75,12.7,0,7,56.6,0
CLIENT-10346,65,12862.37,23338.88,48,14.77,1.4,1,11,90.1,0
CLIENT-10347,29,31617.11,41909.2,48,11.19,1.4,0,8,97.7,0
CLIENT-10348,68,13077.81,2948.82,48,42.67,3.6,0,5,72.6,0
CLIENT-10349,39,27510.16,8592.07,24,57.47,6.9,3,2,83.8,1
CLIENT-10350,39,25144.22,33195.65,60,42.14,3.0,2,10,60.3,1
CLIENT-10351,63,68263.95,5008.69,60,21.73,5.0,0,5,89.1,0
CLIENT-10352,47,19752.57,23481.21,12,14.98,3.0,1,3,78.6,1
CLIENT-10353,55,23000.89,29548.86,60,48.48,4.7,0,9,51.5,0
CLIENT-10354,55,28885.23,13097.31,24,49.7,8.6,0,2,76.8,0
CLIENT-10355,62,25640.13,4939.28,36,19.49,1.0,0,9,76.7,0
CLIENT-10356,68,82582.48,12270.29,36,11.55,5.9,0,2,72.7,0
CLIENT-10357,25,18340.36,37089.05,60,32.46,7.7,0,1,77.6,0
CLIENT-10358,44,28921.98,39234.52,24,42.05,3.0,0,10,69.3,0
CLIENT-10359,44,44322.12,15452.35,36,48.83,2.0,0,6,67.2,0
CLIENT-10360,51,61618.04,6740.8,36,54.55,0.1,0,11,73.7,0
CLIENT-10361,38,28907.46,45110.85,36,43.58,8.0,0,6,64.8,0
CLIENT-10362,47,11488.94,23733.58,36,16.1,2.0,0,4,60.3,0
CLIENT-10363,50,33187.8,7058.18,24,47.54,2.2,0,2,86.7,0
CLIENT-10364,45,81733.32,16979.52,48,64.13,2.0,0,10,61.4,0
CLIENT-10365,64,43015.36,16444.13,60,59.81,3.5,0,11,67.6,0
CLIENT-10366,50,41850.15,8554.76,48,57.94,6.1,0,3,62.8,0
CLIENT-10367,22,19190.86,17046.07,48,26.62,7.4,0,6,56.9,0
CLIENT-10368,65,18044.52,28979.12,36,51.29,2.5,0,4,93.1,0
CLIENT-10369,36,36710.75,10857.65,36,56.81,5.4,2,5,48.4,1
CLIENT-10370,21,15431.6,31125.68,36,47.31,6.4,0,11,76.0,0
CLIENT-10371,52,58035.92,3909.84,12,23.78,1.8,0,9,68.0,0
CLIENT-10372,66,21851.22,63119.62,60,62.46,0.5,0,5,77.2,1
CLIENT-10373,34,35782.19,13906.98,24,34.8,11.3,0,10,67.4,0
CLIENT-10374,61,11714.0,28314.09,60,17.14,5.7,0,11,77.4,0
CLIENT-10375,45,28673.22,15568.86,12,16.04,5.2,2,8,74.2,0
CLIENT-10376,47,17827.25,7506.57,48,45.61,0.3,0,2,78.8,0
CLIENT-10377,46,9016.63,13023.83,24,34.07,8.5,0,6,96.2,1
CLIENT-10378,63,50267.06,3510.0,12,15.2,4.2,0,11,42.0,0
CLIENT-10379,23,97216.5,21630.74,48,50.72,9.4,0,11,71.2,0
CLIENT-10380,52,71516.55,15300.41,24,53.96,18.4,2,6,55.1,0
CLIENT-10381,58,54666.94,11683.23,48,49.9,15.7,0,5,59.1,0
CLIENT-10382,54,28325.77,22626.79,36,21.12,9.7,0,6,55.7,1
CLIENT-10383,41,58896.33,13715.29,24,47.94,0.1,0,5,65.6,0
CLIENT-10384,46,75683.23,20430.43,60,10.59,10.8,0,2,86.8,0
CLIENT-10385,66,39422.54,26202.8,36,26.78,0.4,0,5,64.3,0
CLIENT-10386,63,17843.31,9095.55,48,31.94,9.5,0,1,75.2,0
CLIENT-10387,48,26913.13,7444.37,36,55.94,1.6,0,3,83.5,0
CLIENT-10388,52,100873.03,4000.63,36,31.47,4.7,0,7,57.2,0
CLIENT-10389,50,34722.86,14556.49,36,10.62,0.2,0,4,58.0,0
CLIENT-10390,69,4940.13,18333.19,24,29.38,7.4,3,8,70.0,0
CLIENT-10391,38,15042.67,5289.45,36,37.44,0.6,0,3,43.0,0
CLIENT-10392,49,28150.79,36107.86,36,62.2,2.6,0,7,100.0,0
CLIENT-10393,40,67608.92,7512.81,36,61.76,8.5,0,2,70.1,0
CLIENT-10394,50,30826.4,3064.22,36,19.95,5.9,0,8,78.4,0
CLIENT-10395,20,68367.92,38039.33,36,20.18,0.0,0,3,67.1,0
CLIENT-10396,35,26484.17,3357.29,12,18.99,2.6,0,6,79.5,0
CLIENT-10397,42,11174.89,26236.98,36,53.39,0.2,0,2,67.4,1
CLIENT-10398,59,27039.75,22132.09,36,10.33,5.6,0,7,78.4,0
CLIENT-10399,48,44665.96,16708.75,12,16.99,17.4,0,4,89.5,0
CLIENT-10400,20,42496.21,9265.54,24,39.59,5.3,0,6,37.0,0
CLIENT-10401,57,17101.74,18995.51,12,23.62,1.3,0,2,80.0,0
CLIENT-10402,63,29415.65,27831.94,60,15.08,2.2,0,3,62.1,0
CLIENT-10403,41,181825.83,6700.47,48,29.79,18.8,1,3,53.4,0
CLIENT-10404,67,17327.3,26461.91,12,25.08,1.3,0,4,48.3,0
CLIENT-10405,49,53983.52,25632.39,12,38.11,4.1,0,1,71.5,0
CLIENT-10406,64,10321.61,16401.63,48,63.86,2.6,0,6,74.2,0
CLIENT-10407,39,60978.41,9167.48,36,16.84,7.3,0,11,60.6,0
CLIENT-10408,40,21260.47,25714.75,48,30.5,10.1,0,6,51.1,0
CLIENT-10409,19,46223.93,19069.0,60,61.26,2.1,0,4,71.7,0
CLIENT-10410,44,16732.11,6560.54,36,58.23,5.4,0,8,71.0,0
CLIENT-10411,59,43239.59,10330.45,24,31.68,4.0,0,5,79.0,0
CLIENT-10412,19,21053.24,23702.56,48,48.44,1.6,2,10,80.3,1
CLIENT-10413,43,23646.52,14475.41,60,14.83,1.6,0,4,87.5,0
CLIENT-10414,34,47343.82,28572.16,36,49.19,3.9,0,7,80.1,0
CLIENT-10415,57,28050.7,10518.04,36,63.51,0.8,0,10,45.5,1
CLIENT-10416,50,45625.81,6634.73,36,39.56,8.3,0,10,69.9,0
CLIENT-10417,26,32386.44,62039.21,36,37.42,0.4,0,8,85.0,0
CLIENT-10418,60,37816.33,4119.03,48,20.3,0.5,0,2,82.7,0
CLIENT-10419,65,47431.98,9415.5,60,44.86,2.1,0,1,100.0,0
CLIENT-10420,56,29436.45,16249.6,36,42.47,0.6,0,6,83.3,0
CLIENT-10421,46,19977.66,26642.39,48,45.86,3.2,1,2,49.8,1
CLIENT-10422,59,26386.63,21004.97,24,11.43,2.6,3,11,46.3,1
CLIENT-10423,43,74390.5,67365.03,24,40.18,6.4,0,8,70.8,0
CLIENT-10424,52,38937.14,12304.02,36,42.72,15.3,1,5,72.3,0
CLIENT-10425,67,21874.15,7251.12,24,21.41,7.0,1,2,61.8,0
CLIENT-10426,42,46209.3,11455.36,36,21.46,1.0,3,11,81.5,0
CLIENT-10427,41,48097.69,10678.81,24,25.19,13.7,0,5,32.3,0
CLIENT-10428,30,49612.57,12736.07,48,49.14,2.5,1,2,63.0,0
CLIENT-10429,24,20197.17,6716.07,48,43.34,3.2,0,6,35.8,0
CLIENT-10430,53,24114.42,23128.92,36,56.52,2.7,0,8,58.7,1
CLIENT-10431,62,24195.03,17319.38,24,26.26,1.6,0,2,64.8,0
CLIENT-10432,37,29249.31,5515.31,36,60.16,11.3,0,6,85.8,0
CLIENT-10433,18,50178.98,26307.72,60,50.9,2.0,0,6,51.7,0
CLIENT-10434,25,43378.14,7570.11,36,31.73,4.3,1,1,68.0,0
CLIENT-10435,63,45484.65,5837.33,12,15.24,1.4,0,9,62.1,0
CLIENT-10436,33,81831.01,14201.89,12,24.13,8.0,0,8,68.2,0
CLIENT-10437,31,54903.62,3903.03,36,62.62,7.4,0,4,64.2,0
CLIENT-10438,29,33353.53,20184.13,24,27.07,1.8,1,7,66.2,0
CLIENT-10439,68,17848.4,1831.36,48,28.14,5.7,2,4,60.2,0
CLIENT-10440,40,23653.63,6499.28,48,20.43,6.1,0,8,75.5,0
CLIENT-10441,32,31038.29,40239.17,24,54.38,4.1,0,10,86.5,0
CLIENT-10442,45,59723.32,8261.31,36,25.16,4.6,0,2,70.6,0
CLIENT-10443,51,35724.82,9338.4,24,28.16,4.3,0,2,100.0,0
CLIENT-10444,19,24496.42,32583.64,60,32.79,0.4,0,3,71.2,0
CLIENT-10445,49,23394.69,7669.41,36,33.86,5.5,0,4,82.1,0
CLIENT-10446,40,34830.65,22797.51,36,32.62,3.2,0,11,58.6,0
CLIENT-10447,39,61944.4,30391.91,36,37.71,2.9,0,6,68.3,0
CLIENT-10448,68,94335.38,18675.56,36,54.8,9.8,1,5,65.3,0
CLIENT-10449,42,32097.67,4858.92,36,55.06,0.1,0,10,51.7,1
CLIENT-10450,39,35353.55,8753.51,36,53.91,1.4,1,10,58.5,0
CLIENT-10451,39,17529.4,89280.1,36,15.56,0.6,0,7,75.4,0
CLIENT-10452,66,116252.0,9477.1,36,53.98,0.2,0,6,89.3,0
CLIENT-10453,69,15668.35,108058.77,24,16.61,1.6,0,4,78.4,0
CLIENT-10454,59,73349.97,44190.93,24,16.86,22.3,0,11,75.0,0
CLIENT-10455,23,29167.15,19213.12,36,62.13,1.6,0,10,57.1,0
CLIENT-10456,32,25346.1,16449.72,36,55.07,5.4,0,9,77.3,0
CLIENT-10457,60,18657.39,9649.14,36,40.38,0.6,1,7,60.5,0
CLIENT-10458,54,154203.62,12553.58,60,58.12,4.6,2,1,52.4,1
CLIENT-10459,50,41477.03,8249.38,12,64.42,20.8,0,8,56.5,1
CLIENT-10460,25,36782.16,12777.76,24,43.59,1.7,0,4,68.2,0
CLIENT-10461,61,61823.54,5148.51,24,43.71,9.4,2,7,61.9,0
CLIENT-10462,61,24575.38,4959.0,36,51.49,30.1,0,11,74.3,0
CLIENT-10463,22,36355.75,33213.48,36,22.77,4.4,0,2,64.3,0
CLIENT-10464,56,37564.01,4321.61,48,19.19,1.9,0,3,74.2,0
CLIENT-10465,21,26707.84,24842.14,24,51.78,5.6,0,1,65.3,0
CLIENT-10466,23,74591.58,3547.27,36,28.97,9.3,0,2,69.3,0
CLIENT-10467,62,31850.47,20759.23,48,17.43,0.9,0,11,55.3,0
CLIENT-10468,49,14301.52,11552.89,60,27.32,3.0,0,5,91.5,0
CLIENT-10469,69,30306.02,33688.82,60,29.73,1.9,0,2,45.5,0
CLIENT-10470,47,42171.81,10589.35,48,63.09,1.7,0,6,100.0,0
CLIENT-10471,64,21245.58,3272.54,60,48.39,9.9,1,6,77.1,0
CLIENT-10472,52,22275.51,11712.06,24,39.2,2.7,0,6,46.6,0
CLIENT-10473,57,26166.74,14939.48,24,63.29,2.1,0,11,71.5,0
CLIENT-10474,69,75564.46,12180.79,12,59.67,4.6,0,3,73.3,0
CLIENT-10475,33,27111.28,19981.77,48,38.16,1.2,0,11,92.4,0
CLIENT-10476,30,85602.54,8999.54,60,59.81,1.3,0,3,49.8,1
CLIENT-10477,67,25110.21,5517.16,24,32.24,3.7,0,10,49.8,0
CLIENT-10478,59,44135.0,6635.87,36,22.67,2.6,1,7,75.2,0
CLIENT-10479,47,27785.08,9311.1,48,22.8,1.7,0,4,72.9,0
CLIENT-10480,36,57093.75,9255.34,60,46.43,0.3,0,6,92.0,0
CLIENT-10481,34,18565.04,71990.23,36,37.56,3.7,1,8,55.0,1
CLIENT-10482,36,56710.56,32163.06,60,46.24,8.5,0,3,53.8,0
CLIENT-10483,45,38883.36,21605.35,36,47.73,9.5,0,9,98.1,0
CLIENT-10484,43,24735.75,18255.26,36,11.23,1.3,0,9,69.3,0
CLIENT-10485,54,32868.4,16478.97,36,12.97,4.6,2,3,58.8,0
CLIENT-10486,43,91154.67,16539.39,36,39.3,9.7,0,6,80.6,0
CLIENT-10487,40,39446.74,14977.44,12,20.51,2.6,2,5,39.2,0
CLIENT-10488,26,23821.96,13740.23,48,44.79,13.5,0,4,75.7,0
CLIENT-10489,29,17626.95,3089.29,48,40.37,11.7,0,8,60.5,0
CLIENT-10490,18,49180.01,10317.65,48,42.22,1.2,0,10,62.5,0
CLIENT-10491,18,40843.67,11291.32,36,26.64,1.5,0,9,89.4,0
CLIENT-10492,64,55105.92,7908.7,36,45.19,1.0,0,9,76.4,0
CLIENT-10493,51,15103.25,9051.92,36,55.62,1.1,0,5,53.1,0
CLIENT-10494,49,17973.32,16490.25,12,64.89,11.9,0,5,70.8,0
CLIENT-10495,65,72267.34,22863.87,36,56.11,13.4,0,11,71.8,0
CLIENT-10496,42,44302.88,16472.8,24,40.66,0.3,0,3,66.1,0
CLIENT-10497,57,50013.11,22464.94,12,20.64,4.5,0,9,55.6,0
CLIENT-10498,62,20381.6,22744.43,48,47.48,4.2,2,1,73.4,0
CLIENT-10499,18,20159.03,10831.42,12,61.57,2.5,0,3,80.5,1
CLIENT-10500,33,65825.01,19297.2,60,21.65,5.0,0,7,76.8,0
CLIENT-10501,56,67712.53,3934.5,36,24.08,14.7,0,7,59.3,0
CLIENT-10502,22,18901.72,10208.46,60,18.2,0.9,1,5,67.6,0
CLIENT-10503,39,16854.58,9402.25,12,50.52,0.6,0,6,36.9,1
CLIENT-10504,46,34024.78,39023.87,36,32.36,0.2,0,4,94.0,0
CLIENT-10505,20,22480.22,16915.08,36,13.45,2.3,0,8,61.0,0
CLIENT-10506,29,22201.03,5249.47,48,58.12,2.1,0,4,62.2,0
CLIENT-10507,43,17140.05,20256.05,36,40.67,2.8,2,10,50.3,1
CLIENT-10508,33,27417.58,25256.74,24,28.21,3.5,0,6,82.9,0
CLIENT-10509,68,18163.75,12546.98,48,28.92,7.1,0,5,85.4,0
CLIENT-10510,54,18821.58,21659.06,36,25.96,2.5,1,10,61.5,0
CLIENT-10511,39,43435.62,2328.56,12,35.05,2.0,0,6,52.9,1
CLIENT-10512,46,35132.47,2019.24,36,28.54,8.8,2,3,70.3,1
CLIENT-10513,31,48578.06,5854.3,36,40.14,9.5,3,3,65.1,0
CLIENT-10514,45,13501.82,14828.82,24,52.54,1.3,0,10,81.2,1
CLIENT-10515,22,36531.43,39046.74,36,47.1,1.9,0,7,68.0,1
CLIENT-10516,64,126169.63,6072.35,12,26.2,8.7,0,1,67.0,0
CLIENT-10517,66,29046.01,7349.78,36,39.08,0.4,0,1,80.1,0
CLIENT-10518,47,59566.55,14214.59,48,56.21,2.0,1,1,46.4,0
CLIENT-10519,63,59254.92,9465.2,36,13.75,3.0,0,6,65.3,0
CLIENT-10520,69,61029.9,9095.79,36,14.31,1.0,0,4,72.9,0
CLIENT-10521,22,40134.72,9946.42,12,40.59,1.0,0,6,63.6,0
CLIENT-10522,29,51003.6,33535.23,24,45.15,2.8,0,1,74.2,0
CLIENT-10523,33,55238.1,29181.61,24,21.63,7.0,1,4,73.3,0
CLIENT-10524,43,53170.96,13581.02,36,50.99,9.2,0,4,83.2,0
CLIENT-10525,43,18574.58,42537.28,36,45.54,19.4,0,2,65.9,0
CLIENT-10526,65,13037.29,19078.55,60,60.78,0.4,0,1,39.5,0
CLIENT-10527,38,14297.64,29963.22,12,19.29,1.2,1,8,46.8,1
CLIENT-10528,56,30881.24,7314.53,36,51.33,7.1,1,6,77.0,0
CLIENT-10529,53,51862.75,8454.26,36,14.6,3.9,1,4,72.7,0
CLIENT-10530,50,18720.1,8391.15,36,41.09,2.0,0,2,66.6,0
CLIENT-10531,47,63220.4,12572.84,48,40.35,1.2,0,5,67.7,0
CLIENT-10532,54,26866.49,13931.94,24,31.36,1.6,3,9,60.3,1
CLIENT-10533,40,27020.39,16762.91,12,56.45,2.8,3,7,60.3,1
CLIENT-10534,27,21989.84,53165.95,36,10.24,1.0,0,4,61.8,0
CLIENT-10535,22,11720.89,22134.54,36,38.61,16.7,0,5,65.8,0
CLIENT-10536,53,41672.16,9317.46,12,21.94,0.6,2,8,71.8,1
CLIENT-10537,51,101478.34,13329.14,24,50.89,21.2,0,11,68.9,0
CLIENT-10538,69,34975.44,38309.74,36,12.37,9.2,0,5,65.1,0
CLIENT-10539,48,11963.56,23093.72,36,55.74,2.8,0,6,80.4,0
CLIENT-10540,27,58000.43,37958.45,24,56.1,6.7,2,10,83.0,1
CLIENT-10541,36,13699.59,9529.25,36,55.81,5.6,0,6,90.1,0
CLIENT-10542,49,17581.09,8117.98,36,18.39,1.2,1,8,67.2,0
CLIENT-10543,18,31476.52,8201.47,36,44.67,2.1,0,11,62.2,1
CLIENT-10544,22,39093.29,10083.03,60,10.79,3.6,0,5,69.0,0
CLIENT-10545,62,19827.03,6346.77,12,56.64,5.1,0,1,61.8,0
CLIENT-10546,21,30748.93,16426.24,60,49.76,3.9,3,4,69.8,1
CLIENT-10547,33,55775.92,16625.14,36,39.21,3.2,0,3,76.1,0
CLIENT-10548,41,60555.0,34103.13,48,50.18,2.9,0,2,71.6,0
CLIENT-10549,33,76947.13,3896.43,36,15.19,3.4,2,7,67.6,0
CLIENT-10550,19,114193.68,6898.85,36,39.08,2.8,0,7,79.6,0
CLIENT-10551,66,59037.82,23480.05,48,26.02,3.9,1,8,95.1,0
CLIENT-10552,45,31887.14,15190.59,48,63.49,10.9,0,10,59.4,0
CLIENT-10553,49,60814.79,13785.35,24,57.14,5.0,0,5,75.0,0
CLIENT-10554,44,48051.55,32360.63,24,50.33,6.4,0,1,67.1,0
CLIENT-10555,37,49208.43,6588.18,36,61.36,4.6,3,6,57.3,1
CLIENT-10556,41,40389.75,8021.57,60,29.08,5.2,0,6,59.2,0
CLIENT-10557,29,21010.29,7386.74,36,59.55,4.3,1,11,63.9,1
CLIENT-10558,67,19597.2,3264.83,36,27.89,0.1,0,8,93.6,0
CLIENT-10559,52,34259.84,14661.38,48,50.3,35.0,0,10,84.3,0
CLIENT-10560,50,39709.51,9265.04,48,50.5,0.2,0,2,56.6,0
CLIENT-10561,50,24157.14,7998.18,36,11.01,2.5,1,11,78.2,0
CLIENT-10562,68,46817.16,7048.73,36,29.86,0.6,0,9,55.4,0
CLIENT-10563,60,126558.45,13194.79,60,11.07,0.5,0,11,60.6,0
CLIENT-10564,54,12751.47,7639.0,36,64.84,7.9,1,6,89.7,0
CLIENT-10565,29,51500.49,15601.11,48,16.72,2.8,0,1,99.8,1
CLIENT-10566,20,34906.04,18424.31,36,39.85,8.1,0,9,41.6,1
CLIENT-10567,18,47590.73,10870.37,36,53.48,1.6,0,8,70.5,0
CLIENT-10568,50,28045.16,10365.86,24,21.07,1.5,0,10,76.1,0
CLIENT-10569,57,33268.43,15212.06,24,36.68,1.4,0,1,65.9,0
CLIENT-10570,27,39249.75,13092.64,48,43.41,4.8,1,8,72.1,1
CLIENT-10571,60,30303.54,33898.01,36,18.81,8.4,0,7,63.9,0
CLIENT-10572,61,14583.93,16693.69,36,52.82,3.0,0,5,79.4,0
CLIENT-10573,46,31560.16,28764.87,24,26.46,2.4,1,6,64.9,0
CLIENT-10574,30,15523.96,20483.15,36,21.61,18.2,0,4,78.4,0
CLIENT-10575,29,53740.16,5308.73,36,40.71,0.6,2,9,84.8,0
CLIENT-10576,48,11856.99,9038.19,36,32.57,3.3,0,9,82.7,0
CLIENT-10577,63,67318.65,12917.42,24,60.62,2.6,0,10,67.2,0
CLIENT-10578,19,46992.24,24536.35,48,58.4,0.5,0,1,36.1,0
CLIENT-10579,68,47100.23,51506.8,48,36.58,1.6,0,9,77.3,0
CLIENT-10580,67,9911.13,9519.49,24,29.76,0.1,0,3,48.3,1
CLIENT-10581,52,29817.19,13886.6,36,27.9,10.5,0,2,76.9,0
CLIENT-10582,40,72557.75,23387.05,36,24.72,4.7,0,4,75.7,0
CLIENT-10583,34,26604.49,12829.73,36,39.95,8.4,0,4,66.9,0
CLIENT-10584,43,19018.41,42229.22,48,54.27,3.7,0,9,71.0,0
CLIENT-10585,25,24785.1,5200.7,36,27.09,4.6,0,4,91.8,0
CLIENT-10586,46,34857.84,21474.34,36,20.46,6.0,0,5,89.4,0
CLIENT-10587,43,21789.37,21327.43,36,36.15,11.9,0,6,64.7,0
CLIENT-10588,27,76137.05,29924.33,24,13.8,0.5,0,4,41.7,0
CLIENT-10589,43,34933.43,13952.81,24,48.57,2.0,0,1,93.6,0
CLIENT-10590,51,26020.98,24935.93,36,38.51,6.2,0,2,46.3,0
CLIENT-10591,68,16633.83,11221.68,12,37.3,15.9,0,3,71.4,0
CLIENT-10592,58,48565.47,7623.77,60,26.52,19.8,0,4,68.9,0
CLIENT-10593,24,47906.18,6884.02,48,59.76,5.1,0,5,76.5,0
CLIENT-10594,21,22576.72,4870.82,48,14.98,1.1,1,10,89.5,0
CLIENT-10595,67,9491.98,9808.93,60,57.84,0.6,0,10,70.9,0
CLIENT-10596,62,46465.13,16614.68,36,30.72,14.6,0,3,62.4,0
CLIENT-10597,28,32465.0,11548.46,48,58.43,2.8,0,11,74.3,0
CLIENT-10598,46,44428.78,15345.48,24,50.08,1.1,2,1,49.6,1
CLIENT-10599,53,117513.06,31710.89,12,15.73,13.6,0,11,59.7,0
CLIENT-10600,42,35735.54,9299.9,48,55.73,0.6,0,11,66.8,0
CLIENT-10601,38,26680.73,68748.32,12,47.52,6.5,0,8,78.1,0
CLIENT-10602,53,18244.28,22667.11,60,11.78,4.9,1,8,90.8,0
CLIENT-10603,27,30108.02,11639.41,36,17.35,0.5,0,4,86.2,0
CLIENT-10604,54,39988.47,11456.11,48,44.96,2.1,0,7,83.8,0
CLIENT-10605,26,37495.81,6596.6,24,46.44,0.8,0,4,86.4,0
CLIENT-10606,41,102137.91,13121.38,36,51.07,4.6,0,3,78.8,0
CLIENT-10607,52,48993.91,2942.11,12,49.61,3.2,0,7,71.2,0
CLIENT-10608,66,33493.93,32177.94,48,46.27,0.0,0,6,55.0,0
CLIENT-10609,52,23767.25,1860.08,24,52.14,18.6,2,1,70.5,0
CLIENT-10610,65,42616.79,13755.94,36,41.63,2.2,0,9,45.4,0
CLIENT-10611,53,21074.0,5998.16,24,24.34,1.5,1,2,62.2,0
CLIENT-10612,35,40453.1,8177.77,12,60.18,1.3,0,3,71.0,0
CLIENT-10613,66,48652.01,8950.76,36,11.0,0.9,2,5,70.9,0
CLIENT-10614,56,31892.58,51428.01,24,30.16,35.0,2,3,60.6,0
CLIENT-10615,49,24880.21,6171.67,48,50.09,1.7,0,3,44.1,1
CLIENT-10616,41,9787.11,25336.0,24,33.49,2.6,0,8,61.6,0
CLIENT-10617,40,72135.53,30100.02,36,11.37,10.3,0,4,66.2,0
CLIENT-10618,49,46257.56,2599.57,36,13.63,5.1,0,10,72.8,0
CLIENT-10619,54,46937.41,8684.13,24,45.68,2.3,0,2,80.4,0
CLIENT-10620,29,14231.15,37764.37,36,63.07,11.4,1,5,65.4,0
CLIENT-10621,66,83108.58,5322.29,48,40.35,6.9,0,2,64.2,0
CLIENT-10622,30,27470.55,30908.71,24,37.87,1.3,0,10,60.4,1
CLIENT-10623,40,30537.87,13193.68,12,27.51,5.2,0,11,68.9,0
CLIENT-10624,42,19118.81,12800.4,36,24.12,12.8,0,8,84.0,0
CLIENT-10625,52,12429.56,14025.66,36,11.15,3.4,0,3,54.3,1
CLIENT-10626,58,72722.62,16980.15,36,25.01,6.6,2,2,40.6,1
CLIENT-10627,47,78586.75,6843.49,36,34.7,17.7,0,3,73.1,0
CLIENT-10628,34,32882.08,11133.42,48,20.89,5.9,2,3,87.6,0
CLIENT-10629,66,24157.96,17316.57,12,14.8,0.5,0,1,74.6,0
CLIENT-10630,37,28962.97,15120.7,36,49.48,1.4,0,3,55.1,0
CLIENT-10631,65,29443.58,17059.42,36,59.2,4.5,0,3,68.4,0
CLIENT-10632,42,17678.14,8078.16,36,61.52,1.6,0,4,70.8,0
CLIENT-10633,39,30474.54,20797.94,60,43.99,15.8,0,8,80.7,0
CLIENT-10634,30,39809.51,14596.44,36,12.9,2.6,0,9,57.0,0
CLIENT-10635,36,66895.99,4418.3,60,50.75,3.1,3,1,93.6,1
CLIENT-10636,66,36627.2,9209.95,36,16.06,6.0,0,1,63.8,0
CLIENT-10637,53,14103.65,7137.71,12,46.84,3.7,0,6,60.1,0
CLIENT-10638,29,44897.11,7073.67,24,52.87,2.4,0,1,74.3,1
CLIENT-10639,58,31146.02,9570.72,36,49.92,0.4,0,5,49.1,0
CLIENT-10640,36,82639.73,20525.64,36,62.35,4.5,0,1,100.0,0
CLIENT-10641,29,85620.04,8614.87,12,50.6,10.1,0,8,77.0,0
CLIENT-10642,26,87436.89,15639.27,36,48.13,5.8,1,5,65.8,0
CLIENT-10643,24,25927.18,13944.13,36,24.4,2.4,0,6,55.2,0
CLIENT-10644,45,119840.03,7743.92,24,60.86,0.7,0,4,67.2,0
CLIENT-10645,31,44826.98,10494.74,24,19.87,8.5,0,8,84.6,0
CLIENT-10646,48,96358.24,24474.68,48,59.77,14.2,0,9,64.3,0
CLIENT-10647,69,26860.93,14836.78,36,27.2,2.5,0,9,58.7,0
CLIENT-10648,36,30358.81,19617.54,48,17.16,6.5,2,1,80.6,1
CLIENT-10649,64,42805.27,32557.0,36,55.47,2.6,0,7,54.3,0
CLIENT-10650,33,39780.28,18114.28,36,10.14,3.5,0,4,73.5,0
CLIENT-10651,22,77102.21,3482.54,24,55.76,9.1,3,10,76.2,0
CLIENT-10652,52,31594.0,16145.85,36,24.43,0.4,1,11,75.8,0
CLIENT-10653,29,73040.47,8667.38,36,58.66,3.8,0,8,76.5,0
CLIENT-10654,42,56350.18,47439.56,36,48.03,1.2,0,7,55.7,1
CLIENT-10655,69,31951.19,17667.62,24,46.64,2.1,1,1,67.2,1
CLIENT-10656,38,53788.02,8793.72,24,30.09,5.2,0,1,66.2,0
CLIENT-10657,53,27338.22,19861.89,48,13.27,0.1,0,1,72.1,0
CLIENT-10658,40,148765.05,14236.35,36,55.65,4.5,0,2,43.0,0
CLIENT-10659,33,7342.25,4013.54,36,19.4,1.7,0,10,49.0,0
CLIENT-10660,56,54380.77,24444.06,36,30.47,5.5,0,2,100.0,0
CLIENT-10661,62,12597.36,10057.98,48,43.02,0.8,0,9,80.9,0
CLIENT-10662,59,31716.93,36113.89,36,36.52,6.7,0,5,66.8,0
CLIENT-10663,56,34497.26,12245.31,36,20.93,5.2,1,1,71.1,1
CLIENT-10664,31,89731.77,36589.09,60,17.73,17.7,0,7,100.0,0
CLIENT-10665,48,23973.6,17987.43,48,16.78,12.1,0,10,41.9,0
CLIENT-10666,22,79603.01,26420.26,24,57.47,1.7,0,2,71.7,0
CLIENT-10667,52,17902.76,9468.51,24,11.74,0.1,0,3,64.9,0
CLIENT-10668,40,81470.95,17104.63,48,63.74,5.3,0,4,88.6,0
CLIENT-10669,46,27320.5,3990.36,48,20.92,4.6,0,3,78.6,0
CLIENT-10670,60,37951.36,12222.99,36,16.07,0.1,0,3,100.0,0
CLIENT-10671,28,29678.34,4725.97,36,41.73,0.7,0,9,82.2,0
CLIENT-10672,35,78387.37,6002.41,36,14.4,4.4,1,4,63.4,0
CLIENT-10673,64,69747.99,7161.23,36,43.13,12.1,1,8,66.5,1
CLIENT-10674,29,47386.9,21211.41,36,56.78,11.8,0,1,80.3,1
CLIENT-10675,26,18194.58,12050.34,24,12.63,0.8,0,6,91.8,0
CLIENT-10676,27,23646.89,13656.88,60,53.99,2.4,0,1,59.4,0
CLIENT-10677,61,19591.56,11822.84,48,31.7,0.2,0,5,73.8,0
CLIENT-10678,34,9424.94,28467.1,36,18.77,3.2,0,7,40.6,0
CLIENT-10679,55,77403.78,13397.58,36,19.69,7.0,0,1,65.6,0
CLIENT-10680,24,29831.07,15901.77,24,60.53,7.8,2,9,95.9,0
CLIENT-10681,63,29640.7,8962.66,36,16.08,3.5,1,11,92.8,0
CLIENT-10682,30,89113.07,29869.3,36,57.67,0.5,0,9,81.2,0
CLIENT-10683,57,27293.58,31478.89,36,39.93,2.4,0,6,96.7,0
CLIENT-10684,59,21932.34,13019.16,36,12.15,13.4,1,2,66.1,0
CLIENT-10685,26,31734.28,8875.0,36,35.55,1.3,0,2,69.0,0
CLIENT-10686,67,18405.39,4310.53,48,54.96,1.9,0,9,65.8,0
CLIENT-10687,44,44650.17,7273.42,12,49.94,6.9,0,4,79.8,0
CLIENT-10688,19,29021.81,2930.82,36,36.88,6.6,0,6,100.0,0
CLIENT-10689,22,26786.07,7062.47,48,57.3,12.2,0,10,75.5,0
CLIENT-10690,46,25429.32,17152.15,36,16.62,2.5,3,2,52.9,1
CLIENT-10691,54,34073.22,12896.61,36,60.05,3.6,0,4,53.5,0
CLIENT-10692,55,38180.82,67933.66,36,56.55,3.1,0,2,56.9,1
CLIENT-10693,36,26582.67,10303.72,60,48.96,13.1,0,3,57.8,0
CLIENT-10694,25,29282.36,9755.71,12,54.98,7.3,1,2,56.5,1
CLIENT-10695,65,34581.92,28111.63,36,39.91,8.9,1,8,73.3,0
CLIENT-10696,62,32550.54,3467.35,12,47.13,0.7,0,5,48.6,0
CLIENT-10697,18,36998.98,4735.12,24,40.83,7.8,1,5,77.3,0
CLIENT-10698,39,24197.33,21262.26,36,29.55,2.8,0,8,84.8,0
CLIENT-10699,69,66353.76,11651.65,24,41.29,0.1,0,11,60.7,1
CLIENT-10700,34,38487.81,11840.16,60,24.16,0.3,0,8,75.2,0
CLIENT-10701,24,26841.16,6932.63,60,34.22,5.7,0,7,80.0,0
CLIENT-10702,42,44650.94,15801.17,36,25.44,2.3,0,5,83.2,0
CLIENT-10703,62,34730.68,7588.46,36,16.76,10.1,0,7,71.7,0
CLIENT-10704,21,12832.09,14057.63,36,27.7,6.6,0,1,55.8,0
CLIENT-10705,53,44559.1,5937.61,48,56.86,0.1,0,3,71.6,0
CLIENT-10706,23,19698.47,11758.39,36,30.96,5.8,0,3,67.7,0
CLIENT-10707,48,63618.31,55127.74,12,51.14,1.1,0,2,72.1,0
CLIENT-10708,36,31412.16,9922.35,48,19.64,2.7,0,6,55.1,1
CLIENT-10709,61,57990.95,12182.66,48,33.34,4.9,0,3,47.2,1
CLIENT-10710,56,24881.23,11593.89,36,16.32,10.3,1,4,39.8,0
CLIENT-10711,44,37871.63,15095.8,60,17.62,3.0,2,3,43.7,1
CLIENT-10712,27,75067.73,18540.38,60,43.96,8.3,0,7,42.7,1
CLIENT-10713,43,30902.43,15995.56,36,43.41,7.6,0,4,85.4,0
CLIENT-10714,36,25476.45,16244.69,36,21.74,2.7,0,5,73.8,0
CLIENT-10715,56,53799.76,11771.26,60,36.09,3.5,2,7,70.6,0
CLIENT-10716,20,53177.84,14331.32,24,57.48,6.0,0,4,64.9,0
CLIENT-10717,62,26127.68,11501.48,36,19.58,0.2,1,6,41.3,1
CLIENT-10718,30,11033.85,3756.9,24,11.06,11.1,0,9,75.8,0
CLIENT-10719,67,25184.56,84240.45,48,45.86,7.3,2,6,73.4,1
CLIENT-10720,45,54525.06,22241.63,48,12.94,1.4,0,5,70.7,0
CLIENT-10721,37,22810.57,6730.98,24,63.9,19.9,3,1,58.5,1
CLIENT-10722,45,36077.96,15694.13,60,43.53,1.0,0,8,59.6,0
CLIENT-10723,25,24477.49,5206.7,48,35.87,12.3,2,5,77.8,0
CLIENT-10724,58,11392.38,9452.73,48,33.65,2.0,0,5,58.5,0
CLIENT-10725,56,24214.61,4734.39,12,41.52,7.2,0,3,85.9,0
CLIENT-10726,18,54386.93,12889.53,36,14.98,3.0,1,10,94.0,0
CLIENT-10727,20,8759.1,4416.27,36,61.15,6.7,0,2,86.8,0
CLIENT-10728,30,42247.5,17533.98,36,44.41,0.8,0,1,71.4,1
CLIENT-10729,45,17825.02,21537.58,36,20.12,1.6,0,9,68.6,0
CLIENT-10730,66,52316.4,7488.42,48,40.94,0.5,1,5,71.5,0
CLIENT-10731,42,55747.7,14952.38,36,17.33,10.0,2,10,80.2,0
CLIENT-10732,50,32755.67,7215.78,48,10.97,1.8,0,4,91.8,0
CLIENT-10733,55,32800.5,19114.68,24,44.68,5.9,0,7,78.3,0
CLIENT-10734,23,22385.81,8249.99,24,45.67,8.6,1,4,44.5,0
CLIENT-10735,61,16198.11,23208.62,12,42.1,11.6,0,11,56.1,0
CLIENT-10736,62,100594.79,3758.92,36,20.09,0.6,1,2,67.7,0
CLIENT-10737,49,21610.99,6611.18,36,43.19,11.2,1,9,84.8,0
CLIENT-10738,62,93030.04,6147.67,48,13.11,1.1,1,8,100.0,0
CLIENT-10739,64,21683.35,15403.46,36,43.51,6.7,0,4,71.1,0
CLIENT-10740,38,49767.34,19703.72,36,40.47,6.5,2,8,80.0,1
CLIENT-10741,33,18348.73,16259.72,36,46.04,0.0,1,9,46.8,1
CLIENT-10742,38,49713.76,9355.47,12,59.25,1.2,1,2,59.4,0
CLIENT-10743,28,29871.13,1888.31,24,56.77,3.4,0,4,75.3,0
CLIENT-10744,54,30106.32,13726.61,36,63.94,2.7,0,11,39.2,1
CLIENT-10745,53,52366.06,23193.66,36,63.69,12.5,0,6,73.7,0
CLIENT-10746,52,27405.94,87234.59,48,52.48,2.2,0,7,64.3,1
CLIENT-10747,36,15415.22,9926.1,36,62.6,13.8,0,5,70.7,0
CLIENT-10748,37,57341.7,8385.67,48,57.7,3.1,0,10,59.3,0
CLIENT-10749,35,18259.84,16716.95,36,50.02,16.7,0,10,77.8,0
CLIENT-10750,64,49509.03,11166.67,60,14.15,6.7,1,7,85.9,0
CLIENT-10751,58,65107.69,32622.63,24,12.7,8.8,1,11,81.2,0
CLIENT-10752,66,28989.93,7587.58,36,56.07,0.6,2,4,80.7,0
CLIENT-10753,31,73821.97,11223.97,36,36.93,4.4,0,8,78.5,0
CLIENT-10754,32,48487.93,24670.15,60,54.8,0.8,0,3,69.7,0
CLIENT-10755,48,23920.31,16578.39,24,27.21,1.8,0,3,63.4,0
CLIENT-10756,18,84192.19,30117.01,36,31.87,4.9,0,5,83.9,0
CLIENT-10757,20,18306.23,9841.9,36,48.51,6.5,0,6,56.7,0
CLIENT-10758,33,28968.95,32347.73,36,60.34,0.2,0,3,77.5,1
CLIENT-10759,40,32087.16,4168.5,24,14.83,3.8,0,10,77.1,0
CLIENT-10760,28,52215.48,4286.97,12,57.38,4.2,0,2,54.3,0
CLIENT-10761,29,70916.61,32706.46,36,53.62,0.4,0,5,55.8,1
CLIENT-10762,27,68300.68,13428.64,36,27.35,3.5,0,10,77.7,1
CLIENT-10763,49,41533.23,25452.55,24,29.54,6.3,0,6,73.2,0
CLIENT-10764,33,30694.49,14323.11,36,12.56,0.3,0,3,75.4,0
CLIENT-10765,25,12141.8,13294.04,12,10.87,7.1,0,7,66.8,0
CLIENT-10766,55,16506.55,5273.16,60,36.24,4.3,0,3,93.0,0
CLIENT-10767,29,104819.31,13111.07,36,15.25,9.0,0,2,78.8,0
CLIENT-10768,41,12068.53,34652.5,48,20.67,1.2,3,10,90.2,1
CLIENT-10769,45,22681.52,13900.35,36,56.57,9.0,0,4,66.0,0
CLIENT-10770,25,72168.85,21535.43,60,41.41,0.5,0,3,85.0,0
CLIENT-10771,45,41184.94,21121.82,36,44.85,2.6,2,7,65.3,1
CLIENT-10772,53,63375.15,6575.49,36,20.31,1.1,0,8,65.1,0
CLIENT-10773,43,50296.81,24342.8,36,55.58,10.4,0,3,51.7,0
CLIENT-10774,25,87706.34,10725.61,48,57.74,6.1,0,6,76.8,0
CLIENT-10775,67,43358.43,11139.4,36,38.78,0.1,0,1,54.6,1
CLIENT-10776,45,54071.83,58010.92,24,60.19,0.0,0,5,60.8,0
CLIENT-10777,45,23516.37,20294.65,24,56.47,1.7,0,2,49.7,0
CLIENT-10778,54,51626.99,8544.55,36,50.22,0.8,1,1,41.5,1
CLIENT-10779,58,28633.26,13977.12,36,50.37,5.0,0,7,68.8,0
CLIENT-10780,53,27670.9,13706.62,12,15.8,5.5,2,10,59.3,1
CLIENT-10781,44,62120.67,43489.08,36,24.9,14.2,2,4,75.0,0
CLIENT-10782,34,62378.38,13733.9,36,13.68,15.2,3,5,69.2,0
CLIENT-10783,26,100013.98,62667.55,48,10.48,5.4,1,2,85.7,0
CLIENT-10784,50,96178.19,5389.93,12,18.71,0.0,0,8,98.9,0
CLIENT-10785,37,62968.45,13060.57,36,58.43,2.2,0,11,87.2,0
CLIENT-10786,30,12935.52,7832.22,48,23.19,3.6,0,10,70.5,0
CLIENT-10787,45,108728.43,9448.58,36,63.36,3.5,1,3,80.1,0
CLIENT-10788,65,62993.11,9593.25,24,42.85,4.6,0,7,89.7,0
CLIENT-10789,46,22936.48,8120.0,48,23.05,16.2,0,11,62.5,0
CLIENT-10790,30,56237.86,44851.86,36,37.34,10.8,2,1,83.4,1
CLIENT-10791,63,19489.68,36163.02,36,22.05,0.6,0,10,89.6,0
CLIENT-10792,52,52637.18,17709.41,60,64.12,1.5,0,1,71.2,0
CLIENT-10793,23,16485.52,9584.99,60,56.6,9.0,0,7,77.0,0
CLIENT-10794,35,22360.9,8281.15,36,11.44,8.7,0,1,100.0,0
CLIENT-10795,68,55601.06,22454.94,24,62.13,1.6,0,9,60.6,0
CLIENT-10796,22,69129.17,16483.34,36,49.66,6.6,0,9,66.0,1
CLIENT-10797,64,44146.2,12071.73,12,14.53,5.6,1,8,78.3,0
CLIENT-10798,42,30586.04,19512.98,12,46.89,3.2,0,8,56.7,0
CLIENT-10799,19,10209.56,24928.06,36,45.58,1.1,0,4,68.9,0
CLIENT-10800,27,32035.1,11994.12,60,22.03,11.0,0,4,51.7,0
CLIENT-10801,47,50015.64,7699.2,48,51.71,5.7,0,5,41.6,0
CLIENT-10802,67,30029.66,5298.71,36,14.79,0.9,0,9,73.6,0
CLIENT-10803,62,35826.86,15921.76,36,36.92,6.1,0,3,50.0,0
CLIENT-10804,22,32488.11,60905.1,12,10.55,6.8,0,4,56.2,0
CLIENT-10805,50,29940.77,6139.73,24,63.28,10.9,0,10,85.4,0
CLIENT-10806,18,38007.03,28843.17,12,51.34,1.3,0,5,72.5,0
CLIENT-10807,35,30834.31,8325.77,48,18.74,22.4,0,7,69.4,0
CLIENT-10808,49,86333.56,9587.14,24,28.79,0.8,0,5,64.4,0
CLIENT-10809,64,9663.86,25347.78,48,18.83,4.6,0,9,93.1,0
CLIENT-10810,66,26173.28,11173.71,36,52.16,5.4,1,6,100.0,0
CLIENT-10811,28,21543.86,15895.35,24,13.24,2.7,1,3,79.1,0
CLIENT-10812,38,41417.81,15683.53,24,56.22,3.2,0,6,30.5,1
CLIENT-10813,43,38035.94,8335.15,36,61.82,11.1,0,6,69.5,0
CLIENT-10814,42,96116.46,24998.43,60,47.21,5.2,2,10,54.2,1
CLIENT-10815,39,117088.49,12796.06,48,21.71,3.4,0,1,63.3,0
CLIENT-10816,44,22837.29,5054.54,36,29.8,0.7,3,7,77.2,0
CLIENT-10817,66,36326.4,7152.81,36,36.25,0.0,0,3,71.6,0
CLIENT-10818,30,40854.92,1507.7,36,43.25,0.7,1,1,49.4,1
CLIENT-10819,50,22500.93,13854.9,60,46.78,15.6,0,1,59.6,0
CLIENT-10820,51,52946.07,33284.48,48,40.48,7.2,0,5,87.2,0
CLIENT-10821,58,31454.44,6418.86,36,29.32,17.1,3,10,93.8,0
CLIENT-10822,52,19137.77,20128.19,36,59.0,0.2,2,10,90.5,0
CLIENT-10823,18,30707.4,18058.96,36,14.48,5.7,0,2,49.7,0
CLIENT-10824,38,19958.2,7892.64,36,35.64,0.2,2,2,64.7,1
CLIENT-10825,65,67642.25,39166.38,12,52.66,7.6,0,4,59.1,0
CLIENT-10826,23,113656.45,11038.43,36,13.35,2.4,0,10,80.0,0
CLIENT-10827,45,42061.65,54567.18,60,48.79,0.5,0,11,65.6,1
CLIENT-10828,34,38822.92,4251.49,36,55.08,4.2,0,7,54.8,0
CLIENT-10829,22,39793.58,11065.7,12,46.35,1.6,1,8,92.2,0
CLIENT-10830,48,73816.71,12025.97,48,10.71,5.4,0,11,61.3,0
CLIENT-10831,22,72869.06,12985.27,24,19.91,5.4,0,10,85.2,0
CLIENT-10832,55,33880.94,22058.02,24,28.82,6.1,0,7,60.8,1
CLIENT-10833,20,42258.21,144161.45,24,22.85,24.4,0,9,81.8,0
CLIENT-10834,40,53722.54,18371.33,36,62.95,2.4,0,7,65.1,0
CLIENT-10835,54,18350.05,13588.35,36,45.84,3.1,0,4,54.4,0
CLIENT-10836,54,75174.32,6202.21,36,26.33,8.2,1,9,87.3,0
CLIENT-10837,27,102836.86,3557.9,48,61.13,4.3,0,9,59.4,0
CLIENT-10838,27,73058.76,30308.47,36,50.73,0.2,0,3,71.6,1
CLIENT-10839,36,17199.64,9111.12,48,25.65,9.3,0,10,50.5,0
CLIENT-10840,34,11136.68,82694.7,24,30.84,0.3,0,8,49.3,0
CLIENT-10841,38,55560.69,24532.35,48,20.97,0.9,0,1,93.1,0
CLIENT-10842,31,23014.65,16968.12,36,63.41,0.5,0,2,72.1,0
CLIENT-10843,26,43143.2,17604.15,36,38.45,0.4,0,8,68.4,0
CLIENT-10844,63,91225.45,17725.93,36,59.28,0.1,1,8,63.7,0
CLIENT-10845,18,24485.27,8215.71,36,29.06,0.3,0,6,58.3,0
CLIENT-10846,68,28954.1,3920.4,12,57.35,2.9,1,8,78.7,0
CLIENT-10847,62,42874.55,9086.28,48,12.96,1.5,0,8,91.3,0
CLIENT-10848,30,16672.14,13189.16,12,64.01,0.7,0,2,82.3,0
CLIENT-10849,21,23046.89,8489.01,24,60.16,5.4,0,3,79.2,0
CLIENT-10850,18,36861.19,5430.26,36,29.98,1.3,0,7,65.3,0
CLIENT-10851,66,30324.98,7912.93,48,52.61,0.1,0,3,79.5,0
CLIENT-10852,57,52315.33,27584.59,12,51.37,2.7,3,11,99.2,0
CLIENT-10853,49,190915.8,22555.56,60,59.57,1.9,0,2,66.0,0
CLIENT-10854,51,38541.2,15062.85,60,26.9,1.9,0,6,75.4,1
CLIENT-10855,45,21916.01,20150.18,36,35.6,2.9,0,2,90.4,0
CLIENT-10856,48,85045.71,6048.99,36,57.57,5.5,0,2,99.3,0
CLIENT-10857,25,13998.55,7655.68,48,52.82,4.8,0,11,72.1,0
CLIENT-10858,56,15782.47,16609.18,36,31.64,13.8,1,2,82.7,0
CLIENT-10859,43,25411.01,6613.34,36,56.51,3.6,0,4,66.2,0
CLIENT-10860,51,30646.32,14412.9,60,12.58,3.2,1,7,74.9,0
CLIENT-10861,20,25048.18,5520.55,60,53.01,1.2,0,6,66.4,0
CLIENT-10862,67,35635.32,4210.22,60,21.37,7.0,0,5,87.6,0
CLIENT-10863,29,42823.62,22365.06,24,25.74,0.8,0,4,95.1,0
CLIENT-10864,18,68966.47,27417.37,24,37.13,3.4,0,2,51.9,0
CLIENT-10865,61,38357.79,8590.61,24,34.74,2.7,0,11,68.4,0
CLIENT-10866,22,25921.61,4608.59,36,38.63,5.4,0,8,61.9,1
CLIENT-10867,47,66755.18,2847.34,36,39.96,12.5,0,2,65.2,0
CLIENT-10868,47,22233.84,48503.93,36,28.23,14.6,1,11,66.4,0
CLIENT-10869,34,13635.59,14443.12,36,19.64,0.9,0,8,57.0,0
CLIENT-10870,65,74874.87,8728.99,48,52.27,1.5,0,10,74.2,0
CLIENT-10871,64,72049.74,10355.38,48,32.0,8.3,0,4,52.5,0
CLIENT-10872,40,22575.51,3500.52,48,37.82,3.7,1,5,83.2,0
CLIENT-10873,32,28582.24,20618.19,12,45.46,3.0,0,11,74.4,0
CLIENT-10874,54,20948.94,54180.45,12,60.03,6.2,0,1,54.1,1
CLIENT-10875,38,44177.66,7723.86,48,48.92,4.6,3,2,53.3,1
CLIENT-10876,31,102665.31,70857.06,36,12.5,17.7,0,11,81.7,0
CLIENT-10877,19,55366.45,12314.3,36,56.12,4.4,0,8,59.4,0
CLIENT-10878,28,67604.84,42904.29,12,64.41,3.1,0,1,93.2,1
CLIENT-10879,68,59387.38,16565.12,24,35.99,3.9,0,3,38.1,0
CLIENT-10880,56,36312.91,16552.49,36,63.33,8.3,2,2,54.2,1
CLIENT-10881,55,69564.12,48569.35,48,40.1,4.7,1,10,64.2,0
CLIENT-10882,51,56784.48,23107.04,60,35.28,5.2,1,5,69.5,0
CLIENT-10883,55,86134.68,17368.16,36,28.23,17.8,3,4,80.0,0
CLIENT-10884,67,27564.13,3432.57,36,46.17,4.8,0,4,67.0,0
CLIENT-10885,51,12799.14,4651.54,48,22.64,2.4,0,4,65.2,0
CLIENT-10886,35,67992.36,18416.25,36,15.77,5.9,1,11,59.9,0
CLIENT-10887,47,44795.44,37326.11,36,11.5,5.4,0,4,58.1,0
CLIENT-10888,32,30405.3,14616.64,60,26.08,0.1,0,4,59.3,0
CLIENT-10889,44,31442.27,8831.56,48,31.77,3.1,0,6,68.8,0
CLIENT-10890,68,168183.65,3687.05,60,40.36,6.8,2,2,42.3,0
CLIENT-10891,51,24703.08,7719.39,24,26.1,3.5,0,4,78.1,0
CLIENT-10892,69,21764.12,14642.55,36,64.12,7.6,1,7,71.0,0
CLIENT-10893,55,38222.15,7335.5,48,26.05,3.0,0,7,68.2,0
CLIENT-10894,50,73739.55,6801.43,24,34.25,20.5,0,1,87.1,0
CLIENT-10895,41,142492.01,12890.14,48,15.68,1.7,1,10,78.9,0
CLIENT-10896,32,53874.85,36823.38,24,24.33,0.5,2,9,71.9,0
CLIENT-10897,47,16945.45,21575.28,48,12.66,2.8,0,7,79.8,0
CLIENT-10898,59,118482.26,16319.41,36,40.77,3.9,0,11,60.7,0
CLIENT-10899,68,35893.76,15243.99,24,51.31,2.1,0,6,78.9,0
CLIENT-10900,34,21968.71,19649.82,36,20.76,1.4,1,2,82.3,0
CLIENT-10901,22,19003.24,12368.5,36,30.24,5.6,0,6,33.3,1
CLIENT-10902,46,59981.85,10019.04,36,10.91,2.4,0,5,96.5,0
CLIENT-10903,21,41910.75,22398.2,36,56.17,5.0,0,9,75.0,0
CLIENT-10904,27,44669.46,11409.75,48,52.9,7.5,0,1,79.2,0
CLIENT-10905,34,78582.31,5813.75,36,13.48,7.2,0,5,86.2,0
CLIENT-10906,27,22442.4,36691.85,36,30.07,2.4,1,3,67.9,0
CLIENT-10907,34,82429.01,3608.51,12,62.54,4.2,2,9,63.8,0
CLIENT-10908,37,26595.72,38670.25,60,31.56,3.0,2,1,74.5,0
CLIENT-10909,41,133039.91,19044.22,24,38.94,10.2,0,6,100.0,0
CLIENT-10910,22,52012.71,6779.07,36,29.54,10.5,2,3,68.5,0
CLIENT-10911,51,20907.37,13588.49,48,42.79,2.1,0,1,60.4,0
CLIENT-10912,23,10772.47,9895.11,24,63.8,0.5,0,11,90.1,0
CLIENT-10913,19,59003.66,23515.33,36,64.86,0.9,0,3,38.7,0
CLIENT-10914,30,29012.78,23191.75,24,52.61,2.3,0,2,68.4,0
CLIENT-10915,60,33079.22,18452.49,48,32.24,4.2,0,10,60.5,0
CLIENT-10916,60,57510.2,22526.96,36,37.19,5.3,0,8,79.4,0
CLIENT-10917,65,66585.91,12327.86,48,29.62,2.0,1,3,72.0,0
CLIENT-10918,28,75676.75,45851.93,48,64.21,5.5,0,11,53.5,0
CLIENT-10919,68,17945.51,31461.66,36,48.93,13.9,0,7,79.7,0
CLIENT-10920,64,85437.2,9567.2,48,34.69,5.3,0,10,57.7,0
CLIENT-10921,40,25657.03,23567.01,36,10.67,0.9,2,6,69.3,0
CLIENT-10922,33,9379.2,22170.27,36,38.63,4.3,0,7,63.6,1
CLIENT-10923,48,17906.8,11138.54,36,64.12,3.9,0,11,82.2,0
CLIENT-10924,28,41390.85,10543.03,60,38.77,10.2,0,7,63.1,0
CLIENT-10925,33,20185.33,31261.91,36,20.03,2.2,0,10,23.6,1
CLIENT-10926,25,34446.87,13223.02,36,11.22,2.7,0,1,53.3,0
CLIENT-10927,21,44486.96,16028.45,36,29.51,4.6,0,4,70.9,0
CLIENT-10928,57,32570.71,35623.93,36,60.5,3.7,0,4,60.1,0
CLIENT-10929,21,26994.47,78695.19,12,64.81,6.3,0,5,87.9,1
CLIENT-10930,42,17147.07,9240.6,36,62.0,0.2,0,10,54.7,0
CLIENT-10931,20,36796.8,11445.7,36,50.12,4.1,0,5,78.7,0
CLIENT-10932,49,10519.92,14070.04,36,40.7,0.6,2,8,82.1,0
CLIENT-10933,20,24062.29,14295.72,36,42.49,1.9,0,4,72.6,0
CLIENT-10934,44,20812.93,17386.48,36,39.64,5.4,0,1,76.1,0
CLIENT-10935,46,31456.91,9479.39,48,48.89,0.9,3,5,68.0,0
CLIENT-10936,49,31952.39,5506.4,60,33.04,1.8,0,1,74.1,0
CLIENT-10937,67,64600.28,45600.67,36,46.81,6.1,0,3,62.7,0
CLIENT-10938,68,93909.46,20505.69,12,16.69,5.3,0,8,73.4,0
CLIENT-10939,36,18570.56,9966.9,60,24.61,0.5,0,10,65.7,0
CLIENT-10940,38,120054.32,18141.89,48,55.98,4.3,0,5,65.7,0
CLIENT-10941,22,22752.33,48197.64,36,59.71,0.8,0,7,60.0,0
CLIENT-10942,35,40276.2,7695.45,24,39.65,1.5,1,1,66.7,0
CLIENT-10943,45,49341.35,15487.65,24,11.74,3.1,1,6,92.6,0
CLIENT-10944,59,157432.12,5049.75,24,60.98,0.6,0,8,66.4,0
CLIENT-10945,39,26229.25,12297.62,12,48.61,25.3,0,6,84.1,0
CLIENT-10946,38,12356.74,20570.57,60,32.77,0.9,1,4,77.9,1
CLIENT-10947,23,88807.62,6122.3,36,42.91,7.6,0,11,73.7,0
CLIENT-10948,18,22025.93,11718.91,36,33.64,8.9,0,8,74.3,0
CLIENT-10949,22,29232.81,23387.32,48,35.59,26.0,0,8,70.3,0
CLIENT-10950,58,18570.88,20179.85,48,58.77,2.8,0,6,61.3,1
CLIENT-10951,29,29283.45,5941.15,48,18.86,10.4,0,8,95.8,0
CLIENT-10952,43,21933.38,17355.11,60,15.7,15.8,0,6,85.9,0
CLIENT-10953,63,54495.05,19753.84,36,10.15,0.9,0,4,70.6,0
CLIENT-10954,51,38119.26,14408.73,60,27.27,3.3,1,11,71.0,0
CLIENT-10955,66,24133.76,28639.37,48,18.11,0.3,0,6,78.5,0
CLIENT-10956,31,66007.47,8843.05,12,22.1,4.8,0,9,54.1,0
CLIENT-10957,43,42319.28,17831.81,36,10.62,4.4,0,8,58.3,0
CLIENT-10958,62,11996.51,5909.76,36,22.5,1.1,1,7,41.8,1
CLIENT-10959,44,63058.74,4357.1,60,28.3,8.0,0,5,66.8,0
CLIENT-10960,26,40575.54,23080.77,36,11.74,0.2,0,7,87.9,0
CLIENT-10961,43,83653.58,13553.41,36,43.43,8.2,1,1,65.8,0
CLIENT-10962,64,39118.49,9658.64,12,41.28,0.1,0,8,100.0,0
CLIENT-10963,39,22583.49,6338.46,36,15.34,5.3,0,5,63.5,0
CLIENT-10964,64,32126.06,23836.46,12,42.73,0.4,3,7,72.7,0
CLIENT-10965,47,58826.73,4648.92,36,64.93,1.4,0,7,65.8,0
CLIENT-10966,60,22869.46,26769.39,48,61.95,6.4,0,8,36.4,1
CLIENT-10967,65,27884.38,18319.08,24,10.15,1.6,0,7,65.9,0
CLIENT-10968,34,31792.54,4815.26,36,53.75,3.6,1,6,57.4,0
CLIENT-10969,43,18221.86,14591.19,24,29.45,12.3,0,6,73.5,0
CLIENT-10970,53,23068.1,85614.28,24,13.5,0.3,0,5,89.1,0
CLIENT-10971,18,40276.77,30717.65,36,26.28,8.3,1,5,64.7,0
CLIENT-10972,25,74718.77,7482.94,12,27.7,0.3,0,4,75.6,0
CLIENT-10973,66,43927.16,22063.81,36,38.78,0.7,1,7,66.8,0
CLIENT-10974,52,35329.84,4958.51,12,46.36,0.6,0,11,83.5,1
CLIENT-10975,69,22053.74,5115.75,24,51.2,25.7,0,3,100.0,0
CLIENT-10976,32,70059.23,12744.89,36,23.52,1.0,0,5,92.3,0
CLIENT-10977,64,47103.53,19656.37,36,27.7,11.4,0,3,60.8,0
CLIENT-10978,39,23764.83,23574.74,12,26.96,23.5,0,8,90.7,0
CLIENT-10979,31,62267.14,23804.47,36,29.95,2.4,0,5,74.5,0
CLIENT-10980,43,50804.81,18888.81,48,64.98,5.0,0,11,88.5,1
CLIENT-10981,45,22289.74,4316.53,48,52.79,7.6,0,10,54.6,0
CLIENT-10982,40,34172.38,12801.89,24,63.62,2.5,1,6,68.7,1
CLIENT-10983,31,27020.1,26319.81,36,48.12,0.9,0,1,72.7,0
CLIENT-10984,41,176331.81,18220.52,36,32.34,2.8,1,11,69.2,0
CLIENT-10985,19,49963.45,15176.06,12,31.44,7.4,0,4,74.3,0
CLIENT-10986,62,40621.68,16822.26,48,36.87,7.6,0,9,68.4,0
CLIENT-10987,43,48223.31,16626.68,60,32.93,1.3,0,5,64.7,0
CLIENT-10988,31,83074.87,3376.42,48,55.56,1.0,0,1,63.1,0
CLIENT-10989,68,34543.4,29984.14,48,35.58,12.7,1,4,57.7,0
CLIENT-10990,24,25490.33,12365.02,48,26.26,0.2,0,6,74.6,0
CLIENT-10991,20,60268.81,21923.41,36,52.62,6.6,0,7,67.9,0
CLIENT-10992,64,32696.83,2659.91,36,56.99,0.2,0,7,61.9,0
CLIENT-10993,40,19111.83,42731.62,48,33.12,9.1,0,8,47.5,1
CLIENT-10994,63,17003.73,5946.23,36,46.73,11.8,0,5,78.1,0
CLIENT-10995,60,90905.7,79137.23,36,13.23,1.8,0,6,80.1,0
CLIENT-10996,64,39300.27,58892.46,36,39.12,0.4,0,11,55.9,1
CLIENT-10997,62,25495.56,5284.63,48,12.47,3.3,2,11,71.5,0
CLIENT-10998,35,31552.21,23669.1,12,11.61,1.8,2,2,61.8,1
CLIENT-10999,55,58951.29,6554.79,36,43.71,2.7,0,10,80.8,0
CLIENT-11000,52,30453.51,8539.14,60,26.68,5.5,0,2,62.6,0
CLIENT-11001,68,15219.73,8675.14,48,50.84,1.2,2,3,62.6,1
CLIENT-11002,32,44156.9,18279.79,60,59.28,2.2,0,4,72.0,0
CLIENT-11003,42,74982.4,16768.3,36,17.67,7.6,0,6,63.7,0
CLIENT-11004,54,72032.93,5761.12,12,49.85,5.2,2,6,62.7,0
CLIENT-11005,45,25962.33,18177.98,48,38.3,2.0,0,3,60.8,0
CLIENT-11006,27,77769.42,11581.03,24,16.17,5.5,2,1,63.4,0
CLIENT-11007,56,41265.0,3735.41,36,45.84,7.2,0,3,64.4,1
CLIENT-11008,34,76472.65,9859.37,36,43.52,4.5,0,4,70.2,0
CLIENT-11009,56,51236.74,42714.72,24,38.36,1.4,0,9,67.6,0
CLIENT-11010,39,14574.69,10095.08,36,60.96,0.0,0,10,77.4,0
CLIENT-11011,43,103574.18,3696.44,36,38.66,8.1,0,8,52.7,0
CLIENT-11012,61,37461.55,23626.56,36,64.48,8.6,0,4,100.0,0
CLIENT-11013,42,51332.34,6979.57,48,38.01,6.0,0,7,70.3,0
CLIENT-11014,34,16213.07,15523.34,24,16.37,0.4,0,9,84.6,0
CLIENT-11015,30,49177.72,11844.39,24,35.88,4.4,0,2,77.2,0
CLIENT-11016,37,70386.49,45851.77,36,20.03,8.6,1,3,71.8,1
CLIENT-11017,42,115982.22,11850.22,36,42.84,2.5,0,1,76.8,0
CLIENT-11018,21,84140.21,5995.64,60,48.12,1.1,1,8,75.1,0
CLIENT-11019,27,50641.91,9621.99,12,35.76,4.4,1,2,67.4,0
CLIENT-11020,20,14376.84,5652.52,48,15.37,8.8,0,7,100.0,0
CLIENT-11021,58,39315.09,11539.31,36,35.78,0.3,0,7,86.7,0
CLIENT-11022,62,25450.59,46113.15,36,14.48,4.5,2,11,46.1,0
CLIENT-11023,35,41814.01,32013.97,12,47.52,5.2,1,3,85.8,0
CLIENT-11024,64,17504.35,55761.19,36,53.47,4.6,0,2,71.1,0
CLIENT-11025,53,32013.08,18684.98,24,62.93,5.2,0,3,94.5,0
CLIENT-11026,64,26627.24,14767.29,24,18.18,5.0,0,8,65.1,0
CLIENT-11027,39,26136.82,6642.18,36,39.28,0.7,0,9,35.0,0
CLIENT-11028,51,26293.01,16135.34,48,41.21,1.3,0,11,64.7,1
CLIENT-11029,64,33472.76,12194.58,48,60.74,4.8,0,8,46.0,1
CLIENT-11030,25,43118.91,23041.2,36,44.5,0.1,2,11,59.8,0
CLIENT-11031,57,8110.41,6090.11,36,18.0,5.0,1,2,61.4,0
CLIENT-11032,66,8726.68,13861.6,36,34.0,5.5,0,9,75.7,1
CLIENT-11033,61,29637.19,4440.63,60,46.01,1.4,0,6,73.8,0
CLIENT-11034,36,32252.1,16921.31,36,48.52,4.6,0,2,79.6,0
CLIENT-11035,59,40678.98,21440.27,24,57.47,3.8,0,9,78.3,0
CLIENT-11036,58,23468.08,4293.87,24,19.93,1.5,0,5,99.1,0
CLIENT-11037,54,36522.33,5230.04,36,62.33,3.1,0,6,70.0,0
CLIENT-11038,23,39179.7,5392.77,36,13.25,12.0,0,1,77.7,0
CLIENT-11039,69,23371.33,11797.73,12,64.11,2.8,0,2,83.3,0
CLIENT-11040,43,66707.55,5022.89,48,57.18,5.0,2,1,60.3,1
CLIENT-11041,51,40384.11,35064.45,48,46.32,0.2,2,4,51.0,0
CLIENT-11042,62,50421.69,18129.71,36,50.42,0.4,0,2,75.5,0
CLIENT-11043,23,37847.02,20319.33,12,14.0,0.4,0,1,64.0,0
CLIENT-11044,54,128309.92,4392.56,36,12.28,7.5,0,3,81.7,0
CLIENT-11045,50,51939.68,33031.76,60,15.6,2.2,0,4,81.0,0
CLIENT-11046,39,27097.7,21051.49,48,14.8,1.3,2,4,84.8,0
CLIENT-11047,38,59431.53,8286.29,24,40.11,6.9,0,3,58.2,0
CLIENT-11048,23,13594.72,4540.36,24,21.85,0.9,0,2,61.4,0
CLIENT-11049,23,39017.29,12666.44,36,57.31,1.4,0,8,71.6,1
CLIENT-11050,65,43980.26,9638.28,36,34.52,2.8,2,10,67.3,0
CLIENT-11051,21,39285.57,9922.41,36,48.25,2.0,0,11,76.8,0
CLIENT-11052,47,29724.67,8153.46,60,45.91,4.4,0,2,90.4,0
CLIENT-11053,28,19784.14,22136.99,36,27.59,2.1,2,5,68.5,0
CLIENT-11054,47,22615.52,2163.75,12,23.37,2.5,0,7,49.7,0
CLIENT-11055,48,38609.16,36350.0,48,28.84,9.9,0,9,40.7,0
CLIENT-11056,41,18618.08,26867.74,12,53.82,10.8,0,3,50.6,0
CLIENT-11057,26,105040.43,15482.72,60,42.25,8.8,1,1,50.1,0
CLIENT-11058,20,7446.22,12077.99,36,23.94,10.0,1,9,80.0,0
CLIENT-11059,68,29909.67,28513.57,60,54.98,4.2,0,1,69.3,0
CLIENT-11060,48,38802.26,12970.32,24,13.01,5.2,0,8,71.1,0
CLIENT-11061,57,49239.56,10993.94,12,48.46,4.1,0,2,80.8,0
CLIENT-11062,54,20961.55,29646.6,36,34.15,7.7,0,7,90.4,0
CLIENT-11063,53,71723.73,57836.6,36,50.22,4.0,0,3,67.1,0
CLIENT-11064,41,15735.92,6770.26,36,61.01,0.6,0,6,81.1,0
CLIENT-11065,48,25856.64,17986.19,60,51.25,8.3,0,6,75.3,0
CLIENT-11066,23,52704.1,6244.93,48,34.31,7.1,2,4,46.6,1
CLIENT-11067,19,67786.15,18980.13,36,18.3,8.6,0,8,47.7,0
CLIENT-11068,37,15640.19,7748.64,24,54.35,1.1,0,5,64.9,0
CLIENT-11069,45,177552.58,31197.2,48,35.34,1.6,0,7,73.0,0
CLIENT-11070,28,21194.67,12455.49,48,14.14,1.8,0,5,77.2,0
CLIENT-11071,21,16526.01,13801.53,36,49.55,3.5,0,4,67.0,0
CLIENT-11072,32,49100.72,41847.22,60,26.05,0.7,0,6,44.6,1
CLIENT-11073,23,29466.93,7997.61,24,12.69,2.4,1,3,64.5,0
CLIENT-11074,66,26966.98,21577.14,24,59.65,1.0,2,6,42.4,1
CLIENT-11075,47,51916.21,8574.8,12,36.57,1.5,0,6,66.9,0
CLIENT-11076,55,14524.94,30865.93,48,25.45,6.1,0,11,78.4,0
CLIENT-11077,68,13078.43,46664.03,36,49.4,9.6,0,11,76.4,1
CLIENT-11078,19,25375.67,11114.05,36,58.72,0.1,0,6,62.5,0
CLIENT-11079,32,69337.49,2875.95,24,10.02,4.2,0,11,76.1,0
CLIENT-11080,28,26044.63,8252.77,12,47.83,0.2,0,3,53.2,0
CLIENT-11081,25,94797.09,73338.83,24,52.19,0.4,3,8,60.4,1
CLIENT-11082,43,74653.21,8826.55,36,21.55,6.1,1,4,45.1,1
CLIENT-11083,68,43034.94,46152.89,24,36.93,6.7,1,11,62.0,0
CLIENT-11084,62,44526.26,8739.43,24,14.91,8.4,1,2,58.4,0
CLIENT-11085,61,43010.59,8589.54,48,51.07,3.2,0,7,63.9,1
CLIENT-11086,22,39967.85,23050.24,36,56.61,9.8,0,11,65.9,0
CLIENT-11087,23,29151.31,21195.38,48,15.95,0.9,0,8,73.7,0
CLIENT-11088,43,31253.52,24258.49,12,54.91,1.4,3,11,40.5,1
CLIENT-11089,21,19111.09,13405.73,36,52.44,0.7,0,4,57.1,0
CLIENT-11090,36,9642.87,27558.11,36,29.08,8.0,0,6,84.7,1
CLIENT-11091,37,70434.77,26187.83,24,47.97,1.3,0,8,84.9,0
CLIENT-11092,50,39908.92,29861.33,24,10.0,0.8,0,5,70.8,0
CLIENT-11093,37,36451.1,8634.39,48,61.25,4.9,0,9,71.2,0
CLIENT-11094,66,46123.11,27544.01,60,40.27,0.4,0,6,53.1,1
CLIENT-11095,29,22091.79,9274.88,12,44.12,0.2,0,6,64.4,1
CLIENT-11096,64,19917.67,11968.45,36,46.56,0.6,0,2,82.3,0
CLIENT-11097,18,30631.65,11797.71,60,40.88,0.0,0,7,51.3,0
CLIENT-11098,43,82525.21,6643.06,12,57.12,6.0,0,9,72.2,1
CLIENT-11099,31,18011.31,3964.51,36,43.53,4.1,0,5,78.4,0
CLIENT-11100,55,7508.27,31464.24,60,59.93,1.2,1,5,70.7,0
CLIENT-11101,54,26559.94,8171.64,60,42.03,1.3,0,11,67.8,0
CLIENT-11102,28,72086.35,11061.02,36,19.41,8.3,0,5,67.6,0
CLIENT-11103,53,12841.96,8010.42,24,60.25,3.5,0,1,77.5,0
CLIENT-11104,30,17887.01,11162.8,24,47.49,6.0,1,5,72.9,1
CLIENT-11105,60,42536.94,9375.62,48,48.46,3.0,0,10,77.4,0
CLIENT-11106,20,169726.61,32707.47,60,64.2,1.4,0,8,64.5,0
CLIENT-11107,50,16075.84,8836.51,36,14.14,17.6,1,3,65.2,0
CLIENT-11108,23,15706.65,44364.19,48,33.57,4.2,1,9,78.2,1
CLIENT-11109,67,44498.87,29658.08,48,23.15,0.7,1,9,56.6,0
CLIENT-11110,27,74817.32,9584.35,36,44.67,2.6,0,6,53.1,0
CLIENT-11111,22,24972.76,16711.76,48,54.37,2.0,1,4,100.0,0
CLIENT-11112,40,13727.6,19216.84,36,63.15,1.2,0,4,76.3,0
CLIENT-11113,27,47110.42,24079.71,36,35.0,13.5,0,11,66.3,0
CLIENT-11114,61,52517.66,25805.09,24,53.24,10.6,1,1,59.6,1
CLIENT-11115,19,105576.71,15224.22,48,60.44,1.1,1,10,56.2,0
CLIENT-11116,30,53861.34,6849.31,36,47.58,2.2,0,5,69.3,0
CLIENT-11117,57,59685.22,20923.37,24,23.35,7.2,1,5,68.6,0
CLIENT-11118,19,31030.1,11321.35,48,43.43,1.2,0,5,76.6,0
CLIENT-11119,37,157141.6,1896.1,36,63.35,4.5,0,1,50.5,0
CLIENT-11120,18,28598.65,17556.77,60,64.32,6.0,0,1,51.1,0
CLIENT-11121,54,25155.87,7991.41,24,45.33,5.3,0,10,73.9,0
CLIENT-11122,26,107549.77,9692.7,36,58.78,6.1,0,2,75.8,0
CLIENT-11123,34,14994.78,13416.15,24,21.02,6.1,0,1,83.6,0
CLIENT-11124,26,11986.72,4502.77,60,23.53,16.7,0,8,94.9,0
CLIENT-11125,28,39016.28,14725.4,12,62.41,2.1,0,4,66.0,1
CLIENT-11126,32,36277.68,10703.27,36,17.44,10.5,1,6,80.1,1
CLIENT-11127,41,31674.5,7229.65,48,20.51,0.1,0,8,54.4,0
CLIENT-11128,55,65930.59,13799.25,36,33.13,1.7,0,5,31.2,0
CLIENT-11129,52,21058.85,4092.3,60,42.43,0.2,3,6,55.3,0
CLIENT-11130,47,37740.92,14086.03,48,43.21,5.3,0,4,62.8,0
CLIENT-11131,48,29258.82,18572.17,24,26.06,0.5,1,6,100.0,0
CLIENT-11132,66,21274.59,16542.27,12,60.63,9.3,0,6,45.1,0
CLIENT-11133,22,34992.74,23207.23,24,60.33,5.2,3,3,81.1,1
CLIENT-11134,61,60570.15,30204.51,24,31.56,0.1,1,4,61.1,0
CLIENT-11135,67,129617.21,12620.23,48,33.89,6.3,0,6,77.5,0
CLIENT-11136,31,51413.26,28762.12,60,48.64,9.9,0,8,70.6,0
CLIENT-11137,28,8050.58,12587.26,12,46.46,5.4,0,7,56.3,0
CLIENT-11138,26,35493.89,8187.61,36,31.03,0.2,0,4,85.4,1
CLIENT-11139,51,37417.05,10148.43,36,32.78,9.8,0,3,76.7,0
CLIENT-11140,29,63686.34,16104.99,12,29.14,6.6,0,11,69.8,0
CLIENT-11141,52,40574.14,28556.06,36,22.95,2.4,0,8,74.4,0
CLIENT-11142,52,77022.54,13373.41,36,35.2,2.0,0,6,63.6,0
CLIENT-11143,18,45935.91,8336.85,36,47.75,3.3,1,8,41.0,0
CLIENT-11144,57,92529.13,36716.52,36,50.81,10.1,1,9,71.7,0
CLIENT-11145,39,27910.34,4893.33,48,52.84,1.5,0,9,100.0,0
CLIENT-11146,46,39600.86,8374.58,24,30.61,0.5,0,10,82.7,0
CLIENT-11147,25,59634.22,24957.98,48,52.05,10.0,0,11,74.4,0
CLIENT-11148,28,25762.71,46005.68,36,10.36,0.1,0,9,75.8,0
CLIENT-11149,58,22606.49,18703.7,48,36.24,12.1,0,10,70.0,0
CLIENT-11150,54,24894.17,15913.47,36,53.66,1.8,1,1,36.4,1
CLIENT-11151,31,23166.69,10898.65,48,44.65,3.5,2,3,54.2,0
CLIENT-11152,47,49688.92,19607.15,48,36.07,0.7,0,9,69.0,1
CLIENT-11153,52,12077.69,14626.02,36,45.46,11.6,0,4,83.9,0
CLIENT-11154,38,14277.18,7877.99,36,59.88,6.9,0,10,97.5,0
CLIENT-11155,54,111040.24,10761.22,60,41.15,12.9,2,2,53.9,0
CLIENT-11156,22,23504.38,7279.28,48,53.99,5.7,2,1,79.8,1
CLIENT-11157,36,40945.98,13487.67,60,63.94,1.0,0,5,36.5,1
CLIENT-11158,31,14861.25,14962.28,48,48.81,1.8,0,4,65.0,0
CLIENT-11159,43,38425.42,41943.06,36,41.53,3.3,0,5,69.6,0
CLIENT-11160,21,23590.42,8793.97,24,12.06,4.7,0,11,95.3,0
CLIENT-11161,42,14216.33,11771.73,24,30.6,13.0,0,5,57.8,0
CLIENT-11162,62,80995.77,32254.95,60,41.1,2.4,0,8,64.8,0
CLIENT-11163,59,73831.4,47266.76,36,53.85,6.1,1,6,84.9,0
CLIENT-11164,42,34050.06,18625.7,12,34.1,16.2,0,3,59.0,0
CLIENT-11165,35,66148.1,11186.98,48,62.8,0.8,3,9,62.1,1
CLIENT-11166,57,113774.72,9593.95,48,24.95,9.9,0,8,48.4,0
CLIENT-11167,25,57093.5,3677.0,24,50.95,2.7,0,9,79.3,0
CLIENT-11168,56,48426.76,6978.31,24,33.05,6.6,0,4,48.5,0
CLIENT-11169,57,40919.82,14344.1,36,36.73,1.7,0,8,85.8,1
CLIENT-11170,31,53621.13,11770.01,12,54.14,2.0,1,11,51.3,0
CLIENT-11171,49,29191.95,20668.9,48,26.29,0.1,0,3,58.6,0
CLIENT-11172,68,30761.48,11653.46,36,15.32,17.8,0,5,52.4,0
CLIENT-11173,55,47597.47,8036.59,48,38.61,8.4,0,7,65.8,0
CLIENT-11174,50,27328.38,16965.57,48,39.08,0.5,0,1,86.1,0
CLIENT-11175,40,29159.04,77163.8,36,53.84,35.0,1,1,59.5,0
CLIENT-11176,32,36319.57,10698.47,36,63.26,4.6,2,3,55.3,1
CLIENT-11177,50,72429.18,14723.81,36,13.04,9.6,0,4,69.7,0
CLIENT-11178,42,18405.44,24169.53,36,42.54,0.3,2,1,69.0,1
CLIENT-11179,34,57268.56,8954.1,36,47.47,2.5,0,8,80.2,0
CLIENT-11180,50,58400.39,32562.95,48,64.22,5.5,0,2,50.3,0
CLIENT-11181,64,58191.07,4423.44,36,61.84,0.6,1,11,73.6,0
CLIENT-11182,19,22380.65,10042.6,48,49.18,3.4,0,5,88.6,0
CLIENT-11183,31,13152.81,10744.46,24,38.7,2.9,0,6,54.8,0
CLIENT-11184,57,50808.57,14850.82,24,18.88,1.2,0,11,72.9,0
CLIENT-11185,57,40640.62,3360.9,60,31.13,1.8,0,6,54.7,0
CLIENT-11186,68,66345.15,34438.07,36,42.18,17.1,0,6,86.4,0
CLIENT-11187,56,23853.3,17853.45,36,49.89,1.7,0,11,95.4,0
CLIENT-11188,68,57300.87,29318.74,36,44.95,1.2,1,1,52.1,0
CLIENT-11189,23,68367.12,41320.95,24,49.28,3.8,0,3,74.4,0
CLIENT-11190,23,34297.03,7955.39,48,33.6,5.6,0,3,75.4,0
CLIENT-11191,20,46637.38,2330.77,12,50.02,6.5,1,8,72.0,0
CLIENT-11192,24,45669.22,29805.74,36,17.91,7.0,0,6,66.6,0
CLIENT-11193,68,22183.82,10932.9,36,18.94,0.2,0,2,61.4,0
CLIENT-11194,25,49944.02,6043.76,60,18.96,2.5,2,1,46.5,1
CLIENT-11195,59,96134.06,19998.44,36,59.0,7.4,1,4,67.6,0
CLIENT-11196,69,36802.55,74943.51,24,14.18,11.8,0,1,83.0,0
CLIENT-11197,32,15115.03,12379.11,36,54.08,4.6,0,5,86.6,0
CLIENT-11198,64,24044.56,25998.17,12,22.85,0.3,0,11,72.7,0
CLIENT-11199,46,12485.74,6692.54,24,35.76,2.5,0,8,55.2,1
CLIENT-11200,50,78759.7,4102.16,12,60.38,0.4,0,10,50.8,0
CLIENT-11201,69,57438.1,25330.34,36,42.23,6.9,0,2,60.7,0
CLIENT-11202,47,26881.09,19579.75,12,21.56,0.3,0,8,41.3,0
CLIENT-11203,56,15508.82,9643.2,36,25.62,1.0,0,8,32.2,0
CLIENT-11204,44,22026.97,44106.11,60,60.62,2.7,0,6,49.8,1
CLIENT-11205,53,24761.22,3884.92,48,33.49,3.1,1,8,74.7,0
CLIENT-11206,46,38779.4,5647.56,12,42.28,2.6,0,2,45.4,0
CLIENT-11207,55,38004.34,9136.13,24,35.3,3.1,0,7,74.9,0
CLIENT-11208,50,81215.32,10410.0,36,30.81,6.2,0,8,57.6,0
CLIENT-11209,54,23964.94,37262.71,48,22.28,2.3,0,4,88.0,0
CLIENT-11210,44,14692.42,13827.83,12,47.74,4.0,0,9,61.0,1
CLIENT-11211,50,18138.88,11671.81,48,49.5,1.8,0,11,63.1,0
CLIENT-11212,21,35817.26,5491.71,36,25.12,2.2,0,6,58.7,1
CLIENT-11213,39,23453.93,28585.17,36,53.4,4.8,1,3,59.1,1
CLIENT-11214,19,30479.05,6029.09,60,57.0,3.4,0,4,71.3,0
CLIENT-11215,27,27655.5,5474.04,48,60.64,6.4,0,4,74.3,0
CLIENT-11216,22,65784.73,10095.24,48,18.87,4.1,0,1,69.3,0
CLIENT-11217,27,25535.39,14976.47,36,26.72,8.1,0,10,50.9,0
CLIENT-11218,50,28957.8,8069.93,36,57.32,2.9,0,1,76.1,0
CLIENT-11219,55,55846.95,21914.69,36,20.92,3.4,0,1,51.9,0
CLIENT-11220,30,25874.44,10959.0,36,10.19,5.5,2,4,53.7,0
CLIENT-11221,48,46813.52,27915.52,36,57.9,1.3,0,1,61.5,1
CLIENT-11222,64,44306.7,19026.3,24,27.95,2.4,0,6,81.6,0
CLIENT-11223,53,39539.66,46818.59,24,32.8,4.9,0,2,52.9,0
CLIENT-11224,62,18386.32,9802.96,36,34.55,0.1,1,1,75.5,0
CLIENT-11225,41,75952.58,24119.59,48,56.66,2.9,0,7,31.5,0
CLIENT-11226,69,137641.85,3824.69,60,28.58,4.6,0,6,77.6,0
CLIENT-11227,32,36508.37,101129.9,36,59.08,17.1,1,1,85.7,0
CLIENT-11228,46,19383.69,23289.61,36,43.93,10.5,3,10,79.1,0
CLIENT-11229,25,36955.2,10857.21,24,39.0,1.6,0,9,69.2,0
CLIENT-11230,22,65769.8,11143.51,60,27.91,3.5,0,6,59.6,0
CLIENT-11231,46,25106.63,11238.31,36,23.4,0.3,0,2,55.9,0
CLIENT-11232,64,33612.74,48437.31,48,44.32,1.4,0,7,57.3,1
CLIENT-11233,21,44551.12,25058.91,48,34.58,7.5,0,3,61.0,0
CLIENT-11234,29,74744.34,9795.49,24,60.08,0.7,0,7,84.0,0
CLIENT-11235,62,57829.5,5612.94,36,37.04,1.5,1,9,68.2,1
CLIENT-11236,19,59285.54,30861.76,60,38.15,14.4,0,5,81.8,0
CLIENT-11237,44,28120.07,24028.22,12,32.92,8.7,0,1,100.0,0
CLIENT-11238,48,46219.24,21904.77,36,53.41,7.6,2,5,94.8,1
CLIENT-11239,68,23548.61,12599.08,60,33.37,10.0,2,8,69.8,1
CLIENT-11240,68,60313.77,10832.08,36,24.81,6.9,0,8,61.6,0
CLIENT-11241,53,72455.78,43462.62,48,57.41,0.6,0,3,82.5,1
CLIENT-11242,53,50615.75,46387.65,60,42.83,3.6,0,4,82.5,0
CLIENT-11243,43,29130.87,20912.19,48,42.53,2.9,0,8,78.1,0
CLIENT-11244,60,32137.01,26341.18,24,43.6,1.9,0,8,92.1,0
CLIENT-11245,44,107356.43,15760.6,36,49.54,9.0,0,7,55.8,0
CLIENT-11246,22,29424.23,5120.51,12,27.22,3.1,0,6,74.3,0
CLIENT-11247,37,68186.13,6728.99,48,11.86,0.3,0,4,69.4,0
CLIENT-11248,28,44504.03,29801.9,48,54.58,1.6,0,10,80.2,0
CLIENT-11249,27,29718.3,32584.56,36,17.09,1.3,0,9,63.1,0
CLIENT-11250,57,16207.2,27942.08,36,49.7,10.9,0,2,75.5,0
CLIENT-11251,55,41231.6,17021.57,12,14.53,5.2,0,2,43.2,0
CLIENT-11252,23,38355.78,28678.68,48,30.64,4.1,0,1,69.7,0
CLIENT-11253,25,107357.62,12826.95,48,13.47,3.5,0,11,95.7,0
CLIENT-11254,40,21674.34,20639.73,60,38.72,5.3,3,3,62.2,0
CLIENT-11255,64,143898.17,11576.38,48,45.92,7.0,0,3,68.5,0
CLIENT-11256,43,45582.83,6375.71,48,19.43,4.0,0,4,86.0,0
CLIENT-11257,63,45556.0,24469.93,48,30.44,13.9,0,3,77.1,0
CLIENT-11258,60,25442.0,32616.94,36,61.16,18.8,0,10,44.3,1
CLIENT-11259,29,43862.88,75491.18,36,34.33,26.8,0,6,67.9,0
CLIENT-11260,43,48234.54,16071.78,60,54.14,5.5,0,9,75.7,0
CLIENT-11261,30,63729.09,6415.89,36,61.0,13.5,2,8,90.5,1
CLIENT-11262,57,20191.29,10615.72,36,63.59,2.6,1,6,87.7,0
CLIENT-11263,35,84462.97,12147.47,12,59.41,9.8,0,8,69.0,0
CLIENT-11264,42,45109.55,14823.2,24,27.46,12.0,0,8,79.5,0
CLIENT-11265,50,52309.71,18575.77,36,62.94,11.7,0,10,68.8,0
CLIENT-11266,64,31806.78,17224.34,24,54.68,8.9,0,6,62.5,0
CLIENT-11267,57,20808.45,23016.29,24,56.04,2.6,1,2,86.4,0
CLIENT-11268,60,37935.2,15339.65,36,10.83,0.9,0,5,85.4,0
CLIENT-11269,29,40634.69,2813.8,24,62.48,2.0,0,4,74.0,0
CLIENT-11270,61,15815.46,15662.02,48,52.79,7.3,0,6,60.2,0
CLIENT-11271,53,58452.59,14195.94,36,52.24,1.3,0,2,69.6,0
CLIENT-11272,65,66033.32,19637.31,36,14.48,3.3,1,4,70.6,0
CLIENT-11273,21,23440.05,10373.01,24,22.79,4.2,0,8,83.8,0
CLIENT-11274,22,19662.11,15622.51,36,62.92,4.6,0,1,65.4,0
CLIENT-11275,54,30279.41,19719.62,36,37.54,13.7,0,3,70.4,0
CLIENT-11276,25,36839.91,11943.83,48,31.88,5.4,0,4,72.8,0
CLIENT-11277,59,30992.4,21442.05,48,56.2,7.7,0,2,66.0,0
CLIENT-11278,66,35012.11,14031.88,24,14.8,4.4,0,2,73.8,0
CLIENT-11279,45,41476.68,14908.12,36,32.93,9.0,0,6,71.7,0
CLIENT-11280,48,15979.13,1726.94,24,30.66,1.5,0,6,57.8,1
CLIENT-11281,26,17120.34,5998.59,60,29.24,1.2,0,3,61.7,0
CLIENT-11282,68,7091.37,6010.02,60,26.92,13.0,0,8,48.9,1
CLIENT-11283,46,63928.92,15544.04,36,21.55,5.9,0,3,58.9,0
CLIENT-11284,31,36648.81,32538.06,36,19.51,5.6,0,2,91.4,0
CLIENT-11285,57,68098.51,12296.99,48,45.22,3.1,2,5,79.9,1
CLIENT-11286,58,18349.49,24192.76,48,60.57,2.4,0,7,58.0,0
CLIENT-11287,39,36851.23,21031.51,36,37.99,4.1,0,1,67.1,0
CLIENT-11288,28,41311.49,14734.18,60,26.39,0.6,1,2,57.0,0
CLIENT-11289,40,25924.16,19965.95,36,18.75,3.0,0,2,80.9,0
CLIENT-11290,18,14298.98,15869.6,36,55.66,3.0,0,8,73.8,1
CLIENT-11291,63,103520.28,12093.26,48,63.43,3.9,1,10,80.2,1
CLIENT-11292,54,84083.87,17566.63,36,29.2,5.0,0,6,65.3,0
CLIENT-11293,38,28878.15,36777.52,48,26.0,15.8,3,4,85.0,0
CLIENT-11294,43,49322.55,18600.14,24,43.08,5.3,0,4,52.1,0
CLIENT-11295,63,27149.82,15561.88,36,52.64,10.8,0,5,61.1,0
CLIENT-11296,53,19985.41,7228.48,24,35.05,4.1,1,3,64.0,0
CLIENT-11297,40,108701.07,35994.18,36,44.65,4.9,0,4,82.0,0
CLIENT-11298,18,13450.6,4989.38,36,49.41,0.4,0,4,61.8,1
CLIENT-11299,68,30598.24,4047.1,60,62.83,0.7,1,7,55.5,1
CLIENT-11300,57,38200.13,17327.02,36,19.08,4.3,2,7,70.1,0
CLIENT-11301,32,97806.07,7211.76,48,64.86,2.5,0,1,100.0,0
CLIENT-11302,38,62190.23,28634.55,36,31.57,8.0,3,3,55.4,0
CLIENT-11303,64,13315.05,4110.94,48,49.78,3.9,0,9,88.6,0
CLIENT-11304,26,36255.63,26193.45,36,41.48,10.7,0,6,69.9,0
CLIENT-11305,26,36777.3,23734.56,36,36.77,17.9,0,6,70.1,0
CLIENT-11306,27,31665.94,14510.26,24,48.39,0.8,0,4,61.0,1
CLIENT-11307,69,52674.43,3072.66,36,31.77,2.5,0,10,79.4,0
CLIENT-11308,43,15592.35,3998.55,36,16.94,5.5,0,9,85.6,0
CLIENT-11309,58,28419.15,15802.99,36,36.89,1.8,0,3,92.6,0
CLIENT-11310,52,48401.75,11350.82,60,38.71,1.6,0,8,74.3,1
CLIENT-11311,69,54597.61,22228.51,48,21.1,8.4,2,6,59.6,0
CLIENT-11312,42,39721.65,12736.77,60,61.46,19.7,0,2,96.8,0
CLIENT-11313,43,30545.26,11984.55,36,22.51,7.4,0,3,63.2,0
CLIENT-11314,28,33793.89,2444.46,60,32.51,3.7,1,1,58.4,0
CLIENT-11315,55,56627.18,23758.67,48,18.52,2.9,0,3,74.3,0
CLIENT-11316,19,37061.74,8481.12,24,39.47,3.9,1,4,55.5,0
CLIENT-11317,24,19436.18,10109.75,36,26.92,3.1,0,6,62.5,0
CLIENT-11318,35,17324.92,6317.98,24,36.91,3.5,0,10,79.4,0
CLIENT-11319,44,14856.87,4544.68,12,22.35,1.1,0,7,100.0,0
CLIENT-11320,51,86972.61,37440.06,24,12.96,11.7,0,3,78.5,0
CLIENT-11321,44,58951.9,23314.75,12,52.86,7.0,0,11,87.8,0
CLIENT-11322,34,34067.78,23585.72,48,45.26,5.7,0,7,62.4,0
CLIENT-11323,60,27659.5,11480.93,36,28.74,15.0,1,4,74.0,0
CLIENT-11324,61,25735.9,3957.84,36,12.61,1.7,0,1,41.2,0
CLIENT-11325,68,69978.43,58187.82,48,57.61,0.4,0,1,50.0,1
CLIENT-11326,41,113852.62,17954.65,48,19.34,8.7,0,8,72.3,0
CLIENT-11327,42,25254.62,14702.2,60,61.19,32.2,0,10,75.3,0
CLIENT-11328,24,71901.28,10390.08,36,36.32,4.3,1,7,82.7,0
CLIENT-11329,69,36931.04,3193.3,36,28.72,0.3,0,4,67.2,0
CLIENT-11330,23,31969.66,29705.61,36,50.8,7.6,0,1,92.6,0
CLIENT-11331,41,89547.87,6371.61,24,58.23,0.4,0,6,78.3,0
CLIENT-11332,50,36094.67,19586.55,24,30.39,3.9,0,11,42.8,0
CLIENT-11333,66,43382.81,22915.84,36,32.4,1.6,0,11,42.8,0
CLIENT-11334,46,42148.92,16880.43,60,33.82,12.3,2,10,71.9,0
CLIENT-11335,60,13693.0,18564.04,12,60.73,3.0,0,7,66.4,0
CLIENT-11336,39,43176.29,34278.85,24,48.09,11.4,0,6,73.3,0
CLIENT-11337,43,25910.01,7671.82,24,23.62,1.8,0,6,65.0,0
CLIENT-11338,45,15480.06,14990.2,48,20.17,2.4,0,8,61.0,0
CLIENT-11339,67,26627.98,11412.06,36,22.67,14.7,0,6,59.0,0
CLIENT-11340,38,26496.47,3686.03,36,24.5,1.1,0,2,69.1,0
CLIENT-11341,66,67368.28,16324.68,24,22.66,4.3,0,7,82.6,0
CLIENT-11342,24,19181.97,32076.39,36,46.22,2.5,0,10,53.9,0
CLIENT-11343,34,22608.73,35011.57,24,16.38,7.4,1,4,67.9,0
CLIENT-11344,37,41824.31,49032.28,36,31.3,0.7,0,11,91.4,0
CLIENT-11345,58,16391.59,3859.9,12,44.38,2.9,0,11,43.9,0
CLIENT-11346,66,24455.15,41774.42,48,26.0,6.0,1,3,79.6,0
CLIENT-11347,37,13377.29,15205.13,36,13.59,2.6,2,8,66.9,0
CLIENT-11348,39,63070.4,40961.74,48,14.5,0.3,0,10,58.3,0
CLIENT-11349,45,30308.46,10134.01,36,16.93,6.1,1,5,61.7,0
CLIENT-11350,57,35970.31,9213.63,36,55.97,3.5,0,4,85.5,0
CLIENT-11351,66,62919.17,5706.2,12,46.18,0.1,0,11,68.0,0
CLIENT-11352,24,23544.29,22998.5,36,13.55,4.7,1,4,53.9,1
CLIENT-11353,18,30115.88,19151.44,36,31.51,12.6,2,5,57.0,1
CLIENT-11354,49,19268.04,6112.51,36,25.32,0.6,0,4,62.5,0
CLIENT-11355,30,19242.91,2936.88,48,41.79,4.5,0,3,83.0,0
CLIENT-11356,47,20903.05,17866.3,48,38.75,6.5,0,4,62.5,0
CLIENT-11357,40,27024.68,19349.45,48,36.46,0.4,0,10,69.6,0
CLIENT-11358,68,28828.58,6695.12,24,27.3,0.1,1,5,59.6,0
CLIENT-11359,36,43182.01,5816.88,36,17.58,3.1,0,2,64.0,0
CLIENT-11360,49,21274.61,21143.92,12,50.83,7.8,0,7,67.6,1
CLIENT-11361,47,43992.73,48995.1,36,58.39,0.9,0,5,56.0,1
CLIENT-11362,46,48581.63,9447.51,36,61.93,9.1,1,9,58.3,0
CLIENT-11363,66,27427.64,7217.42,24,13.22,5.3,0,6,62.2,0
CLIENT-11364,62,22407.82,16468.44,48,50.69,2.0,0,11,92.5,0
CLIENT-11365,46,38217.45,20840.99,36,49.96,3.6,2,1,70.9,0
CLIENT-11366,47,32152.63,10352.64,36,62.09,16.8,0,9,56.6,0
CLIENT-11367,33,41448.67,55136.31,12,23.91,1.2,1,5,82.7,0
CLIENT-11368,57,93145.67,25113.97,36,50.82,3.5,0,9,83.5,1
CLIENT-11369,36,37842.28,10230.31,60,13.0,4.9,0,1,56.3,0
CLIENT-11370,35,24747.05,4382.01,36,44.72,0.7,0,2,94.4,0
CLIENT-11371,18,21278.79,33644.18,60,29.3,0.2,0,3,75.7,0
CLIENT-11372,31,21778.51,30771.74,24,52.29,0.1,0,5,76.3,0
CLIENT-11373,68,15098.34,10808.34,36,57.48,2.0,0,6,75.4,0
CLIENT-11374,64,63554.06,17075.55,48,30.07,0.4,0,5,75.1,0
CLIENT-11375,67,9509.37,12024.13,36,38.91,8.1,0,1,68.3,0
CLIENT-11376,19,48672.18,19233.7,12,16.46,29.6,0,4,79.7,0
CLIENT-11377,45,21572.22,6519.39,36,32.93,0.3,0,6,65.0,0
CLIENT-11378,66,26703.69,5900.17,36,29.84,2.8,0,4,93.6,0
CLIENT-11379,67,21188.36,23567.04,48,20.07,0.1,0,4,40.1,0
CLIENT-11380,47,86467.06,25753.62,48,59.2,0.7,0,5,56.4,0
CLIENT-11381,55,36672.75,9475.32,48,18.14,1.9,0,8,75.3,0
CLIENT-11382,68,58350.73,7907.88,36,44.97,2.5,0,5,68.8,0
CLIENT-11383,21,79246.31,29830.79,24,58.96,14.0,0,7,62.5,0
CLIENT-11384,18,40056.38,8097.55,36,60.16,2.5,0,8,72.6,0
CLIENT-11385,25,17723.13,13888.1,48,53.63,3.4,0,6,51.8,0
CLIENT-11386,46,31812.49,12708.29,60,19.69,1.4,0,6,54.5,0
CLIENT-11387,56,23263.74,4784.64,12,54.96,0.0,0,2,68.1,0
CLIENT-11388,20,26846.68,15282.75,36,25.21,11.5,0,10,75.8,0
CLIENT-11389,49,34311.15,14272.43,36,60.73,0.4,0,5,59.3,0
CLIENT-11390,27,33506.9,17190.87,24,49.0,16.7,2,1,43.0,1
CLIENT-11391,27,46502.69,14924.53,36,53.19,0.7,0,9,73.4,0
CLIENT-11392,36,50735.57,59574.4,36,14.68,4.6,0,7,77.3,0
CLIENT-11393,63,33507.11,30126.93,12,42.05,35.0,2,2,53.6,0
CLIENT-11394,51,46262.24,13727.64,48,55.16,0.7,0,6,64.1,0
CLIENT-11395,50,26118.11,14634.94,48,57.39,2.8,0,10,83.6,0
CLIENT-11396,40,79926.91,45914.37,60,11.57,7.6,0,9,52.6,0
CLIENT-11397,45,25866.22,24444.52,24,61.65,0.2,0,5,69.5,0
CLIENT-11398,49,74481.93,5651.62,36,12.38,5.9,0,3,60.0,0
CLIENT-11399,67,14978.33,25958.74,36,43.8,0.4,0,11,100.0,0
CLIENT-11400,24,28904.59,31887.23,36,48.14,1.3,0,10,51.6,0
CLIENT-11401,46,29774.66,41456.58,36,15.9,0.9,0,11,42.6,0
CLIENT-11402,25,42932.96,10086.53,48,12.64,11.9,1,4,79.1,0
CLIENT-11403,18,60906.19,9584.33,12,53.17,1.0,0,3,65.1,0
CLIENT-11404,20,17160.45,6910.03,60,31.16,0.2,0,1,54.5,0
CLIENT-11405,41,18680.03,16575.64,48,15.89,4.4,0,10,62.6,0
CLIENT-11406,40,15659.85,22314.84,48,51.95,2.1,0,11,92.7,1
CLIENT-11407,25,80186.51,9327.01,48,56.7,2.6,0,7,70.0,0
CLIENT-11408,64,43415.12,12097.2,36,42.31,0.6,0,8,92.0,0
CLIENT-11409,54,18946.55,3172.89,48,18.87,6.9,0,2,51.4,0
CLIENT-11410,20,27837.6,38430.79,36,10.84,4.6,1,8,86.3,0
CLIENT-11411,68,73795.78,4467.2,48,48.54,2.3,0,9,55.5,1
CLIENT-11412,50,30734.11,17367.32,24,40.26,0.9,0,7,88.4,0
CLIENT-11413,45,29663.93,15784.42,24,45.79,4.5,1,11,87.2,0
CLIENT-11414,64,22725.02,13795.06,36,54.73,7.5,0,1,55.1,0
CLIENT-11415,25,19633.74,14018.85,36,33.88,1.9,0,4,76.3,0
CLIENT-11416,51,73864.99,6579.76,36,16.85,0.1,0,7,73.1,0
CLIENT-11417,52,99145.22,10618.51,36,61.7,1.2,0,6,84.0,0
CLIENT-11418,49,20108.21,26324.77,48,39.99,5.7,0,11,53.0,0
CLIENT-11419,41,84369.85,32390.12,36,43.84,22.6,2,8,63.9,0
CLIENT-11420,31,27107.52,9950.41,36,61.34,0.1,0,6,70.7,0
CLIENT-11421,49,50020.53,4481.47,24,61.24,1.8,0,10,92.6,0
CLIENT-11422,63,84637.13,7745.97,36,41.47,0.3,0,6,70.9,0
CLIENT-11423,60,33288.06,48868.48,36,26.37,1.9,0,10,55.4,0
CLIENT-11424,33,29828.96,8075.57,48,64.84,2.6,0,6,74.8,0
CLIENT-11425,21,58726.63,12480.93,24,47.44,12.7,0,7,54.8,0
CLIENT-11426,69,18657.96,35995.12,24,32.46,0.4,0,5,44.7,0
CLIENT-11427,54,72275.24,9238.85,36,40.79,7.5,0,11,67.6,0
CLIENT-11428,38,39564.43,11898.0,36,32.87,2.5,0,9,74.2,0
CLIENT-11429,31,25676.97,23298.61,36,58.86,8.3,2,7,72.9,1
CLIENT-11430,48,25273.19,44278.96,48,36.54,3.6,0,1,70.8,1
CLIENT-11431,65,15834.12,8502.48,36,55.29,0.2,0,11,96.8,0
CLIENT-11432,35,26325.59,35399.98,36,56.21,14.6,0,9,93.3,0
CLIENT-11433,24,30994.88,10970.11,36,55.34,0.4,0,11,57.6,0
CLIENT-11434,27,19210.72,7185.71,24,49.72,4.6,0,6,84.1,0
CLIENT-11435,24,35338.24,15909.78,48,57.02,10.5,0,11,100.0,0
CLIENT-11436,50,48230.66,5941.41,36,31.3,0.4,3,8,96.4,1
CLIENT-11437,40,31949.66,18590.54,36,16.31,4.0,0,9,85.1,0
CLIENT-11438,38,54048.41,121146.23,48,56.33,8.7,0,11,68.0,1
CLIENT-11439,36,22375.37,28967.23,24,37.4,21.5,1,11,50.4,0
CLIENT-11440,65,66305.6,12413.88,48,17.01,6.4,0,2,55.6,0
CLIENT-11441,36,39069.17,27904.45,36,16.34,1.6,0,2,77.9,0
CLIENT-11442,53,91780.42,6960.0,36,18.76,6.0,0,5,74.4,0
CLIENT-11443,46,154589.79,7827.73,48,51.3,6.1,0,5,71.0,0
CLIENT-11444,35,27387.82,12657.24,48,49.1,6.0,0,10,83.7,0
CLIENT-11445,19,28072.95,14206.39,36,21.21,9.6,0,10,87.5,0
CLIENT-11446,18,31327.6,5402.88,48,56.58,0.5,0,2,87.5,0
CLIENT-11447,64,51918.03,10780.19,36,25.47,0.6,0,10,81.0,1
CLIENT-11448,22,80465.35,12073.74,36,53.61,5.1,0,4,77.8,0
CLIENT-11449,37,24546.26,39315.76,12,36.88,15.4,2,9,62.1,1
CLIENT-11450,28,45649.44,5402.72,12,50.24,3.1,0,4,71.3,0
CLIENT-11451,59,33471.3,5063.26,48,30.98,16.2,0,1,75.4,0
CLIENT-11452,19,52620.73,15108.25,12,29.09,13.9,0,5,69.2,0
CLIENT-11453,20,89830.03,29900.0,24,56.27,11.7,0,2,46.1,1
CLIENT-11454,40,31438.96,19655.55,48,11.94,12.0,3,6,74.8,0
CLIENT-11455,29,13334.09,16512.51,12,63.61,11.4,0,1,69.1,0
CLIENT-11456,37,56746.03,10915.89,24,45.65,8.6,0,7,67.9,0
CLIENT-11457,22,22034.77,21445.57,36,33.79,5.9,0,7,78.6,0
CLIENT-11458,54,33327.25,23832.9,36,44.54,0.1,1,4,78.3,0
CLIENT-11459,55,58233.64,11157.67,48,16.75,0.7,1,9,87.9,1
CLIENT-11460,47,43409.64,6877.17,36,38.27,0.7,2,3,78.9,0
CLIENT-11461,26,34165.38,6908.55,36,64.18,0.1,0,5,64.2,1
CLIENT-11462,51,25705.78,24713.72,48,22.94,0.6,0,5,89.9,0
CLIENT-11463,61,6374.52,4532.41,36,49.73,12.6,0,8,92.6,0
CLIENT-11464,52,55215.14,43214.93,36,33.92,5.5,0,10,69.7,0
CLIENT-11465,69,31201.73,9708.06,48,45.89,1.9,0,10,88.7,0
CLIENT-11466,39,90039.32,16591.94,36,21.27,7.9,0,4,72.5,0
CLIENT-11467,61,46111.46,21833.42,36,35.88,3.4,0,1,87.2,0
CLIENT-11468,41,26247.47,8278.52,12,63.91,0.8,0,11,89.9,0
CLIENT-11469,34,68880.06,9682.46,36,20.74,10.8,1,5,60.5,0
CLIENT-11470,27,72451.86,14652.69,12,45.0,2.1,0,1,91.0,0
CLIENT-11471,47,31843.26,7349.56,36,41.66,6.0,0,3,70.7,0
CLIENT-11472,63,74323.83,6327.44,48,41.08,1.7,0,6,75.8,0
CLIENT-11473,40,26025.06,6738.23,36,43.83,3.5,0,1,86.7,0
CLIENT-11474,49,39966.17,31144.79,24,37.62,8.5,0,10,66.1,0
CLIENT-11475,34,51166.74,17650.99,48,10.93,0.9,1,3,84.9,0
CLIENT-11476,67,58155.11,7667.78,24,59.51,18.9,0,7,72.5,0
CLIENT-11477,68,52728.59,24610.58,48,55.48,0.4,1,2,63.2,1
CLIENT-11478,34,29744.68,7971.05,36,19.58,3.8,1,6,79.7,0
CLIENT-11479,31,69997.76,3410.83,24,32.73,12.4,0,7,88.8,0
CLIENT-11480,26,33703.05,21758.64,60,52.38,14.6,2,2,71.6,0
CLIENT-11481,57,25811.71,42292.36,24,63.9,1.3,1,11,54.8,0
CLIENT-11482,19,26040.21,19744.45,60,62.31,0.8,2,11,65.2,1
CLIENT-11483,62,116307.52,3564.8,12,59.46,6.4,1,5,59.4,0
CLIENT-11484,42,23267.43,13141.25,24,18.71,0.2,1,10,100.0,0
CLIENT-11485,56,78824.66,11023.62,24,60.3,3.3,0,10,56.9,0
CLIENT-11486,26,18374.52,17409.1,12,58.31,8.0,0,1,35.9,1
CLIENT-11487,39,48666.36,7382.82,48,30.73,4.1,2,3,64.2,0
CLIENT-11488,60,43401.53,10578.36,36,31.7,1.0,0,1,72.8,0
CLIENT-11489,63,96060.75,4944.06,48,35.29,3.3,0,3,70.5,0
CLIENT-11490,21,24522.81,15603.33,24,46.09,12.7,0,4,72.7,0
CLIENT-11491,43,20776.99,5074.45,36,24.35,4.8,0,5,50.8,0
CLIENT-11492,46,33863.53,18145.85,36,11.26,6.4,0,4,70.9,0
CLIENT-11493,62,98605.38,7899.99,36,17.77,2.0,0,4,55.1,0
CLIENT-11494,51,21364.91,1481.8,36,34.21,1.0,0,9,83.6,0
CLIENT-11495,40,7684.42,23286.54,36,25.51,1.5,0,9,52.9,0
CLIENT-11496,54,37641.43,18879.43,24,52.05,3.8,0,9,68.7,0
CLIENT-11497,28,64197.13,34442.94,48,15.87,1.6,0,11,58.1,0
CLIENT-11498,23,19765.96,3093.06,48,60.46,3.9,1,5,84.3,0
CLIENT-11499,35,60400.9,8449.1,36,59.24,6.2,1,11,62.9,1
CLIENT-11500,38,19505.53,14648.82,24,59.98,6.6,0,5,54.2,0
CLIENT-11501,59,33258.47,19934.24,24,50.68,0.9,0,2,85.8,0
CLIENT-11502,53,57045.78,4798.13,36,15.88,6.9,0,6,40.1,0
CLIENT-11503,58,17810.1,18070.25,24,34.1,5.6,0,2,80.4,0
CLIENT-11504,55,40493.96,8953.11,24,17.23,0.1,0,10,75.1,0
CLIENT-11505,51,75281.08,3646.22,48,64.32,0.3,0,5,100.0,0
CLIENT-11506,34,48260.1,7899.25,36,28.32,5.2,1,11,79.8,0
CLIENT-11507,54,23567.51,19150.11,36,42.19,2.4,2,5,77.5,0
CLIENT-11508,42,90330.55,3754.43,24,52.87,0.8,0,4,57.2,0
CLIENT-11509,55,53908.07,20867.25,60,60.63,0.2,0,5,66.7,0
CLIENT-11510,29,11893.31,16290.94,24,51.56,0.9,0,7,73.9,0
CLIENT-11511,40,60994.94,11184.66,48,47.1,15.8,0,10,91.3,0
CLIENT-11512,59,25775.39,4252.92,60,35.63,6.5,0,2,58.5,0
CLIENT-11513,39,40861.28,4498.66,48,43.3,3.8,0,1,42.4,1
CLIENT-11514,38,66489.7,10107.8,60,15.18,14.2,0,4,71.1,0
CLIENT-11515,44,26114.27,6078.67,36,58.62,4.8,0,7,46.1,0
CLIENT-11516,48,13529.73,10576.28,24,39.91,6.5,1,1,82.1,1
CLIENT-11517,23,89619.4,25193.15,24,12.21,1.7,0,4,92.7,0
CLIENT-11518,44,73039.09,11035.64,36,60.59,4.4,0,6,85.5,0
CLIENT-11519,57,34463.17,10825.81,12,36.91,0.8,3,6,62.4,1
CLIENT-11520,51,60600.16,10831.82,36,57.77,2.6,0,1,94.3,0
CLIENT-11521,29,29096.35,27156.76,24,57.13,0.2,2,7,58.5,1
CLIENT-11522,62,38491.09,33036.19,48,54.87,1.2,0,5,55.3,0
CLIENT-11523,24,33303.82,17950.15,36,13.38,0.4,0,6,91.4,0
CLIENT-11524,27,29811.02,14700.17,36,23.59,2.5,0,1,64.7,0
CLIENT-11525,62,45052.4,15688.67,60,58.16,9.3,0,7,72.4,0
CLIENT-11526,34,17590.12,36299.76,24,59.44,2.4,0,4,85.2,0
CLIENT-11527,43,31227.41,18645.81,48,35.19,8.9,0,3,53.5,0
CLIENT-11528,38,43856.92,38781.83,48,34.2,5.3,0,11,62.0,0
CLIENT-11529,45,109410.31,9963.07,24,19.63,3.6,0,4,61.2,0
CLIENT-11530,63,18024.36,5245.37,36,63.26,1.4,0,9,66.5,0
CLIENT-11531,19,49629.06,8363.72,36,21.72,12.8,0,5,59.3,0
CLIENT-11532,60,53002.23,9009.57,48,20.5,0.3,0,5,75.6,0
CLIENT-11533,18,11777.77,41075.6,36,46.34,5.8,3,8,75.4,1
CLIENT-11534,68,46458.71,22370.3,36,23.36,4.9,0,7,70.0,0
CLIENT-11535,53,61584.84,8550.8,48,61.63,2.9,3,3,73.4,1
CLIENT-11536,68,51698.89,23526.62,24,10.6,1.4,0,1,60.2,0
CLIENT-11537,43,34532.07,12201.24,48,10.32,2.8,0,11,70.3,0
CLIENT-11538,46,44353.37,41948.01,48,37.77,10.3,0,2,44.7,0
CLIENT-11539,38,40211.44,10576.7,48,36.84,9.1,1,3,84.9,0
CLIENT-11540,28,13178.28,4549.52,48,18.99,14.2,1,11,61.6,0
CLIENT-11541,57,40781.84,11722.6,36,37.2,1.8,1,1,62.2,0
CLIENT-11542,28,29136.81,10580.75,60,32.64,2.4,0,1,56.0,1
CLIENT-11543,53,23792.05,5217.33,36,58.97,0.1,1,8,72.1,0
CLIENT-11544,66,161293.66,20133.46,36,10.51,14.3,0,8,62.0,0
CLIENT-11545,56,77000.67,36217.7,24,63.69,2.0,0,2,79.4,0
CLIENT-11546,57,18213.11,6089.13,60,44.34,2.6,0,8,54.3,0
CLIENT-11547,52,44711.31,26394.14,48,18.35,11.9,0,11,72.1,0
CLIENT-11548,51,87100.26,8737.32,48,12.57,3.7,0,2,76.4,0
CLIENT-11549,64,14798.49,13130.55,12,39.6,4.2,0,11,82.0,0
CLIENT-11550,41,38032.25,12199.61,48,22.92,1.0,0,5,80.0,0
CLIENT-11551,39,39122.13,13130.62,48,26.56,3.5,0,1,56.4,0
CLIENT-11552,22,16903.98,18604.48,36,23.48,12.5,3,9,71.0,1
CLIENT-11553,50,45603.06,6522.89,24,45.76,4.1,0,4,68.4,0
CLIENT-11554,53,70951.22,33034.58,36,40.44,1.5,0,10,54.3,0
CLIENT-11555,64,89754.06,19005.43,24,14.29,0.2,0,11,69.6,0
CLIENT-11556,37,31268.97,23978.38,36,38.96,2.0,1,2,49.1,0
CLIENT-11557,36,162915.51,7738.43,24,53.52,4.3,3,1,73.5,0
CLIENT-11558,52,10564.13,6122.09,36,14.47,0.2,0,6,88.1,0
CLIENT-11559,69,44969.06,30573.82,24,58.94,4.7,0,11,85.0,0
CLIENT-11560,60,15562.56,5940.66,24,41.81,3.7,1,8,75.9,0
CLIENT-11561,34,38334.65,14831.58,12,62.28,7.6,2,4,73.9,1
CLIENT-11562,62,26551.88,27263.31,60,18.15,0.1,0,1,68.3,0
CLIENT-11563,60,49223.5,12225.0,36,64.65,7.6,0,1,100.0,0
CLIENT-11564,51,33653.47,30304.57,36,45.44,3.7,1,6,66.8,0
CLIENT-11565,26,22123.81,11046.94,36,41.21,2.3,0,2,50.2,0
CLIENT-11566,43,23013.25,5463.3,36,38.34,16.8,0,5,81.4,0
CLIENT-11567,19,115783.31,17359.94,60,11.3,0.9,0,2,76.9,0
CLIENT-11568,26,47387.52,15349.02,24,61.68,3.9,0,9,53.4,0
CLIENT-11569,26,13078.47,87691.77,24,45.42,1.9,0,2,64.0,1
CLIENT-11570,57,50537.59,6894.12,60,15.04,3.7,3,5,72.5,0
CLIENT-11571,34,32312.0,11200.43,36,11.15,4.0,0,4,61.5,0
CLIENT-11572,18,36415.9,8009.58,12,12.79,0.5,1,11,83.8,0
CLIENT-11573,42,59393.07,12091.53,24,43.52,5.4,1,1,58.3,0
CLIENT-11574,60,73860.71,11755.05,12,43.77,5.0,0,10,66.2,0
CLIENT-11575,57,21692.29,7254.59,60,37.48,7.3,1,9,63.7,1
CLIENT-11576,59,35673.2,18541.49,24,26.87,0.5,0,3,76.8,0
CLIENT-11577,42,26169.07,11499.97,60,39.25,1.8,0,10,79.5,0
CLIENT-11578,56,51954.17,34263.57,60,38.4,5.3,0,8,76.7,0
CLIENT-11579,52,31590.68,8484.62,36,11.07,0.7,0,4,42.3,0
CLIENT-11580,20,36958.5,49166.17,12,25.54,5.7,0,11,72.4,0
CLIENT-11581,67,30879.07,16205.59,12,12.93,0.3,0,9,77.2,0
CLIENT-11582,54,34075.31,32530.5,36,59.51,2.0,0,5,78.9,1
CLIENT-11583,61,100991.4,14484.25,36,49.89,9.4,0,2,67.3,0
CLIENT-11584,61,152429.84,7735.24,36,64.79,7.4,3,8,70.4,0
CLIENT-11585,68,45535.85,11109.27,36,26.62,5.2,2,4,61.5,0
CLIENT-11586,47,34201.27,5060.71,60,58.32,10.2,0,2,89.2,0
CLIENT-11587,55,13941.4,12356.36,36,43.17,6.2,0,6,49.9,0
CLIENT-11588,51,23011.49,15070.06,36,34.92,3.7,0,1,76.8,0
CLIENT-11589,29,33656.4,13794.23,48,22.24,19.5,0,8,55.1,0
CLIENT-11590,36,23646.3,33897.96,24,50.61,5.9,1,9,62.8,1
CLIENT-11591,54,25186.4,12035.38,24,59.73,4.6,2,7,69.4,1
CLIENT-11592,61,93454.85,3548.23,24,22.94,2.6,0,9,40.2,0
CLIENT-11593,66,36948.28,159666.97,24,19.65,11.6,0,2,49.1,1
CLIENT-11594,34,38984.8,8238.5,36,48.29,1.8,0,11,46.0,1
CLIENT-11595,27,24233.36,26320.98,36,63.73,0.0,0,1,76.4,0
CLIENT-11596,66,73609.31,4661.2,36,51.25,1.1,1,7,85.4,0
CLIENT-11597,64,31966.79,15861.48,60,25.65,0.6,0,4,46.1,1
CLIENT-11598,29,26568.51,7660.39,24,33.1,1.9,1,10,67.3,0
CLIENT-11599,33,14066.47,1852.25,36,31.14,8.7,0,8,74.1,0
CLIENT-11600,41,35008.24,10960.28,12,56.87,5.3,0,3,74.1,0
CLIENT-11601,36,26075.86,12899.63,36,52.43,0.9,0,7,100.0,0
CLIENT-11602,25,99782.48,11461.86,36,42.39,7.8,0,7,72.3,0
CLIENT-11603,48,109791.59,15838.19,60,25.12,3.5,1,11,56.1,0
CLIENT-11604,38,17306.4,11062.81,36,61.59,3.6,1,10,81.2,0
CLIENT-11605,34,18521.88,14022.31,12,45.93,2.2,1,9,93.9,0
CLIENT-11606,40,30767.32,15049.17,36,63.38,10.0,0,11,50.5,0
CLIENT-11607,54,22256.23,13034.77,24,41.91,1.9,1,4,78.0,1
CLIENT-11608,33,41375.74,11854.43,24,55.17,0.5,0,10,70.4,0
CLIENT-11609,23,29852.56,7146.96,36,54.72,1.8,0,1,55.7,0
CLIENT-11610,25,42972.66,20254.09,12,28.55,6.3,0,7,60.4,1
CLIENT-11611,42,66813.21,10958.84,36,63.02,5.4,0,10,93.9,0
CLIENT-11612,35,19177.0,10356.01,36,11.21,1.0,1,6,81.6,1
CLIENT-11613,42,65981.31,19122.21,36,52.28,0.6,0,11,76.4,0
CLIENT-11614,29,23454.29,15496.52,12,63.11,5.4,0,1,47.6,1
CLIENT-11615,32,131806.43,8194.72,60,28.64,5.6,0,9,80.1,0
CLIENT-11616,43,96046.29,32063.1,36,45.65,2.3,0,10,86.7,0
CLIENT-11617,58,33933.29,5811.2,48,40.92,9.3,0,8,49.5,0
CLIENT-11618,62,20370.64,6489.68,36,51.88,19.1,0,10,70.3,0
CLIENT-11619,43,18161.88,21329.53,36,57.64,1.2,0,4,85.1,0
CLIENT-11620,64,61339.37,45514.9,36,43.17,4.3,0,5,83.1,1
CLIENT-11621,49,35659.05,8917.92,36,54.87,0.0,1,8,79.6,0
CLIENT-11622,27,63330.36,17836.01,12,27.18,6.2,0,2,70.7,0
CLIENT-11623,33,136289.61,5798.45,36,22.57,2.7,0,6,86.3,0
CLIENT-11624,24,22874.32,6972.37,48,33.69,1.1,0,10,72.4,0
CLIENT-11625,34,17359.88,29511.6,36,47.28,7.0,0,2,78.3,0
CLIENT-11626,40,40763.25,17258.05,24,20.3,8.3,0,11,75.1,0
CLIENT-11627,43,72175.49,30159.67,36,47.42,0.6,0,8,54.1,0
CLIENT-11628,38,20655.23,28578.68,48,31.68,0.2,2,5,56.2,1
CLIENT-11629,39,37077.84,3094.29,48,53.76,2.0,0,10,48.2,1
CLIENT-11630,24,82621.58,5783.89,24,12.03,4.9,2,3,64.3,0
CLIENT-11631,31,13633.34,16189.74,48,46.74,7.9,0,2,82.2,0
CLIENT-11632,32,41822.54,4072.6,36,45.74,3.9,1,4,75.1,1
CLIENT-11633,24,26263.57,6386.79,36,61.75,4.3,0,8,69.5,0
CLIENT-11634,26,39124.1,36274.75,36,49.24,8.0,0,1,90.4,0
CLIENT-11635,68,55596.22,9144.46,48,53.8,3.8,0,10,65.5,0
CLIENT-11636,65,41460.03,21965.08,60,59.75,4.7,0,3,78.4,1
CLIENT-11637,25,19808.5,13098.88,60,47.13,3.6,1,1,64.9,0
CLIENT-11638,67,26883.08,8300.28,12,25.96,10.6,1,2,47.5,0
CLIENT-11639,40,85473.0,4167.42,60,57.84,1.3,0,10,58.7,0
CLIENT-11640,46,44238.9,15729.79,12,51.12,1.5,0,11,58.3,1
CLIENT-11641,35,60125.63,36983.38,24,33.34,0.7,0,7,48.7,0
CLIENT-11642,48,42200.07,8466.99,36,49.08,8.6,0,1,67.7,0
CLIENT-11643,47,59010.44,14016.9,36,57.72,2.7,0,9,58.9,0
CLIENT-11644,69,28632.92,4610.76,36,63.66,2.1,0,8,92.5,0
CLIENT-11645,56,22913.76,8345.5,36,62.38,19.9,0,1,66.5,0
CLIENT-11646,52,57424.06,16960.07,60,27.89,13.1,0,10,57.4,0
CLIENT-11647,35,71426.51,22484.94,24,33.19,17.9,0,1,53.7,0
CLIENT-11648,59,20982.23,19715.57,24,16.02,0.8,0,2,53.2,0
CLIENT-11649,56,25704.8,3222.5,60,23.61,11.1,0,2,83.2,0
CLIENT-11650,34,32927.52,9702.57,12,58.53,2.0,0,6,84.5,0
CLIENT-11651,31,95979.97,6787.94,36,29.85,0.1,1,1,40.0,0
CLIENT-11652,48,50913.39,10760.96,36,44.13,2.5,0,4,100.0,0
CLIENT-11653,41,16408.39,12359.32,36,46.63,3.6,0,7,71.2,0
CLIENT-11654,52,34344.95,28182.21,36,53.0,0.6,1,9,85.3,0
CLIENT-11655,61,31334.43,16426.74,24,20.05,3.9,0,10,58.0,1
CLIENT-11656,62,17962.44,36043.52,48,26.76,8.6,0,3,55.2,0
CLIENT-11657,51,34102.46,8187.33,24,34.66,2.4,0,4,66.3,0
CLIENT-11658,20,30515.12,4954.47,36,30.07,2.2,0,5,75.6,0
CLIENT-11659,54,29232.04,36999.88,12,64.06,2.1,0,5,73.3,0
CLIENT-11660,60,28440.55,18095.5,36,55.92,12.8,0,2,87.5,0
CLIENT-11661,57,87801.7,7940.33,36,36.38,0.2,0,5,43.5,0
CLIENT-11662,43,29195.74,18150.91,60,58.36,2.9,0,10,83.6,0
CLIENT-11663,40,37414.09,23972.96,48,29.12,1.5,0,1,77.7,0
CLIENT-11664,61,35057.37,14522.2,36,53.22,11.2,1,7,74.7,0
CLIENT-11665,56,26822.33,8019.85,60,22.3,0.5,0,5,49.8,1
CLIENT-11666,32,38089.84,9809.59,36,52.48,2.7,0,6,58.0,0
CLIENT-11667,66,37767.73,16373.76,36,35.1,2.6,0,9,79.6,0
CLIENT-11668,21,38095.59,15355.39,36,15.91,11.0,0,3,33.2,1
CLIENT-11669,46,21686.82,31212.75,36,25.03,1.2,1,1,41.6,0
CLIENT-11670,39,32090.82,11013.34,48,32.13,5.2,1,8,76.9,0
CLIENT-11671,42,57307.86,6804.69,24,51.21,0.7,0,2,78.4,0
CLIENT-11672,30,32601.38,81140.54,36,14.01,15.4,1,2,58.8,0
CLIENT-11673,35,40017.38,15095.35,48,46.28,4.5,0,10,58.8,0
CLIENT-11674,50,40143.76,23956.24,60,49.38,4.9,0,4,84.3,0
CLIENT-11675,33,46650.41,19250.53,48,45.97,2.8,0,5,83.3,0
CLIENT-11676,62,50776.58,15223.6,36,51.84,2.1,0,1,64.9,0
CLIENT-11677,59,32712.4,11391.01,36,19.8,1.2,0,11,51.6,0
CLIENT-11678,61,21019.35,1876.81,36,42.29,4.6,0,3,92.1,0
CLIENT-11679,19,17479.27,6347.05,36,61.76,15.5,0,11,50.7,0
CLIENT-11680,52,66877.1,16821.0,60,43.59,2.2,3,8,80.1,0
CLIENT-11681,59,57650.27,1991.65,60,43.62,10.7,0,6,88.0,0
CLIENT-11682,51,53616.86,14046.56,48,50.5,0.8,0,3,69.9,1
CLIENT-11683,47,59084.39,21223.44,24,28.33,13.8,0,7,61.2,0
CLIENT-11684,30,32960.54,23939.74,48,48.53,2.2,0,11,45.8,1
CLIENT-11685,30,24961.11,20306.75,60,60.39,2.4,2,6,70.9,1
CLIENT-11686,35,20166.05,26130.91,36,10.6,3.1,2,5,48.1,0
CLIENT-11687,49,18890.04,41106.76,36,57.86,6.3,0,8,74.6,1
CLIENT-11688,49,75154.04,28775.58,48,22.02,6.4,0,8,39.6,1
CLIENT-11689,52,27014.07,15333.3,36,35.08,3.3,0,3,44.8,0
CLIENT-11690,56,68385.46,12158.28,60,56.88,3.7,0,8,72.0,0
CLIENT-11691,63,32463.4,14475.99,36,55.32,0.2,0,10,82.6,0
CLIENT-11692,69,24203.57,11016.52,48,59.06,1.8,0,9,65.7,0
CLIENT-11693,46,18833.29,29211.17,48,61.72,2.1,0,10,85.8,0
CLIENT-11694,66,25517.18,19939.74,36,34.59,4.1,0,3,61.6,1
CLIENT-11695,46,85045.63,10231.7,48,46.1,4.1,0,11,100.0,0
CLIENT-11696,61,18948.38,33754.24,36,31.48,6.2,0,8,50.0,0
CLIENT-11697,33,129320.37,10890.92,36,29.29,6.3,0,8,59.3,0
CLIENT-11698,61,21930.54,6890.92,24,33.74,1.3,1,7,90.3,0
CLIENT-11699,64,56952.34,13259.64,36,50.87,7.4,0,8,66.1,0
CLIENT-11700,27,33284.57,7503.36,48,37.58,0.1,0,1,84.2,0
CLIENT-11701,47,29961.37,25728.23,60,54.77,6.3,0,3,50.2,1
CLIENT-11702,42,16935.17,7392.32,24,50.99,0.5,3,6,55.7,1
CLIENT-11703,56,34233.64,12323.23,36,11.13,6.5,0,7,79.0,0
CLIENT-11704,37,18124.65,25791.37,24,44.66,3.7,0,7,48.4,0
CLIENT-11705,22,13240.74,8114.91,36,34.01,2.9,0,11,51.8,0
CLIENT-11706,18,39017.25,17815.08,60,35.11,5.9,0,6,68.3,0
CLIENT-11707,47,24803.65,6758.86,36,55.01,0.2,0,11,89.8,0
CLIENT-11708,66,99768.63,15852.27,36,40.12,1.3,3,4,75.5,0
CLIENT-11709,20,66172.02,19872.12,36,58.71,4.8,2,5,66.9,0
CLIENT-11710,62,100554.92,12971.3,12,49.2,9.4,0,9,72.5,0
CLIENT-11711,31,24136.25,13676.97,48,40.41,2.4,3,1,43.9,1
CLIENT-11712,47,39406.37,18229.38,36,51.5,1.5,0,2,61.3,0
CLIENT-11713,67,7537.14,10977.95,36,12.11,3.7,0,5,76.6,0
CLIENT-11714,21,30666.27,24901.61,48,11.49,4.9,0,5,73.6,0
CLIENT-11715,35,38526.4,34884.53,48,14.58,2.7,0,7,79.2,0
CLIENT-11716,54,39832.12,6988.01,48,34.07,10.5,3,8,80.5,0
CLIENT-11717,42,35403.96,46025.08,60,22.95,3.7,0,10,73.4,0
CLIENT-11718,65,37795.89,10802.78,60,64.13,0.2,1,6,32.3,1
CLIENT-11719,18,7129.91,53962.33,36,39.83,1.3,1,6,75.0,0
CLIENT-11720,63,42350.4,10905.89,24,46.43,3.0,0,5,62.7,0
CLIENT-11721,32,48536.14,21920.22,36,25.34,6.0,0,5,64.2,0
CLIENT-11722,26,81049.49,21838.01,48,27.7,1.2,0,11,64.4,0
CLIENT-11723,32,45308.18,10187.15,12,28.45,18.7,0,8,74.4,0
CLIENT-11724,66,33575.7,14056.49,12,48.43,1.9,0,5,48.0,0
CLIENT-11725,41,70471.61,36604.64,12,36.05,3.8,0,6,44.3,0
CLIENT-11726,21,8827.26,10662.33,48,38.47,0.1,0,3,51.4,0
CLIENT-11727,29,26662.97,9973.81,36,42.56,10.8,1,5,83.8,0
CLIENT-11728,54,22937.17,5958.49,36,52.28,7.8,0,9,63.4,0
CLIENT-11729,54,35571.03,40026.08,24,14.97,1.1,0,3,77.6,0
CLIENT-11730,60,9708.76,9541.98,48,52.73,13.5,1,8,77.2,0
CLIENT-11731,23,80160.12,30945.6,36,40.98,1.9,0,11,76.0,0
CLIENT-11732,56,31260.61,8769.65,24,46.8,5.9,0,7,77.9,0
CLIENT-11733,63,43970.67,30272.93,36,28.02,8.5,1,4,62.2,0
CLIENT-11734,41,41516.85,23497.52,36,32.52,6.8,2,5,80.0,1
CLIENT-11735,28,77458.22,11385.52,36,22.71,12.5,2,8,75.7,0
CLIENT-11736,30,11882.59,7990.49,36,63.86,10.0,0,10,46.2,0
CLIENT-11737,51,38847.26,8458.09,24,37.34,26.1,0,7,70.9,0
CLIENT-11738,42,72236.95,8382.82,48,64.78,1.0,0,10,67.8,0
CLIENT-11739,24,34242.0,28159.17,24,36.94,1.8,2,10,76.9,0
CLIENT-11740,69,20521.7,14945.44,24,22.09,5.1,0,2,70.4,0
CLIENT-11741,21,25277.4,6120.59,48,37.91,6.6,0,8,66.4,0
CLIENT-11742,25,28688.02,11198.18,48,12.18,3.8,1,8,93.3,0
CLIENT-11743,37,23561.52,12188.96,24,59.76,0.4,2,9,79.1,1
CLIENT-11744,46,33133.94,2989.04,24,55.02,9.2,0,2,70.6,0
CLIENT-11745,68,89764.82,11642.77,48,49.92,16.2,0,4,53.2,0
CLIENT-11746,62,25376.56,22164.23,48,43.54,2.6,0,2,71.8,0
CLIENT-11747,63,27102.89,12132.71,36,41.89,1.3,1,4,57.2,0
CLIENT-11748,27,47852.01,15963.89,36,64.82,0.1,0,3,45.2,1
CLIENT-11749,60,32699.26,18753.94,24,25.29,1.4,0,7,63.9,0
CLIENT-11750,51,16358.27,10511.01,36,52.88,6.0,0,5,64.8,0
CLIENT-11751,43,35006.43,22281.86,12,41.98,12.1,1,7,85.4,0
CLIENT-11752,58,34223.41,37057.98,36,63.67,0.5,0,2,84.6,0
CLIENT-11753,66,65212.54,4597.64,12,55.53,4.0,0,4,80.0,0
CLIENT-11754,20,20266.18,10494.49,36,64.92,5.9,0,6,68.7,1
CLIENT-11755,23,65472.91,68236.32,36,42.36,1.6,0,5,68.9,0
CLIENT-11756,22,34245.19,15053.95,36,21.25,4.2,3,11,78.3,1
CLIENT-11757,22,18680.49,13037.74,12,37.7,6.3,0,2,79.6,0
CLIENT-11758,64,16559.79,11151.96,36,49.11,9.1,0,7,75.3,0
CLIENT-11759,40,115917.4,32601.21,48,52.59,3.0,0,2,77.6,0
CLIENT-11760,66,32992.99,6923.69,36,10.03,6.9,0,9,69.0,0
CLIENT-11761,26,63697.62,25548.2,48,37.78,1.8,1,7,65.8,1
CLIENT-11762,52,13031.55,11006.86,36,22.94,1.2,1,3,36.7,0
CLIENT-11763,37,176772.16,7903.89,36,58.12,1.0,0,6,64.9,0
CLIENT-11764,66,62065.58,11364.25,36,18.41,2.2,0,5,59.2,0
CLIENT-11765,59,31155.18,12932.95,60,46.66,0.2,0,9,71.5,0
CLIENT-11766,52,30221.25,9429.32,24,24.63,1.7,2,3,59.9,0
CLIENT-11767,67,56430.15,29113.02,12,29.61,5.3,0,2,72.1,0
CLIENT-11768,35,54519.24,7946.93,36,61.73,5.2,1,2,42.0,0
CLIENT-11769,34,40518.65,14736.05,60,23.22,0.4,0,4,55.5,0
CLIENT-11770,41,36553.32,19461.68,60,15.23,1.7,2,1,59.3,1
CLIENT-11771,20,50850.25,14629.66,36,13.81,4.2,2,9,54.3,1
CLIENT-11772,49,12771.58,22938.25,36,37.75,1.9,0,3,100.0,0
CLIENT-11773,52,29063.41,9862.6,36,45.29,2.7,1,5,39.6,0
CLIENT-11774,55,13519.41,20657.61,36,28.0,6.2,0,2,80.1,0
CLIENT-11775,30,52195.7,21090.12,36,47.96,0.0,0,8,84.9,1
CLIENT-11776,64,24209.77,26309.47,48,13.36,1.6,0,11,63.4,0
CLIENT-11777,42,14144.1,3569.0,48,57.15,0.8,0,11,75.0,0
CLIENT-11778,26,22555.36,19078.79,36,54.91,0.7,0,3,79.2,0
CLIENT-11779,21,39720.14,25106.67,36,64.2,16.0,0,5,72.0,0
CLIENT-11780,31,32108.08,10016.4,36,61.51,2.4,0,7,43.5,0
CLIENT-11781,54,17963.66,9104.51,36,29.59,3.7,0,2,76.1,0
CLIENT-11782,51,13056.99,8176.63,36,31.96,6.6,0,3,84.6,0
CLIENT-11783,28,37962.71,6487.26,12,51.03,0.2,0,8,100.0,0
CLIENT-11784,58,25630.52,21290.84,24,17.37,1.4,0,10,49.3,0
CLIENT-11785,20,31105.86,65994.85,36,27.27,8.9,0,8,67.4,0
CLIENT-11786,45,32997.56,9052.41,48,16.52,9.9,1,3,69.6,0
CLIENT-11787,46,47006.42,9637.49,24,35.02,2.3,0,10,68.5,0
CLIENT-11788,26,60365.19,13504.49,36,40.36,2.3,0,7,44.9,0
CLIENT-11789,20,39652.35,4352.99,36,21.61,7.1,0,11,86.5,0
CLIENT-11790,42,29963.12,8210.07,24,11.46,1.7,0,2,85.0,0
CLIENT-11791,51,36859.11,12837.48,60,49.56,0.6,0,9,75.6,0
CLIENT-11792,29,29627.49,7145.59,48,11.1,1.5,0,8,63.6,0
CLIENT-11793,59,13554.42,30890.65,12,63.54,2.4,0,9,66.8,1
CLIENT-11794,26,69924.24,5400.94,48,22.19,0.3,0,9,65.7,0
CLIENT-11795,32,62446.37,25102.02,36,46.51,3.3,0,7,49.1,0
CLIENT-11796,57,119730.71,37344.9,60,33.91,6.7,0,4,80.5,0
CLIENT-11797,42,142671.43,17451.96,36,13.28,3.6,0,5,70.4,0
CLIENT-11798,22,17932.82,12134.22,24,35.97,0.4,0,7,80.3,0
CLIENT-11799,28,29695.77,15873.36,36,38.42,2.9,0,5,73.9,0
CLIENT-11800,51,163885.58,9814.4,48,57.01,6.2,0,10,54.9,0
CLIENT-11801,41,35442.6,3212.33,24,50.28,0.3,0,8,56.1,0
CLIENT-11802,32,42046.29,6731.3,48,14.36,0.3,3,5,89.7,0
CLIENT-11803,55,14578.78,13255.59,12,21.5,2.3,0,5,78.4,0
CLIENT-11804,25,39742.37,6915.49,60,27.15,1.1,0,5,64.3,0
CLIENT-11805,22,115747.25,10004.74,12,16.4,13.7,0,4,78.4,0
CLIENT-11806,65,78588.09,18684.05,60,35.13,4.4,0,11,56.9,0
CLIENT-11807,43,25185.14,14787.2,36,64.14,1.7,0,11,86.3,0
CLIENT-11808,35,28629.99,28027.24,36,38.3,6.1,0,7,49.6,0
CLIENT-11809,23,18424.93,16414.45,60,50.8,2.3,0,2,73.0,1
CLIENT-11810,54,21792.09,17104.2,60,47.56,0.7,0,10,68.0,0
CLIENT-11811,65,11543.44,8114.42,36,56.75,1.4,0,4,70.2,0
CLIENT-11812,30,34513.58,5261.79,24,21.86,5.1,0,11,79.8,0
CLIENT-11813,45,89865.23,10006.14,36,51.46,0.3,0,3,85.0,0
CLIENT-11814,22,44947.89,8030.25,36,58.47,1.6,1,10,63.8,0
CLIENT-11815,30,82433.19,11887.74,36,19.43,1.2,0,8,40.1,1
CLIENT-11816,34,69144.21,6334.54,36,29.07,1.1,0,7,44.2,0
CLIENT-11817,67,26158.13,24094.58,12,63.36,5.7,0,3,64.3,0
CLIENT-11818,57,23024.08,8009.53,48,52.94,8.7,0,4,70.5,0
CLIENT-11819,62,23559.61,10356.42,48,25.54,6.3,0,4,75.6,0
CLIENT-11820,49,12961.81,13172.22,24,41.02,5.2,0,10,72.9,0
CLIENT-11821,46,37026.83,29325.83,36,32.24,12.4,0,7,83.4,0
CLIENT-11822,68,6357.06,45756.31,36,36.95,0.3,1,8,97.0,1
CLIENT-11823,20,51784.66,48012.15,36,29.53,0.9,0,4,71.4,0
CLIENT-11824,57,37916.0,5446.58,12,25.36,2.7,0,8,75.4,0
CLIENT-11825,51,48187.93,10288.7,36,47.11,2.3,2,1,58.5,1
CLIENT-11826,57,68474.03,9005.85,24,52.82,2.7,0,9,70.8,0
CLIENT-11827,44,40916.01,17313.06,36,58.07,1.2,0,7,73.1,0
CLIENT-11828,30,96658.85,16589.05,48,18.54,0.8,1,4,72.3,0
CLIENT-11829,62,52742.01,8883.04,48,55.26,3.6,0,8,58.7,0
CLIENT-11830,50,23056.98,8405.53,24,24.01,13.2,0,10,72.5,0
CLIENT-11831,23,31488.36,6646.17,36,33.5,2.5,1,2,71.4,1
CLIENT-11832,41,9350.88,2084.09,60,59.58,0.2,1,8,74.8,0
CLIENT-11833,36,21135.0,5384.53,24,35.0,6.1,0,10,64.0,0
CLIENT-11834,33,28894.37,24507.69,48,20.84,1.7,0,6,70.2,0
CLIENT-11835,57,50400.89,37245.75,48,18.79,1.4,0,7,100.0,0
CLIENT-11836,45,23150.77,34320.58,48,36.01,2.0,1,7,70.8,0
CLIENT-11837,50,17192.72,25247.03,24,51.95,6.4,0,2,86.1,0
CLIENT-11838,65,11701.6,6579.02,24,64.85,8.5,2,11,91.4,1
CLIENT-11839,58,25390.99,5843.85,60,53.31,4.4,3,2,48.2,1
CLIENT-11840,30,117068.1,3760.41,36,58.24,1.9,1,4,67.0,0
CLIENT-11841,60,42730.33,8881.82,12,51.13,1.9,0,6,67.7,0
CLIENT-11842,62,63815.26,14199.67,36,59.25,0.7,0,4,100.0,0
CLIENT-11843,42,21162.11,6598.19,24,14.2,13.5,0,6,98.2,0
CLIENT-11844,59,14128.23,18065.54,48,61.15,5.1,0,5,48.2,0
CLIENT-11845,53,17454.51,21084.65,36,31.8,0.1,0,6,54.9,0
CLIENT-11846,44,34259.57,9584.06,48,60.69,5.4,0,9,88.4,0
CLIENT-11847,55,10976.62,5229.06,48,14.17,3.0,0,6,62.2,0
CLIENT-11848,24,19851.72,35124.3,24,49.34,18.0,0,6,79.7,0
CLIENT-11849,22,25544.66,13692.45,36,50.46,8.5,1,11,66.7,0
CLIENT-11850,60,16439.54,51991.95,48,64.83,0.9,0,11,53.9,1
CLIENT-11851,62,10155.7,14252.18,36,52.29,6.4,0,8,89.6,0
CLIENT-11852,68,43208.49,14966.19,60,31.04,3.3,0,5,59.1,0
CLIENT-11853,48,37328.89,6801.19,48,40.65,1.0,2,5,68.1,0
CLIENT-11854,40,57954.76,9932.03,12,30.16,6.0,1,10,53.0,0
CLIENT-11855,59,18652.67,4486.54,48,20.78,4.0,0,11,53.3,0
CLIENT-11856,27,57294.14,5215.88,24,23.67,0.2,0,1,70.9,0
CLIENT-11857,49,90906.11,22444.83,24,22.21,5.2,2,6,55.7,0
CLIENT-11858,60,42502.95,10962.02,48,40.18,5.0,0,1,92.6,0
CLIENT-11859,47,25185.87,9938.18,48,59.84,0.8,0,11,80.3,0
CLIENT-11860,56,39618.38,7956.16,36,60.2,2.1,0,8,81.9,0
CLIENT-11861,48,24473.04,10199.9,24,13.01,4.4,0,10,65.6,0
CLIENT-11862,35,22146.39,29529.48,36,14.39,0.7,0,9,66.0,0
CLIENT-11863,53,54718.45,14778.89,36,23.48,9.6,0,6,76.7,0
CLIENT-11864,19,33408.64,5848.79,36,24.03,0.1,0,9,29.4,0
CLIENT-11865,31,74836.23,27481.53,24,15.22,0.5,0,2,63.2,0
CLIENT-11866,30,27848.83,44690.98,36,31.37,0.6,0,9,42.7,0
CLIENT-11867,46,29593.06,18888.21,60,42.32,3.8,0,4,73.4,0
CLIENT-11868,29,25850.71,24931.89,36,41.8,4.8,0,3,52.7,1
CLIENT-11869,56,18543.78,31399.52,24,39.89,2.6,0,1,68.2,0
CLIENT-11870,19,59198.7,4189.67,48,28.63,1.7,0,1,56.7,0
CLIENT-11871,49,134783.76,49265.99,48,48.86,8.3,0,8,91.4,0
CLIENT-11872,30,28873.04,28829.94,60,55.46,0.4,0,2,100.0,0
CLIENT-11873,63,24141.86,18811.02,24,29.05,1.6,0,1,83.8,0
CLIENT-11874,44,23220.85,12236.49,24,14.7,0.2,0,2,84.6,0
CLIENT-11875,66,24152.91,5239.23,36,26.3,0.1,0,3,69.4,0
CLIENT-11876,58,97720.85,10593.75,36,17.56,2.2,0,4,60.6,0
CLIENT-11877,34,23597.87,18285.76,36,35.7,1.1,0,11,41.1,0
CLIENT-11878,57,25561.43,6166.89,36,18.58,1.6,0,9,72.7,0
CLIENT-11879,48,17253.8,12723.13,24,35.46,8.6,0,7,65.5,0
CLIENT-11880,51,43312.18,5834.37,36,22.16,0.9,1,5,73.4,0
CLIENT-11881,41,34879.77,10206.33,36,50.63,7.6,0,5,59.3,0
CLIENT-11882,62,18355.65,5183.11,36,11.52,5.6,1,6,47.6,0
CLIENT-11883,52,21254.04,4815.31,36,40.51,2.0,0,1,52.6,0
CLIENT-11884,65,91104.28,16950.67,36,19.32,4.0,0,6,93.0,0
CLIENT-11885,23,37035.22,8903.23,36,10.05,2.9,1,11,99.0,0
CLIENT-11886,36,38600.14,9508.55,36,57.81,0.7,0,6,46.4,0
CLIENT-11887,47,38692.16,8574.86,36,46.93,11.9,0,11,59.9,0
CLIENT-11888,24,83849.2,89875.67,12,15.44,4.2,0,5,43.8,1
CLIENT-11889,27,19396.96,20438.12,36,46.52,10.6,2,10,70.9,1
CLIENT-11890,58,28628.63,22033.53,48,43.64,8.7,0,9,71.3,0
CLIENT-11891,49,32814.34,7763.66,36,36.03,0.4,0,10,68.3,0
CLIENT-11892,51,12929.86,19021.51,12,33.06,1.2,0,10,62.4,0
CLIENT-11893,45,20958.83,11391.19,60,58.79,0.8,0,5,73.7,0
CLIENT-11894,32,68050.47,7720.12,24,23.48,8.9,2,9,79.8,0
CLIENT-11895,47,57304.14,51552.91,24,31.91,9.9,0,10,80.4,0
CLIENT-11896,54,63719.13,19949.39,36,28.1,3.8,0,7,88.3,0
CLIENT-11897,46,25502.86,19257.14,48,52.42,0.6,0,3,64.8,0
CLIENT-11898,39,27462.67,6766.82,24,60.41,0.7,1,11,61.2,1
CLIENT-11899,21,12421.21,5490.93,36,56.74,8.4,1,9,84.3,0
CLIENT-11900,37,63523.22,12832.21,36,53.87,13.2,1,10,61.6,1
CLIENT-11901,49,70121.96,8942.23,24,64.27,1.1,1,7,66.8,0
CLIENT-11902,53,69588.36,20513.71,36,48.34,0.1,0,4,61.8,0
CLIENT-11903,67,95078.18,21493.0,48,51.31,2.0,2,9,95.5,1
CLIENT-11904,21,46782.53,13986.56,36,64.05,0.2,0,6,78.8,0
CLIENT-11905,44,92422.81,23846.65,24,10.38,8.8,1,9,53.0,0
CLIENT-11906,34,32199.79,15295.49,24,44.87,3.4,0,4,70.0,0
CLIENT-11907,29,12579.12,7257.69,36,50.64,5.1,0,10,76.1,0
CLIENT-11908,39,60866.29,11628.42,48,60.48,2.7,0,2,53.2,0
CLIENT-11909,34,12303.84,14691.33,36,58.61,2.1,0,9,75.3,0
CLIENT-11910,27,40220.06,25597.44,36,56.31,1.3,0,10,67.7,0
CLIENT-11911,18,64420.96,15638.1,24,62.02,7.4,0,4,51.6,0
CLIENT-11912,39,44115.01,8955.15,36,39.56,5.9,0,11,49.8,0
CLIENT-11913,43,142478.42,26273.6,12,10.38,2.2,3,2,90.5,0
CLIENT-11914,35,11163.92,17440.13,48,10.61,1.9,2,7,57.4,0
CLIENT-11915,67,34554.17,39417.75,36,39.96,0.0,1,7,85.1,1
CLIENT-11916,31,36697.84,14201.38,48,33.94,0.3,1,5,79.9,0
CLIENT-11917,64,16212.51,6463.14,48,34.82,4.9,0,5,60.6,0
CLIENT-11918,46,18174.24,30451.35,48,32.02,3.6,0,8,77.5,0
CLIENT-11919,29,21871.13,8921.75,24,60.47,2.9,0,6,74.9,0
CLIENT-11920,53,18773.69,16428.89,24,29.75,8.8,2,1,83.6,0
CLIENT-11921,52,34036.99,15214.46,60,57.09,3.5,1,11,72.6,0
CLIENT-11922,69,25291.43,13793.33,48,59.66,2.4,0,4,65.0,1
CLIENT-11923,29,43947.24,11862.36,48,37.47,0.9,2,1,89.9,0
CLIENT-11924,24,53618.97,4202.77,12,34.58,8.6,0,5,81.0,0
CLIENT-11925,46,51486.11,6624.48,36,51.86,4.3,0,5,60.4,0
CLIENT-11926,28,28393.75,29304.39,48,48.94,0.5,2,4,67.4,0
CLIENT-11927,50,43074.45,18036.64,12,28.07,5.2,0,9,89.5,0
CLIENT-11928,23,67580.68,50843.52,36,15.64,2.8,0,8,92.5,0
CLIENT-11929,64,47445.58,6461.43,36,24.57,8.3,0,10,67.3,0
CLIENT-11930,32,110789.43,13076.09,12,17.21,12.6,0,3,77.3,0
CLIENT-11931,49,65467.39,30158.9,24,26.21,4.6,0,5,75.4,0
CLIENT-11932,68,101828.39,8990.5,24,24.4,6.6,0,6,53.5,0
CLIENT-11933,28,8140.4,9511.37,24,45.07,0.3,0,5,77.6,0
CLIENT-11934,40,38484.3,10879.79,36,62.5,4.1,0,8,37.7,0
CLIENT-11935,43,29900.8,9781.58,24,47.72,7.0,0,5,83.6,0
CLIENT-11936,51,33691.88,19385.06,24,60.97,3.4,2,8,77.8,0
CLIENT-11937,63,22404.66,3842.4,48,53.13,4.5,0,10,24.6,0
CLIENT-11938,51,46060.9,42188.72,36,50.03,11.5,0,10,55.5,1
CLIENT-11939,46,12270.9,6824.24,36,32.77,1.1,0,3,43.6,0
CLIENT-11940,21,46261.35,3035.04,48,27.86,0.5,2,5,54.6,0
CLIENT-11941,34,22856.1,13264.31,60,56.55,5.9,0,4,72.0,0
CLIENT-11942,52,26896.95,10258.06,12,59.8,8.7,2,11,96.1,1
CLIENT-11943,30,47244.95,11794.8,36,34.85,9.5,0,6,77.8,0
CLIENT-11944,58,38073.23,16627.34,36,10.5,5.1,0,3,64.3,0
CLIENT-11945,56,68346.97,20981.34,36,53.59,9.0,1,10,80.8,0
CLIENT-11946,32,20298.41,43506.08,48,25.68,6.0,0,4,79.3,0
CLIENT-11947,46,34598.88,8241.2,60,10.54,0.5,0,11,91.7,0
CLIENT-11948,46,61899.28,22971.37,60,54.27,7.2,0,4,82.6,0
CLIENT-11949,28,45103.71,21944.14,24,38.46,1.0,0,5,70.1,0
CLIENT-11950,69,46880.47,2103.69,24,47.69,1.3,0,11,47.4,0
CLIENT-11951,49,70602.84,7455.92,60,60.31,2.5,0,6,90.2,0
CLIENT-11952,19,28459.99,5426.85,36,39.76,1.9,0,2,68.1,0
CLIENT-11953,64,25081.89,18279.31,24,37.68,1.9,0,10,56.7,0
CLIENT-11954,31,51304.96,16923.83,48,25.99,0.9,1,8,40.2,0
CLIENT-11955,37,33201.19,17163.66,24,26.79,1.7,0,4,52.8,0
CLIENT-11956,39,71205.27,10786.88,24,53.81,0.1,0,7,76.0,0
CLIENT-11957,28,45336.33,11575.78,48,34.7,3.2,0,7,64.2,0
CLIENT-11958,44,24983.97,13095.1,24,18.99,7.3,0,10,84.9,0
CLIENT-11959,20,44490.48,10089.2,12,15.2,9.9,0,11,94.3,0
CLIENT-11960,34,21128.54,23017.9,24,36.01,8.6,1,11,38.0,1
CLIENT-11961,61,64097.27,6318.49,36,35.57,2.7,1,2,54.7,0
CLIENT-11962,45,15704.59,7728.97,24,45.94,6.6,0,7,72.1,0
CLIENT-11963,46,75602.09,14543.85,36,35.91,1.7,0,1,92.2,0
CLIENT-11964,38,44025.57,10326.3,36,17.89,0.3,0,2,57.4,0
CLIENT-11965,64,32901.17,6147.82,48,37.93,5.6,2,5,73.4,0
CLIENT-11966,33,57411.53,19386.8,24,59.87,5.2,0,8,53.6,0
CLIENT-11967,54,49355.08,8949.91,48,18.77,8.1,0,7,68.7,0
CLIENT-11968,37,80678.63,7396.01,24,47.94,4.8,0,3,72.1,0
CLIENT-11969,23,80228.74,11824.56,36,42.66,0.9,0,10,65.1,0
CLIENT-11970,36,44863.25,7148.98,36,51.17,9.6,0,9,94.6,0
CLIENT-11971,22,21524.3,13043.86,24,18.28,4.9,1,5,87.9,0
CLIENT-11972,20,26241.43,10385.97,48,61.79,8.2,0,3,65.2,0
CLIENT-11973,18,34787.45,9331.9,24,44.15,7.4,0,7,66.1,0
CLIENT-11974,55,69496.59,9372.79,24,56.59,1.8,0,4,82.0,0
CLIENT-11975,32,27616.48,26820.74,36,23.56,0.4,0,1,70.7,0
CLIENT-11976,51,29034.37,17299.83,36,50.67,1.0,0,5,70.2,0
CLIENT-11977,52,110085.25,4038.23,24,52.96,0.5,0,11,59.7,0
CLIENT-11978,66,34112.56,24787.39,24,31.86,1.4,0,8,79.0,0
CLIENT-11979,42,24813.94,19179.36,12,31.12,3.1,0,4,60.4,0
CLIENT-11980,41,57871.92,18402.84,36,46.18,11.9,1,7,60.4,0
CLIENT-11981,29,35112.74,24872.99,36,15.14,10.3,0,8,74.3,0
CLIENT-11982,35,15775.93,13501.03,24,50.46,6.3,0,9,72.1,0
CLIENT-11983,32,67815.66,20620.86,12,12.36,0.1,0,11,70.5,0
CLIENT-11984,61,23196.96,9651.51,36,20.48,2.1,0,9,42.8,0
CLIENT-11985,33,37277.73,24180.61,48,46.53,5.7,0,5,73.6,0
CLIENT-11986,44,34860.74,15563.43,48,15.41,0.7,0,6,39.9,0
CLIENT-11987,25,41691.84,5095.57,48,63.45,8.1,0,7,85.3,0
CLIENT-11988,63,9753.25,27597.2,12,57.76,12.3,0,10,61.7,0
CLIENT-11989,42,29701.13,12207.02,60,44.45,2.2,0,2,72.4,0
CLIENT-11990,34,71317.87,11073.54,36,55.05,6.1,0,9,61.3,0
CLIENT-11991,46,77595.7,9799.95,60,58.82,0.8,1,1,74.6,0
CLIENT-11992,25,20034.79,10315.94,24,24.27,5.9,0,6,51.9,0
CLIENT-11993,32,63092.61,15689.46,36,56.72,0.1,0,6,97.8,0
CLIENT-11994,44,22997.53,6692.17,36,20.71,0.8,0,7,59.7,0
CLIENT-11995,63,29006.66,4455.84,36,32.73,6.2,0,2,83.1,0
CLIENT-11996,67,29935.77,6341.52,48,40.7,6.2,0,6,53.3,1
CLIENT-11997,69,38765.36,17451.88,48,49.26,5.1,0,6,64.1,0
CLIENT-11998,24,66225.43,11927.99,60,11.66,3.2,0,9,58.7,0
CLIENT-11999,20,42563.43,29121.59,36,25.98,5.6,0,8,61.0,1
CLIENT-12000,46,33668.6,12766.26,36,43.47,7.4,2,5,76.3,1
CLIENT-12001,61,64885.97,24094.99,12,29.66,17.0,1,7,77.0,0
CLIENT-12002,41,22435.58,8225.79,60,52.63,11.0,2,7,76.1,0
CLIENT-12003,20,34671.37,9851.71,36,45.84,7.9,3,5,56.9,1
CLIENT-12004,37,66003.88,13449.09,48,22.89,5.9,0,7,71.9,0
CLIENT-12005,63,49890.39,12053.57,36,18.03,4.3,0,3,57.3,0
CLIENT-12006,32,27452.64,11290.81,36,44.6,0.6,0,7,92.0,0
CLIENT-12007,42,14650.44,7255.53,60,34.78,0.9,1,6,56.1,0
CLIENT-12008,47,43761.73,4403.29,24,19.29,8.6,0,6,62.9,0
CLIENT-12009,31,14084.0,20779.28,24,27.95,8.1,0,2,70.9,0
CLIENT-12010,24,31968.27,19215.69,24,26.67,4.8,0,2,54.7,0
CLIENT-12011,34,73671.33,8693.16,48,15.95,2.9,0,7,79.5,1
CLIENT-12012,61,51950.95,17417.29,12,40.08,0.1,0,1,86.7,0
CLIENT-12013,37,10783.88,11890.41,12,52.0,2.0,0,9,56.8,1
CLIENT-12014,53,40956.71,28978.81,24,41.65,2.7,1,3,59.8,1
CLIENT-12015,26,29986.36,5331.66,36,55.45,3.3,0,6,87.9,0
CLIENT-12016,55,16911.85,12225.65,36,17.02,13.2,3,3,72.2,0
CLIENT-12017,65,44400.8,11561.28,12,33.96,0.6,0,9,66.7,0
CLIENT-12018,39,27036.88,14954.7,60,43.52,3.7,2,10,58.6,0
CLIENT-12019,19,27137.71,39182.93,60,47.18,2.3,0,7,64.5,0
CLIENT-12020,41,39121.48,12251.43,24,48.27,23.1,0,1,67.8,0
CLIENT-12021,25,24946.01,22475.76,48,50.09,9.9,0,4,79.6,0
CLIENT-12022,28,38462.6,12046.49,36,45.83,2.9,0,5,70.0,0
CLIENT-12023,30,25438.14,28272.34,24,15.18,35.0,1,7,56.3,0
CLIENT-12024,34,26289.45,22629.14,24,48.24,3.6,0,7,62.2,1
CLIENT-12025,25,65891.05,10579.56,36,49.86,0.9,0,5,53.2,1
CLIENT-12026,38,70038.68,10059.67,36,64.64,4.1,0,1,68.0,0
CLIENT-12027,35,13027.37,18786.1,24,48.13,1.3,0,5,100.0,0
CLIENT-12028,47,56854.11,8444.04,48,47.78,5.1,0,5,100.0,0
CLIENT-12029,35,84048.95,15266.91,36,38.31,13.9,0,4,74.9,0
CLIENT-12030,63,92450.26,10414.38,36,57.74,7.7,0,6,45.2,0
CLIENT-12031,64,49623.9,17286.34,24,64.83,1.6,0,8,83.9,0
CLIENT-12032,48,19255.68,11935.68,36,52.85,1.8,1,10,80.0,0
CLIENT-12033,55,52996.89,8227.14,36,43.69,0.4,0,5,100.0,0
CLIENT-12034,49,21556.84,28961.27,36,14.34,1.7,0,8,71.1,0
CLIENT-12035,28,29561.29,15798.8,48,49.97,0.5,0,5,63.6,0
CLIENT-12036,62,45699.8,12867.89,48,48.97,3.5,0,3,55.0,0
CLIENT-12037,42,22407.35,17925.73,36,52.66,6.2,0,8,82.3,0
CLIENT-12038,50,18254.37,4147.12,36,16.85,7.0,0,4,67.2,0
CLIENT-12039,55,48024.38,57706.75,60,45.96,0.3,2,3,66.2,1
CLIENT-12040,58,111338.96,13592.61,36,26.26,2.1,0,3,62.5,0
CLIENT-12041,25,76568.47,3380.5,24,51.81,1.7,0,6,100.0,0
CLIENT-12042,28,55509.63,30883.15,36,23.22,0.6,0,8,63.8,0
CLIENT-12043,39,65349.9,7895.34,24,47.62,2.3,0,10,80.5,0
CLIENT-12044,68,53243.54,27739.13,48,26.22,1.8,3,5,76.9,1
CLIENT-12045,41,47569.17,14546.38,36,10.49,5.0,3,1,36.7,0
CLIENT-12046,58,62265.99,4450.22,36,44.83,10.7,0,1,100.0,0
CLIENT-12047,34,15978.23,16040.68,12,16.23,3.0,0,3,42.2,0
CLIENT-12048,29,40932.97,15235.7,36,46.26,6.9,0,6,56.5,0
CLIENT-12049,63,34593.85,29918.73,60,60.91,0.8,0,2,62.4,1
CLIENT-12050,49,38076.09,19254.78,12,63.31,11.3,0,1,59.1,0
CLIENT-12051,32,27533.99,5610.59,36,22.98,0.8,0,7,66.6,0
CLIENT-12052,33,49627.12,26945.96,60,54.51,1.1,0,2,58.4,0
CLIENT-12053,39,22231.0,9998.15,36,29.45,0.6,0,8,90.3,0
CLIENT-12054,45,26362.22,44541.91,36,59.53,1.9,0,2,78.9,0
CLIENT-12055,37,24530.49,10421.79,36,53.31,4.0,0,11,60.7,0
CLIENT-12056,50,60984.07,11522.95,36,14.07,22.1,0,1,57.5,0
CLIENT-12057,27,36060.95,7515.0,24,32.39,7.9,0,10,61.5,1
CLIENT-12058,57,27542.91,9423.68,12,28.55,2.4,0,2,56.4,0
CLIENT-12059,49,29025.85,7831.75,36,53.18,4.3,0,2,52.0,1
CLIENT-12060,67,36400.16,30440.04,60,32.57,4.9,0,7,84.0,0
CLIENT-12061,50,96115.41,5260.3,24,47.65,8.7,0,1,64.1,0
CLIENT-12062,19,17293.53,23463.6,24,43.13,6.7,0,3,75.9,0
CLIENT-12063,50,54464.59,23862.47,36,63.66,4.2,0,5,71.0,0
CLIENT-12064,50,48200.15,35041.32,48,61.58,5.5,0,7,91.7,0
CLIENT-12065,58,21380.2,13775.31,24,33.52,6.9,0,6,83.4,0
CLIENT-12066,30,87563.89,6511.43,48,49.8,0.7,0,8,75.4,1
CLIENT-12067,47,50189.86,11846.28,12,55.62,1.1,1,1,100.0,0
CLIENT-12068,50,26778.64,20257.67,60,59.44,5.8,0,7,59.4,1
CLIENT-12069,30,11900.69,14176.07,36,13.75,9.5,0,9,67.2,0
CLIENT-12070,69,41667.97,17269.71,36,26.61,2.6,0,7,79.8,0
CLIENT-12071,43,35353.5,34741.85,36,27.61,19.5,0,6,82.7,0
CLIENT-12072,39,19566.46,20078.45,48,33.89,1.2,0,9,56.8,0
CLIENT-12073,56,19415.58,15350.59,24,19.31,2.7,1,4,69.5,1
CLIENT-12074,19,61151.27,3673.67,12,37.29,2.4,0,10,70.3,0
CLIENT-12075,55,11232.68,7717.95,36,46.48,13.3,0,6,100.0,0
CLIENT-12076,56,43851.74,10064.07,48,37.36,1.7,2,6,79.9,0
CLIENT-12077,43,32452.66,3347.67,48,46.62,3.2,0,10,86.2,0
CLIENT-12078,63,48937.19,6145.72,36,13.65,1.0,0,3,64.2,0
CLIENT-12079,67,30437.08,11070.99,36,58.18,3.7,0,7,58.7,1
CLIENT-12080,32,43302.47,12406.77,24,61.65,9.7,1,1,63.6,0
CLIENT-12081,51,23256.39,19035.62,48,43.98,1.8,0,11,78.2,0
CLIENT-12082,59,35259.03,11571.44,48,58.48,8.3,1,8,92.1,0
CLIENT-12083,61,48700.78,15892.91,36,17.23,12.1,0,8,48.7,0
CLIENT-12084,66,39756.28,9972.11,36,53.86,0.4,1,8,99.7,0
CLIENT-12085,57,45623.77,13758.46,60,16.55,7.1,2,9,83.3,0
CLIENT-12086,28,20811.21,18318.76,48,32.44,1.5,0,4,85.0,0
CLIENT-12087,20,25478.63,37452.97,36,27.81,1.0,0,6,84.0,0
CLIENT-12088,23,25745.01,9318.44,36,42.21,4.6,0,11,63.9,0
CLIENT-12089,26,30764.18,14778.48,36,26.58,6.1,1,7,68.1,1
CLIENT-12090,23,82055.38,24548.09,36,45.05,2.5,1,2,80.2,0
CLIENT-12091,26,29363.06,4876.99,36,30.21,0.2,0,6,66.3,0
CLIENT-12092,56,18285.51,54093.99,36,57.34,12.0,0,8,73.5,0
CLIENT-12093,48,50261.14,30495.11,36,44.86,6.6,1,4,60.0,1
CLIENT-12094,49,81469.67,4031.76,36,21.84,1.6,0,5,81.6,0
CLIENT-12095,58,17039.22,17326.06,36,28.49,3.4,0,8,67.9,0
CLIENT-12096,67,118620.72,8999.12,24,56.61,0.1,0,3,63.9,0
CLIENT-12097,29,46588.36,10115.83,48,31.26,2.1,0,6,57.6,0
CLIENT-12098,25,67530.49,17074.66,36,39.47,3.7,1,1,60.0,0
CLIENT-12099,25,87574.31,27869.26,12,45.69,3.6,2,4,50.2,0
CLIENT-12100,67,65092.89,9642.05,36,29.13,1.2,0,6,76.3,0
CLIENT-12101,45,33985.14,9733.09,48,26.17,7.5,0,3,61.0,0
CLIENT-12102,37,75404.25,17335.59,48,36.14,1.8,1,1,69.4,0
CLIENT-12103,64,42309.2,19937.73,36,21.82,4.3,1,6,88.2,0
CLIENT-12104,24,69862.96,6601.21,60,25.63,1.6,0,3,68.2,0
CLIENT-12105,28,74602.2,44648.28,12,13.41,2.8,0,8,67.6,1
CLIENT-12106,37,18872.52,8515.81,60,26.72,1.2,0,7,69.2,0
CLIENT-12107,33,58488.22,26246.08,24,27.64,5.0,1,11,74.4,0
CLIENT-12108,21,32560.81,18328.15,12,62.9,2.8,0,7,63.0,1
CLIENT-12109,23,39454.93,20423.2,36,42.44,0.1,1,8,82.8,0
CLIENT-12110,39,39193.09,8632.02,36,53.31,0.1,0,7,72.0,0
CLIENT-12111,43,38260.84,3997.02,36,12.5,3.2,3,5,61.9,1
CLIENT-12112,20,90591.46,13161.08,48,15.86,1.0,1,10,64.9,0
CLIENT-12113,58,15996.6,13199.1,48,54.8,4.4,0,8,87.1,0
CLIENT-12114,59,12920.8,6832.08,36,44.3,2.6,2,8,60.1,1
CLIENT-12115,31,11384.7,25401.42,36,20.5,5.3,2,11,76.3,0
CLIENT-12116,28,68974.11,12886.42,24,32.26,15.2,1,8,77.2,0
CLIENT-12117,35,22832.44,7582.89,12,39.63,3.8,0,10,53.9,0
CLIENT-12118,29,39313.05,20121.62,36,56.4,7.7,0,6,48.3,0
CLIENT-12119,40,33899.98,20499.05,12,13.32,7.0,0,2,65.2,0
CLIENT-12120,29,21336.51,8091.4,48,42.82,12.7,0,8,82.1,0
CLIENT-12121,30,60529.51,31677.89,36,49.44,1.2,0,10,47.9,1
CLIENT-12122,42,33641.72,64232.9,24,63.78,8.8,0,1,56.9,1
CLIENT-12123,62,31487.91,6229.05,36,54.39,11.8,0,9,80.1,0
CLIENT-12124,68,41761.19,11747.72,24,25.19,2.5,2,9,54.0,1
CLIENT-12125,36,55963.96,16914.17,36,49.03,1.9,0,6,85.3,0
CLIENT-12126,63,20427.03,65919.01,48,51.98,15.2,0,10,100.0,0
CLIENT-12127,53,61313.24,7993.28,36,50.14,4.9,0,6,57.8,0
CLIENT-12128,62,86674.25,6920.83,24,55.11,2.4,0,6,92.1,0
CLIENT-12129,25,15433.98,6887.8,48,59.71,7.8,1,11,74.9,0
CLIENT-12130,46,42915.12,31413.61,24,15.41,1.8,0,4,58.1,0
CLIENT-12131,49,30243.81,8139.78,48,15.76,1.0,0,1,93.9,0
CLIENT-12132,68,55245.29,7368.03,36,53.8,3.9,0,1,76.1,0
CLIENT-12133,61,17500.85,15704.1,36,23.88,4.2,0,1,87.9,0
CLIENT-12134,35,96506.24,16576.73,48,13.22,8.7,0,5,100.0,0
CLIENT-12135,23,13839.24,28274.46,48,32.07,3.1,0,7,68.4,0
CLIENT-12136,35,31364.48,14247.66,12,55.09,8.4,0,1,78.3,0
CLIENT-12137,36,47125.88,15902.83,24,16.96,1.9,0,1,53.3,0
CLIENT-12138,39,24057.4,12410.65,48,46.95,4.3,1,11,63.0,0
CLIENT-12139,54,21893.81,5361.43,12,10.2,1.2,0,6,68.8,0
CLIENT-12140,49,41495.55,11617.6,36,16.04,2.4,0,11,73.2,0
CLIENT-12141,58,38049.98,13960.45,48,29.3,9.7,0,2,38.1,0
CLIENT-12142,20,36445.12,9792.03,36,14.6,1.2,0,2,93.2,0
CLIENT-12143,45,60791.98,4468.83,48,56.52,8.3,0,7,79.5,0
CLIENT-12144,27,28661.68,6036.06,48,57.52,1.7,0,9,77.8,0
CLIENT-12145,68,43991.67,12996.47,36,51.56,0.2,0,8,100.0,0
CLIENT-12146,52,26796.81,25666.12,48,23.34,0.6,0,2,94.3,0
CLIENT-12147,46,21816.07,43373.28,36,38.78,6.8,0,7,67.7,0
CLIENT-12148,32,30611.92,11746.59,36,20.13,1.5,0,5,61.5,1
CLIENT-12149,50,26923.13,8088.41,36,25.47,5.3,2,11,79.3,0
CLIENT-12150,24,27742.41,10293.25,48,38.38,6.0,0,10,93.3,0
CLIENT-12151,29,73071.7,6422.16,48,50.43,2.1,0,4,67.8,0
CLIENT-12152,66,31180.18,23188.73,24,15.21,3.2,2,10,83.3,0
CLIENT-12153,47,24397.99,59654.7,36,26.32,2.6,0,4,95.6,0
CLIENT-12154,38,36932.5,8227.4,60,60.96,14.7,0,4,84.8,0
CLIENT-12155,48,38659.07,5799.75,36,33.6,1.9,0,9,46.1,0
CLIENT-12156,41,17816.34,27025.56,24,61.64,1.0,0,7,52.1,1
CLIENT-12157,37,30362.28,16691.19,36,64.53,2.3,0,7,99.7,0
CLIENT-12158,54,29637.31,16889.55,60,38.97,5.5,2,4,71.6,0
CLIENT-12159,21,32751.81,40608.06,48,25.84,6.0,0,9,75.0,0
CLIENT-12160,45,56123.9,5133.07,48,53.49,12.9,0,8,78.5,0
CLIENT-12161,61,39419.0,5033.69,24,18.76,10.7,0,10,91.5,0
CLIENT-12162,37,75868.92,11929.86,48,23.86,1.7,0,4,58.3,0
CLIENT-12163,41,36062.32,13966.02,36,53.17,3.0,0,6,63.8,0
CLIENT-12164,67,105414.17,10420.56,48,33.85,6.9,0,4,54.9,0
CLIENT-12165,66,27543.86,74796.55,36,21.08,12.4,0,1,39.0,1
CLIENT-12166,68,22885.59,10751.82,12,45.81,2.1,0,5,76.2,0
CLIENT-12167,49,50432.02,9086.02,36,50.3,2.9,1,10,57.0,0
CLIENT-12168,58,82326.57,14574.67,24,16.88,11.5,0,11,84.4,0
CLIENT-12169,53,15878.45,26360.47,48,25.23,2.2,0,3,60.9,0
CLIENT-12170,51,32267.17,8040.13,60,22.17,3.3,0,1,49.8,0
CLIENT-12171,53,25173.09,12053.49,36,30.89,11.7,0,2,85.8,0
CLIENT-12172,19,39565.41,26889.72,48,51.99,8.1,0,2,77.8,0
CLIENT-12173,32,36534.44,27955.37,36,49.25,1.4,1,8,67.5,0
CLIENT-12174,51,81407.99,15558.15,48,46.44,2.0,0,4,68.4,0
CLIENT-12175,53,34028.62,72611.16,48,10.35,2.2,0,3,79.0,0
CLIENT-12176,23,82856.91,53447.53,48,17.82,12.2,2,4,95.5,0
CLIENT-12177,56,30059.67,4992.63,36,22.28,34.2,0,10,76.0,0
CLIENT-12178,59,63315.73,4087.25,36,24.96,7.4,0,1,77.0,0
CLIENT-12179,68,41655.88,23318.45,48,18.05,3.3,0,1,63.1,0
CLIENT-12180,68,102532.1,34743.78,24,32.57,0.1,0,5,66.5,0
CLIENT-12181,29,14969.81,11414.83,48,14.13,6.0,2,7,20.3,1
CLIENT-12182,20,18064.16,9399.98,60,51.25,2.5,0,9,55.9,0
CLIENT-12183,62,108985.85,7523.57,36,53.32,5.0,0,7,54.0,0
CLIENT-12184,35,23389.46,5898.14,48,41.58,4.7,0,11,53.6,0
CLIENT-12185,57,24297.24,29597.35,48,14.93,3.3,0,5,64.3,0
CLIENT-12186,38,21473.31,10230.14,36,58.95,14.4,0,3,65.9,0
CLIENT-12187,32,72335.3,16502.39,36,63.11,0.1,2,8,54.0,0
CLIENT-12188,50,17118.68,3721.7,48,21.13,6.2,0,7,88.9,0
CLIENT-12189,52,36807.99,26945.99,36,48.76,2.6,0,4,79.0,0
CLIENT-12190,43,30965.44,20159.78,12,56.31,6.3,0,1,73.1,0
CLIENT-12191,25,67636.93,5211.99,48,39.69,5.6,1,3,79.7,0
CLIENT-12192,53,25894.62,16015.63,36,27.78,0.1,0,11,44.2,0
CLIENT-12193,65,46591.04,13404.16,48,36.32,1.7,0,8,43.8,0
CLIENT-12194,47,17984.59,9748.72,24,38.17,1.0,0,2,88.3,0
CLIENT-12195,40,142111.13,1751.01,12,32.04,0.9,0,9,100.0,0
CLIENT-12196,59,31452.84,8414.99,60,61.14,6.5,0,4,70.8,0
CLIENT-12197,61,36506.96,16509.67,24,50.91,1.4,2,7,100.0,0
CLIENT-12198,31,98012.73,9099.77,48,23.27,3.2,0,10,70.0,0
CLIENT-12199,31,25539.88,11439.34,48,42.21,1.4,0,7,59.4,0
CLIENT-12200,19,98758.17,38090.86,48,47.88,4.3,0,8,84.7,0
CLIENT-12201,54,28370.84,12654.2,24,17.71,6.4,1,7,37.7,0
CLIENT-12202,22,54340.16,3078.63,36,29.71,2.0,0,11,61.2,0
CLIENT-12203,55,25755.18,11738.21,48,59.81,4.6,0,4,57.6,0
CLIENT-12204,62,16096.84,14322.34,36,41.19,8.7,0,7,52.0,0
CLIENT-12205,58,46572.09,7496.95,36,21.93,0.5,0,5,62.5,0
CLIENT-12206,64,53313.35,22344.24,36,16.75,6.2,0,10,74.4,0
CLIENT-12207,31,16489.33,4800.33,12,38.5,2.0,0,7,89.7,1
CLIENT-12208,56,30205.07,12131.75,48,40.12,0.7,0,3,85.6,1
CLIENT-12209,42,74641.76,4761.74,48,28.39,3.9,0,10,46.1,0
CLIENT-12210,37,52055.79,10861.92,60,44.67,1.3,0,11,100.0,0
CLIENT-12211,19,28648.92,21931.76,36,13.78,8.6,2,7,88.7,0
CLIENT-12212,56,25374.11,11930.15,48,17.98,0.2,0,7,70.6,0
CLIENT-12213,23,116885.09,11452.49,24,40.05,0.5,0,2,90.2,0
CLIENT-12214,34,15242.47,13621.97,36,13.4,3.7,0,8,56.2,0
CLIENT-12215,42,35048.25,14107.15,36,58.45,4.4,0,7,82.7,0
CLIENT-12216,45,15080.86,21712.13,60,17.82,6.5,0,9,41.0,1
CLIENT-12217,19,79928.58,21804.49,48,47.07,1.5,0,4,65.4,0
CLIENT-12218,52,36160.62,36141.14,60,31.52,9.2,0,9,90.5,0
CLIENT-12219,54,40412.91,15022.91,48,31.99,15.3,0,1,63.1,0
CLIENT-12220,22,191249.74,4177.6,48,52.07,3.5,0,5,63.8,0
CLIENT-12221,18,25435.89,24356.74,12,37.47,7.1,0,10,60.9,1
CLIENT-12222,57,103688.4,34367.86,48,49.91,3.7,0,7,67.0,0
CLIENT-12223,29,28726.08,74845.89,36,37.79,0.4,0,4,54.8,0
CLIENT-12224,53,31567.79,36908.39,36,42.61,2.0,0,7,93.7,0
CLIENT-12225,62,176823.11,9478.59,12,51.84,0.5,0,9,52.0,0
CLIENT-12226,40,32969.75,15230.1,36,43.4,22.5,0,5,74.9,0
CLIENT-12227,64,15920.73,11054.15,36,43.86,1.3,0,5,82.7,0
CLIENT-12228,48,43008.42,10051.04,36,53.41,5.1,2,2,59.0,1
CLIENT-12229,28,32740.17,12339.49,36,62.2,1.7,0,5,48.2,0
CLIENT-12230,27,45263.56,32860.29,60,30.72,5.3,0,8,61.3,0
CLIENT-12231,20,33518.12,4392.18,48,41.74,1.2,0,4,64.1,0
CLIENT-12232,31,137218.08,6622.43,36,14.75,7.7,0,2,83.8,0
CLIENT-12233,33,50718.27,31371.19,36,29.73,0.6,0,8,67.8,0
CLIENT-12234,27,19053.79,36959.12,24,32.66,11.3,0,4,70.0,0
CLIENT-12235,46,39133.26,8419.9,36,55.94,9.2,1,5,48.9,1
CLIENT-12236,27,22476.42,42426.3,24,38.24,5.7,0,7,67.1,0
CLIENT-12237,29,31299.95,26452.8,60,50.21,0.3,3,11,91.5,1
CLIENT-12238,47,21030.64,11076.35,36,11.05,1.2,0,5,86.4,0
CLIENT-12239,58,128575.44,2429.19,24,35.55,9.8,0,10,62.5,0
CLIENT-12240,18,23984.65,4156.34,36,59.57,0.7,0,4,82.5,0
CLIENT-12241,22,54859.94,8427.68,36,22.34,0.8,0,7,67.9,0
CLIENT-12242,37,29908.93,22741.71,36,11.73,3.9,2,4,77.6,0
CLIENT-12243,25,18123.27,22792.12,12,33.84,1.6,0,10,65.6,0
CLIENT-12244,60,40887.91,9638.16,60,48.74,1.3,0,4,55.5,1
CLIENT-12245,29,46185.22,11362.89,24,35.0,4.3,0,2,54.7,0
CLIENT-12246,18,50775.84,13059.39,12,35.3,2.3,0,5,77.9,0
CLIENT-12247,37,7530.14,11463.04,12,46.84,0.8,0,8,30.3,0
CLIENT-12248,45,17310.92,14981.08,36,23.99,3.8,0,4,86.0,0
CLIENT-12249,60,64507.25,13081.72,24,51.35,2.4,0,11,66.4,0
CLIENT-12250,54,20865.16,4138.3,12,18.42,6.6,3,2,60.4,0
CLIENT-12251,64,41018.01,11553.07,36,31.77,0.5,0,9,85.0,0
CLIENT-12252,54,17071.83,13150.06,36,46.08,4.8,0,6,28.5,0
CLIENT-12253,29,56328.77,26711.77,24,55.56,2.9,0,3,76.9,0
CLIENT-12254,54,63497.88,7465.78,36,53.53,2.6,1,10,94.6,0
CLIENT-12255,66,56339.21,15409.41,36,49.69,1.3,0,11,49.4,1
CLIENT-12256,66,67476.46,19810.91,24,29.75,0.2,2,5,63.2,0
CLIENT-12257,61,92812.82,12042.01,36,16.73,9.4,0,6,76.8,0
CLIENT-12258,45,17953.77,3911.36,12,21.93,2.0,0,9,46.4,0
CLIENT-12259,64,22624.68,27093.48,12,57.57,5.7,0,5,73.7,0
CLIENT-12260,32,62225.87,22538.92,36,57.15,14.7,3,9,100.0,1
CLIENT-12261,23,71548.57,15680.0,24,62.34,4.2,0,1,74.9,0
CLIENT-12262,61,24231.15,13742.26,12,14.18,2.5,0,10,74.4,1
CLIENT-12263,37,23240.89,3839.14,36,39.52,1.6,0,4,51.9,0
CLIENT-12264,67,24555.03,22977.24,60,45.68,13.6,0,1,89.9,0
CLIENT-12265,31,13862.51,37815.61,48,49.09,5.7,0,2,29.1,0
CLIENT-12266,19,16935.26,6126.5,48,45.41,5.5,1,2,69.5,0
CLIENT-12267,26,17182.12,34252.44,48,52.35,2.8,2,10,83.7,0
CLIENT-12268,54,30440.86,29496.31,60,29.77,9.3,2,11,32.5,1
CLIENT-12269,37,42723.39,6001.49,48,19.87,6.3,0,5,39.8,0
CLIENT-12270,43,47102.61,10138.54,36,21.25,1.7,0,1,47.8,0
CLIENT-12271,46,26765.33,5030.09,36,10.66,4.6,0,10,90.6,0
CLIENT-12272,18,27162.91,12764.24,24,29.27,2.8,0,3,60.5,0
CLIENT-12273,52,39112.48,18284.74,36,15.05,0.0,1,11,83.4,0
CLIENT-12274,23,14800.13,5301.11,60,27.68,8.2,0,6,81.0,0
CLIENT-12275,54,64580.28,17501.85,36,44.55,0.7,1,1,45.1,0
CLIENT-12276,22,78529.62,20897.57,48,59.2,3.6,1,11,64.2,0
CLIENT-12277,50,24950.56,21108.58,36,56.18,2.0,0,1,66.6,0
CLIENT-12278,66,28593.6,18364.08,36,23.9,2.1,0,3,77.7,0
CLIENT-12279,68,76572.04,5653.65,36,17.37,3.2,0,9,73.4,0
CLIENT-12280,31,33730.88,12270.68,36,20.62,29.1,0,2,69.0,0
CLIENT-12281,29,51686.26,17096.8,36,63.4,2.6,0,6,87.5,0
CLIENT-12282,59,34358.91,37149.96,48,40.22,1.0,2,3,87.3,0
CLIENT-12283,37,92390.96,13382.81,48,20.04,4.8,0,6,48.3,0
CLIENT-12284,67,48729.89,17995.53,48,56.24,1.3,0,11,63.3,0
CLIENT-12285,41,50442.71,6957.54,24,31.74,0.6,0,11,70.5,0
CLIENT-12286,60,51010.35,5952.55,48,59.46,0.3,1,7,71.3,1
CLIENT-12287,51,26028.09,5441.72,36,24.34,0.1,0,7,78.3,0
CLIENT-12288,42,27503.17,9954.82,36,31.63,2.8,0,2,75.6,0
CLIENT-12289,67,57615.53,56581.41,48,37.77,2.8,0,3,78.9,0
CLIENT-12290,46,39177.1,10082.4,36,59.09,1.0,0,4,80.7,0
CLIENT-12291,56,17915.71,17244.33,12,57.78,7.7,0,8,65.8,0
CLIENT-12292,48,111732.47,19731.44,36,41.59,0.7,0,5,64.9,0
CLIENT-12293,64,65306.26,6222.52,48,22.2,12.3,0,1,90.9,0
CLIENT-12294,60,37144.68,9851.96,36,32.18,4.4,2,9,62.6,0
CLIENT-12295,67,30819.39,20683.48,36,63.66,0.1,0,1,81.1,0
CLIENT-12296,40,40913.1,18030.66,36,43.43,16.5,0,2,58.7,0
CLIENT-12297,61,49538.83,3308.35,48,52.96,1.8,0,7,75.0,0
CLIENT-12298,55,10723.57,20253.59,48,34.74,3.0,0,11,76.1,0
CLIENT-12299,37,128979.64,9084.33,36,39.26,1.7,0,3,79.7,0
CLIENT-12300,40,22608.23,9252.3,24,33.59,6.5,0,6,93.9,0
CLIENT-12301,62,36274.0,17736.96,36,48.66,3.3,2,8,55.0,0
CLIENT-12302,69,37083.23,38795.33,36,56.83,0.7,0,5,72.2,1
CLIENT-12303,33,120344.07,11610.86,48,37.9,0.6,0,1,79.9,0
CLIENT-12304,67,34445.23,30495.52,12,36.45,6.5,0,10,80.0,0
CLIENT-12305,59,94193.3,4872.46,36,28.72,1.4,0,3,65.4,0
CLIENT-12306,25,46352.78,14640.11,48,19.74,0.7,2,11,75.8,0
CLIENT-12307,67,20391.41,9147.73,36,61.66,3.5,0,2,69.7,0
CLIENT-12308,38,39372.56,16275.32,48,27.38,8.1,0,6,81.1,0
CLIENT-12309,18,33822.95,10857.21,48,54.04,1.6,0,5,68.8,0
CLIENT-12310,25,18949.97,5225.25,48,49.34,1.6,1,7,69.0,0
CLIENT-12311,46,45009.72,7178.27,36,53.5,9.0,0,2,74.1,0
CLIENT-12312,49,36800.31,4229.16,36,61.52,0.8,0,6,62.5,0
CLIENT-12313,55,50708.71,5351.7,60,44.29,4.8,0,11,58.6,0
CLIENT-12314,22,40782.64,18699.03,36,59.39,15.5,2,5,50.1,0
CLIENT-12315,64,24571.4,11206.78,24,19.22,9.2,1,6,68.0,0
CLIENT-12316,39,57584.02,15702.97,24,44.47,0.3,0,5,59.0,0
CLIENT-12317,64,24968.27,47615.05,36,52.48,1.9,1,7,65.6,1
CLIENT-12318,51,5654.45,10859.76,60,24.94,0.8,0,5,88.6,0
CLIENT-12319,18,39229.79,20826.86,24,50.74,14.9,0,7,66.0,0
CLIENT-12320,43,26044.34,13625.45,12,52.82,21.3,0,1,88.9,0
CLIENT-12321,60,45673.72,92399.71,48,55.72,1.3,1,9,75.8,0
CLIENT-12322,27,120490.12,1615.9,60,27.21,5.5,0,6,65.8,0
CLIENT-12323,47,122595.28,8083.95,24,47.49,9.2,0,9,54.7,0
CLIENT-12324,67,32890.08,21116.64,36,26.73,1.3,0,1,68.3,0
CLIENT-12325,35,22116.76,7886.96,36,50.65,1.0,1,2,64.0,0
CLIENT-12326,34,51575.91,19855.77,36,35.46,0.1,0,7,87.8,0
CLIENT-12327,43,29081.71,12809.53,48,42.86,2.7,0,4,99.5,0
CLIENT-12328,25,45938.83,24476.39,24,32.87,11.5,0,10,85.5,0
CLIENT-12329,64,24427.96,6048.19,12,18.91,11.7,0,1,58.9,0
CLIENT-12330,57,42210.13,15077.96,24,19.79,0.7,0,5,70.8,0
CLIENT-12331,66,22310.56,18512.71,24,14.27,1.1,0,4,66.6,0
CLIENT-12332,29,73906.2,14650.83,24,43.99,2.6,3,6,61.2,0
CLIENT-12333,44,25489.28,14832.69,12,56.68,7.6,0,7,68.6,0
CLIENT-12334,25,53995.8,30998.73,48,11.15,4.7,0,11,68.0,0
CLIENT-12335,42,17002.91,4121.89,24,13.64,3.6,0,3,97.6,0
CLIENT-12336,63,58029.36,14581.04,60,35.16,4.5,0,6,74.9,0
CLIENT-12337,21,20336.44,5730.72,36,50.57,0.5,0,2,82.4,0
CLIENT-12338,50,42476.49,22704.71,36,18.67,3.2,1,10,85.7,0
CLIENT-12339,18,67098.74,7431.23,24,24.94,24.2,0,4,81.3,0
CLIENT-12340,36,32209.29,2366.79,24,22.76,0.5,1,10,90.5,0
CLIENT-12341,48,19584.62,23087.05,36,31.95,3.7,0,9,64.4,0
CLIENT-12342,33,48927.14,11071.62,36,22.37,1.8,3,7,84.4,0
CLIENT-12343,31,21925.62,17148.07,48,29.39,3.9,0,2,99.4,0
CLIENT-12344,65,28494.11,36275.8,48,50.07,4.3,0,6,59.2,0
CLIENT-12345,22,42585.86,17326.3,36,43.61,4.3,0,4,64.9,0
CLIENT-12346,58,82158.5,15041.97,36,14.46,9.6,2,8,63.8,0
CLIENT-12347,43,36898.72,12924.9,48,45.08,2.5,0,8,100.0,0
CLIENT-12348,45,36816.98,5984.25,36,36.24,3.6,0,1,54.0,0
CLIENT-12349,19,56528.93,11491.08,60,61.4,0.1,0,8,71.7,0
CLIENT-12350,67,37429.83,53195.5,48,25.91,7.8,2,10,77.4,1
CLIENT-12351,23,53173.64,10273.74,12,49.94,1.5,0,7,61.8,0
CLIENT-12352,26,69363.78,11977.56,36,50.2,8.5,0,1,55.1,1
CLIENT-12353,50,29832.62,32207.65,36,22.18,1.5,1,3,57.7,0
CLIENT-12354,58,5089.8,4541.89,48,59.68,0.1,1,5,66.2,1
CLIENT-12355,42,22231.02,20621.45,36,37.02,0.8,0,3,62.0,0
CLIENT-12356,65,74997.44,4393.07,48,47.34,21.2,3,3,91.6,0
CLIENT-12357,30,35587.19,17666.62,24,18.02,1.9,0,1,62.1,0
CLIENT-12358,26,29629.38,13151.79,24,24.18,0.6,0,8,62.0,0
CLIENT-12359,30,73135.63,20510.25,12,42.24,0.6,0,9,75.9,0
CLIENT-12360,48,34173.48,6576.57,36,27.55,1.9,0,5,74.4,0
CLIENT-12361,58,10347.29,9186.38,36,37.48,0.2,1,1,22.2,0
CLIENT-12362,28,14717.89,21265.41,36,30.57,3.6,2,1,57.0,1
CLIENT-12363,21,46685.5,9349.87,36,45.23,1.2,0,9,62.4,0
CLIENT-12364,51,34886.86,22671.43,12,36.79,3.7,0,1,54.8,1
CLIENT-12365,55,86924.39,15466.3,12,10.25,0.8,0,9,84.4,0
CLIENT-12366,63,23389.41,9778.82,48,45.73,2.8,0,3,47.6,0
CLIENT-12367,21,30160.84,10713.42,36,33.22,4.6,0,3,85.8,0
CLIENT-12368,55,21360.49,13392.54,36,28.79,0.3,1,4,38.3,1
CLIENT-12369,36,26572.8,11451.46,48,15.18,2.5,0,5,71.2,0
CLIENT-12370,23,11670.94,22273.99,48,22.12,1.8,0,6,93.5,0
CLIENT-12371,51,28813.21,10302.11,24,22.31,1.4,0,6,61.1,0
CLIENT-12372,35,35202.72,8945.25,36,61.45,4.6,0,10,70.4,0
CLIENT-12373,30,33463.2,25265.02,48,33.79,4.4,0,9,85.4,0
CLIENT-12374,58,131891.11,9941.86,48,12.31,5.0,0,1,85.0,0
CLIENT-12375,40,109107.7,9152.11,48,17.63,0.9,0,9,74.5,0
CLIENT-12376,36,23143.29,2344.99,24,14.35,1.7,0,4,67.3,0
CLIENT-12377,62,10653.44,6453.3,24,42.39,1.2,0,7,67.1,0
CLIENT-12378,28,34217.07,7427.62,36,20.26,3.9,0,6,49.1,0
CLIENT-12379,18,45519.96,9153.66,48,37.42,3.1,0,9,54.6,0
CLIENT-12380,41,21670.55,8058.66,36,30.35,2.0,2,2,70.5,1
CLIENT-12381,24,22323.93,26585.87,24,54.21,7.7,0,11,74.1,0
CLIENT-12382,42,93857.5,7765.12,48,27.63,0.5,0,2,100.0,0
CLIENT-12383,38,31115.74,8180.93,24,35.2,18.4,0,7,81.7,0
CLIENT-12384,32,54032.99,14897.64,24,49.67,0.6,0,9,64.8,0
CLIENT-12385,18,20781.46,6178.45,24,33.83,7.4,0,5,77.7,0
CLIENT-12386,29,35095.76,39926.46,36,53.63,2.3,0,7,43.5,0
CLIENT-12387,24,29679.06,23423.84,36,46.39,10.0,1,11,71.3,0
CLIENT-12388,32,24216.17,5897.83,36,32.58,0.4,0,8,80.3,0
CLIENT-12389,38,72633.41,27161.8,12,37.72,2.3,0,8,80.4,0
CLIENT-12390,36,15782.76,31419.87,12,63.2,2.0,0,4,69.0,0
CLIENT-12391,46,43479.03,6006.03,24,46.39,24.9,0,10,78.5,0
CLIENT-12392,42,29346.45,5909.9,36,59.77,21.2,0,7,66.0,0
CLIENT-12393,50,46578.52,8714.21,12,19.83,1.1,2,1,75.9,0
CLIENT-12394,66,29585.93,4960.97,36,36.58,5.0,0,4,55.9,0
CLIENT-12395,49,61102.98,7737.22,24,59.98,3.8,1,5,53.1,0
CLIENT-12396,66,20664.62,10096.18,24,27.74,0.8,0,10,89.0,0
CLIENT-12397,52,72731.65,19013.54,24,63.22,0.9,0,7,67.2,0
CLIENT-12398,61,35693.3,14141.34,12,15.34,22.7,0,6,76.6,0
CLIENT-12399,55,16364.97,12044.76,36,59.65,3.0,0,4,58.2,0
CLIENT-12400,43,54618.57,9525.99,36,34.49,0.7,0,3,53.1,0
CLIENT-12401,28,32231.2,5347.75,48,14.06,1.2,0,11,61.8,0
CLIENT-12402,52,13033.75,20215.45,12,58.37,1.6,1,6,76.4,0
CLIENT-12403,25,44332.83,19901.73,24,23.86,3.6,3,10,39.1,1
CLIENT-12404,63,66433.55,8675.05,36,11.22,2.0,0,5,73.1,0
CLIENT-12405,31,78376.66,6180.73,48,17.47,3.0,0,3,80.2,0
CLIENT-12406,27,28940.26,39706.62,36,46.25,0.9,0,4,56.8,0
CLIENT-12407,19,39624.02,15878.34,36,63.78,2.0,0,2,73.6,0
CLIENT-12408,63,37433.52,17639.18,36,16.13,0.4,2,9,72.5,0
CLIENT-12409,26,88776.88,18180.48,12,35.41,11.0,0,7,57.0,0
CLIENT-12410,20,22330.46,5757.52,60,19.94,1.1,0,10,67.8,0
CLIENT-12411,38,27479.74,38158.11,36,50.98,7.1,0,3,69.8,0
CLIENT-12412,43,22008.14,10072.37,48,16.49,2.2,0,8,56.9,0
CLIENT-12413,25,15222.19,23752.18,36,23.19,3.2,0,8,64.8,0
CLIENT-12414,65,42136.61,37082.59,36,20.8,1.7,1,11,69.6,0
CLIENT-12415,19,94918.98,14142.83,12,40.39,6.0,0,1,74.3,0
CLIENT-12416,23,32238.26,5842.8,36,58.03,9.3,0,5,98.3,0
CLIENT-12417,45,21393.92,2332.21,24,38.11,1.7,0,5,55.5,0
CLIENT-12418,46,40624.06,13005.26,36,13.2,1.4,0,3,90.3,0
CLIENT-12419,43,51713.33,15916.33,36,40.99,5.7,0,2,56.5,0
CLIENT-12420,42,33063.4,8896.89,48,53.86,1.1,1,1,70.0,0
CLIENT-12421,29,84298.66,14690.85,36,17.27,5.1,1,4,83.8,0
CLIENT-12422,22,22305.37,18056.15,36,14.0,0.5,0,11,76.6,0
CLIENT-12423,51,30571.34,26789.08,24,20.33,4.8,2,10,34.7,0
CLIENT-12424,65,43373.01,11384.46,36,51.03,3.6,0,2,86.3,0
CLIENT-12425,54,45971.56,12942.36,12,42.54,0.6,2,5,74.8,0
CLIENT-12426,32,37359.29,11789.68,48,39.73,5.2,0,11,61.7,0
CLIENT-12427,61,16864.2,13677.62,60,23.72,3.0,0,10,68.0,0
CLIENT-12428,53,147680.56,9327.95,24,28.27,1.2,3,2,76.4,0
CLIENT-12429,32,31521.28,9296.79,12,63.12,2.2,0,1,78.8,1
CLIENT-12430,60,38799.42,9715.56,36,23.23,3.4,1,10,78.2,0
CLIENT-12431,65,52578.19,14904.02,48,59.59,0.5,0,10,59.3,0
CLIENT-12432,40,24787.55,7382.59,36,41.93,15.8,1,10,69.8,0
CLIENT-12433,23,37577.32,9743.0,12,16.78,5.5,0,10,57.4,0
CLIENT-12434,63,24189.79,47382.72,60,35.7,0.5,0,9,81.5,0
CLIENT-12435,67,46598.82,25021.22,48,62.17,8.7,0,2,66.3,0
CLIENT-12436,61,30772.8,6836.58,24,33.02,1.9,0,10,76.5,0
CLIENT-12437,60,42669.14,24471.66,60,57.49,4.5,2,4,62.3,1
CLIENT-12438,62,19381.56,20726.63,36,24.1,1.6,0,3,71.3,0
CLIENT-12439,38,22084.92,12422.4,36,41.4,6.6,2,1,67.1,0
CLIENT-12440,40,16009.15,8138.97,36,56.41,6.4,0,8,51.8,0
CLIENT-12441,60,23710.71,7517.13,48,60.64,4.0,2,2,86.4,0
CLIENT-12442,33,7753.39,15625.95,36,36.72,1.4,0,11,80.0,0
CLIENT-12443,64,30204.31,7388.18,12,45.18,1.5,0,8,51.0,0
CLIENT-12444,32,26356.12,28797.82,60,10.16,2.4,0,1,57.7,0
CLIENT-12445,42,39757.21,35121.35,24,23.93,0.8,3,6,61.1,1
CLIENT-12446,53,37300.6,12965.37,48,25.33,2.1,0,4,89.8,0
CLIENT-12447,28,77207.19,29647.9,36,15.14,5.8,0,3,83.0,0
CLIENT-12448,68,172230.01,10015.77,24,25.38,8.9,0,1,73.2,0
CLIENT-12449,32,71863.47,8102.71,24,27.66,2.0,0,10,46.3,0
CLIENT-12450,21,27670.87,28859.45,48,63.28,1.3,1,11,76.8,1
CLIENT-12451,38,27010.08,40372.61,36,46.77,8.9,0,1,72.5,0
CLIENT-12452,30,61156.89,52797.05,36,33.43,11.1,0,11,64.8,0
CLIENT-12453,39,13226.71,16862.69,36,64.34,2.6,2,7,89.8,1
CLIENT-12454,36,30057.82,24427.8,48,18.43,0.1,0,6,67.0,0
CLIENT-12455,51,31480.02,16604.55,36,36.18,5.9,1,3,87.7,0
CLIENT-12456,31,51558.84,35680.69,24,45.59,7.7,0,2,64.5,0
CLIENT-12457,21,52486.95,18093.33,36,13.06,0.1,3,10,57.2,1
CLIENT-12458,65,23231.48,23471.89,48,49.43,4.5,0,3,51.3,0
CLIENT-12459,69,28321.5,6034.25,36,15.49,4.4,0,8,68.8,0
CLIENT-12460,63,47432.48,11363.78,24,17.72,2.4,0,11,70.7,0
CLIENT-12461,44,22485.99,23612.83,60,18.78,6.9,0,7,55.7,0
CLIENT-12462,46,74882.17,22176.33,48,61.09,2.8,0,7,56.4,1
CLIENT-12463,64,52339.42,25065.11,12,47.58,5.6,0,5,87.6,0
CLIENT-12464,45,40251.63,14537.09,60,46.05,3.6,0,10,81.1,0
CLIENT-12465,52,45915.79,8464.06,36,40.55,1.4,0,3,97.5,0
CLIENT-12466,25,27442.98,12819.69,24,26.1,4.7,3,1,45.7,1
CLIENT-12467,33,24939.92,13806.9,24,44.15,6.7,0,1,95.6,0
CLIENT-12468,59,28146.17,15822.98,36,32.56,18.2,0,6,58.2,0
CLIENT-12469,53,49019.82,6785.17,48,18.0,2.4,0,4,50.3,1
CLIENT-12470,47,40970.56,11091.05,24,47.93,0.3,0,7,73.8,1
CLIENT-12471,35,28180.1,12555.73,24,17.13,22.1,0,10,42.1,0
CLIENT-12472,19,56939.75,2780.66,36,20.49,4.9,3,10,86.2,0
CLIENT-12473,66,32716.41,23926.77,36,54.97,14.6,1,10,72.6,0
CLIENT-12474,30,23956.95,14985.09,24,46.31,0.5,0,1,59.4,0
CLIENT-12475,21,42302.65,16086.3,24,44.7,2.1,0,6,85.0,0
CLIENT-12476,43,19775.17,9312.87,36,33.0,0.7,0,7,68.0,0
CLIENT-12477,42,13195.96,20138.23,48,31.8,9.0,0,1,70.5,0
CLIENT-12478,47,36204.45,7462.55,36,47.96,10.6,0,2,79.4,0
CLIENT-12479,28,24478.53,8330.09,36,50.7,3.5,1,9,60.5,0
CLIENT-12480,24,31179.23,20740.24,36,38.06,1.0,0,9,54.2,0
CLIENT-12481,48,20332.18,17154.46,36,63.31,0.7,2,6,68.0,0
CLIENT-12482,61,75008.69,5462.6,60,62.56,4.4,0,11,49.7,0
CLIENT-12483,27,24418.7,40302.13,48,32.68,3.5,0,4,63.5,0
CLIENT-12484,56,28023.55,7856.15,24,55.13,5.9,2,7,55.0,1
CLIENT-12485,30,45557.47,12175.54,36,39.88,1.8,0,5,65.3,0
CLIENT-12486,48,15899.32,45376.57,36,38.15,2.6,0,3,56.5,0
CLIENT-12487,24,15209.42,3159.45,36,13.02,0.1,0,4,64.9,0
CLIENT-12488,66,45641.46,4046.54,36,41.57,4.7,0,2,85.4,0
CLIENT-12489,59,27806.68,18203.22,48,59.53,2.8,0,6,58.9,0
CLIENT-12490,59,21143.82,2356.72,48,52.91,12.6,0,3,75.8,1
CLIENT-12491,53,52157.53,3195.68,36,53.25,5.1,0,7,42.9,0
CLIENT-12492,37,22311.27,30412.55,48,18.8,2.5,1,4,65.1,0
CLIENT-12493,21,30800.7,10034.54,48,29.71,1.5,0,8,57.6,0
CLIENT-12494,24,21211.99,62147.3,48,22.83,11.8,0,11,70.9,0
CLIENT-12495,18,43567.31,6474.72,60,27.38,0.1,0,1,61.7,0
CLIENT-12496,61,80760.7,10689.99,24,41.87,2.0,0,9,83.0,0
CLIENT-12497,62,11889.09,19505.3,24,30.06,14.4,0,3,64.7,0
CLIENT-12498,59,38855.1,18584.25,48,40.84,5.3,0,3,86.9,0
CLIENT-12499,64,60715.43,11176.52,48,34.12,3.8,0,5,38.6,0
CLIENT-12500,30,28201.02,8485.19,60,25.76,1.1,0,10,70.6,0
CLIENT-12501,39,18423.36,15708.44,12,15.25,9.0,1,1,72.0,0
CLIENT-12502,38,46750.4,35025.1,36,59.05,1.1,1,3,56.0,0
CLIENT-12503,39,66236.84,22787.47,24,10.63,1.4,0,4,70.0,0
CLIENT-12504,45,61964.28,8580.71,36,10.09,1.1,0,2,77.2,0
CLIENT-12505,26,45231.35,6672.56,24,55.47,0.9,0,6,86.3,0
CLIENT-12506,43,38512.89,8225.94,24,64.82,15.3,0,10,65.7,0
CLIENT-12507,26,21175.34,5477.37,12,49.99,4.6,0,4,63.4,0
CLIENT-12508,32,61031.6,14811.91,36,10.84,5.1,2,1,61.0,0
CLIENT-12509,27,59040.21,23615.31,36,22.47,15.4,0,3,70.7,0
CLIENT-12510,41,18345.97,12708.95,24,63.45,1.3,2,7,56.0,1
CLIENT-12511,59,45192.56,44526.36,36,54.47,0.0,0,3,81.3,0
CLIENT-12512,25,53728.26,46295.04,24,41.17,4.6,0,6,45.7,0
CLIENT-12513,41,61652.45,16571.09,60,23.03,3.5,0,11,69.0,0
CLIENT-12514,33,34717.75,21836.9,36,10.79,3.2,0,6,49.3,0
CLIENT-12515,66,21708.51,7113.0,36,11.15,0.3,0,1,69.3,1
CLIENT-12516,43,26869.05,10377.92,48,43.66,3.0,0,2,82.1,0
CLIENT-12517,44,19843.86,32551.84,36,11.2,1.7,0,10,72.8,0
CLIENT-12518,54,35219.8,8906.26,48,64.65,1.6,1,11,61.0,0
CLIENT-12519,21,31315.51,37841.66,36,20.09,1.3,1,11,80.7,0
CLIENT-12520,67,131534.16,29108.77,60,49.09,2.0,0,6,29.0,0
CLIENT-12521,41,62118.94,22609.76,24,18.53,2.2,0,2,69.0,0
CLIENT-12522,36,64973.11,5878.83,60,39.71,1.8,2,2,57.5,1
CLIENT-12523,53,48185.41,10738.7,48,14.43,19.3,1,4,77.4,0
CLIENT-12524,56,29132.49,20972.06,36,52.17,13.5,0,8,32.0,0
CLIENT-12525,27,30784.48,6700.76,36,42.17,4.3,1,6,63.0,1
CLIENT-12526,42,32522.21,11695.34,36,14.74,19.8,0,8,60.4,0
CLIENT-12527,35,40657.56,22617.78,12,56.67,23.7,0,4,83.6,0
CLIENT-12528,36,45867.03,8975.73,24,40.09,2.2,0,11,58.1,0
CLIENT-12529,53,36330.95,7387.04,60,60.69,2.9,0,3,66.7,0
CLIENT-12530,27,30504.85,3787.49,36,60.41,16.0,1,7,71.1,0
CLIENT-12531,50,25426.08,10191.98,36,60.63,4.7,0,7,69.6,1
CLIENT-12532,67,15747.09,22953.53,48,14.28,1.2,0,2,69.3,1
CLIENT-12533,22,78435.15,7251.53,36,16.65,5.8,1,1,70.9,0
CLIENT-12534,64,136396.01,13527.91,12,64.32,1.2,1,11,70.0,0
CLIENT-12535,66,74578.09,11419.22,48,36.82,2.1,0,8,100.0,0
CLIENT-12536,52,17061.17,8377.99,48,23.1,1.3,0,3,43.1,0
CLIENT-12537,61,58233.14,24014.04,24,52.33,1.4,0,6,58.1,0
CLIENT-12538,51,67121.91,42175.32,60,24.54,0.0,0,7,69.3,0
CLIENT-12539,50,28507.92,26985.0,24,50.0,10.6,0,8,86.7,0
CLIENT-12540,38,48696.2,8207.84,36,56.05,1.8,0,6,84.3,1
CLIENT-12541,34,27617.87,53887.62,24,53.13,0.5,0,7,85.6,0
CLIENT-12542,39,90885.65,26929.62,36,25.07,0.5,1,5,69.5,0
CLIENT-12543,65,45216.74,9699.7,36,32.09,4.1,1,3,88.6,0
CLIENT-12544,54,20946.08,7764.14,36,32.73,24.8,0,2,61.0,0
CLIENT-12545,32,54278.57,29281.98,48,37.02,0.8,0,7,83.7,0
CLIENT-12546,52,68546.55,15087.75,12,19.21,0.5,1,8,72.8,0
CLIENT-12547,45,40899.74,7364.78,48,34.89,2.9,0,8,73.1,0
CLIENT-12548,24,48419.84,12044.02,36,38.09,4.1,0,3,50.2,0
CLIENT-12549,49,34826.99,10046.33,60,39.24,1.7,0,2,43.4,0
CLIENT-12550,28,18387.6,7503.75,36,55.09,1.8,0,9,65.6,0
CLIENT-12551,27,33155.36,27179.28,12,38.45,2.8,0,6,68.6,0
CLIENT-12552,26,49703.16,23091.2,12,22.69,1.9,0,10,53.2,0
CLIENT-12553,31,33630.34,24028.09,48,46.47,12.3,0,3,83.9,0
CLIENT-12554,30,58715.51,23795.92,48,53.85,0.2,3,5,57.6,1
CLIENT-12555,42,28701.11,7035.87,36,27.57,1.3,2,1,78.6,0
CLIENT-12556,19,29853.15,8755.34,36,45.49,8.3,2,2,65.6,1
CLIENT-12557,52,59794.68,37088.43,36,18.08,9.0,1,9,81.7,0
CLIENT-12558,24,41486.01,14409.0,60,28.81,0.6,0,10,52.0,1
CLIENT-12559,38,28366.58,4772.71,60,60.01,18.2,0,11,45.9,0
CLIENT-12560,35,67527.03,15550.7,60,60.12,5.9,0,10,78.1,0
CLIENT-12561,20,24022.8,21127.99,48,41.64,1.6,0,3,82.8,0
CLIENT-12562,59,23478.27,19280.1,60,48.63,3.0,0,8,74.7,0
CLIENT-12563,56,6649.72,6929.14,24,56.97,1.8,0,10,56.7,1
CLIENT-12564,58,26045.98,50046.36,48,62.72,0.8,3,8,80.1,1
CLIENT-12565,66,79636.68,4673.13,48,36.94,1.7,0,5,78.5,0
CLIENT-12566,28,10473.72,14438.12,60,40.89,4.3,0,8,52.9,0
CLIENT-12567,56,20513.69,45052.65,36,32.86,8.7,0,2,76.7,0
CLIENT-12568,41,47261.02,20214.59,12,13.96,2.3,0,2,72.1,0
CLIENT-12569,63,9443.48,23989.07,36,33.25,2.1,2,4,71.6,0
CLIENT-12570,36,26731.04,6391.89,36,53.48,3.2,0,8,49.3,1
CLIENT-12571,21,72006.95,17033.42,24,54.27,5.2,0,2,82.3,0
CLIENT-12572,43,123724.86,13021.77,36,59.08,7.0,2,4,61.9,0
CLIENT-12573,55,43223.86,6057.0,36,12.83,2.0,0,8,60.3,0
CLIENT-12574,59,20829.38,24478.49,36,38.99,4.4,0,3,76.8,0
CLIENT-12575,49,20412.91,7527.81,36,15.91,2.5,0,8,66.7,0
CLIENT-12576,56,39614.27,8179.23,24,21.04,6.3,0,2,48.5,0
CLIENT-12577,62,42983.77,18084.41,60,59.51,0.9,0,1,92.9,0
CLIENT-12578,63,110719.72,12085.1,48,37.32,1.5,1,6,73.4,0
CLIENT-12579,53,65022.13,15040.5,12,51.72,2.8,2,8,69.7,0
CLIENT-12580,57,38195.15,11577.86,48,13.54,11.0,0,9,69.5,0
CLIENT-12581,54,29699.21,35923.34,48,32.93,4.3,0,10,70.2,0
CLIENT-12582,50,221643.83,6991.7,12,47.08,16.8,1,8,71.4,0
CLIENT-12583,53,52889.33,9649.23,36,17.34,0.5,0,2,87.1,0
CLIENT-12584,20,24312.57,18710.12,36,27.92,3.1,3,1,93.7,1
CLIENT-12585,26,31736.61,6690.59,36,13.55,2.7,0,7,65.7,0
CLIENT-12586,25,21451.01,6486.27,48,45.82,4.6,0,7,80.1,0
CLIENT-12587,50,8580.7,14712.03,36,63.4,8.4,0,3,79.4,1
CLIENT-12588,23,43808.83,24517.62,24,55.49,9.2,0,6,80.3,0
CLIENT-12589,58,105817.64,26863.25,60,63.6,5.5,0,7,89.1,0
CLIENT-12590,56,13652.33,14245.81,24,56.51,5.1,1,9,82.8,1
CLIENT-12591,21,37539.82,8345.75,48,57.04,14.9,0,1,76.3,0
CLIENT-12592,30,23762.34,16203.2,24,41.74,2.4,1,3,60.5,0
CLIENT-12593,66,49657.34,19856.7,36,38.5,8.9,0,5,74.5,0
CLIENT-12594,19,32748.16,16047.41,36,32.34,12.7,0,3,54.3,1
CLIENT-12595,22,16058.08,31695.15,24,55.0,3.4,1,8,76.9,0
CLIENT-12596,61,20157.62,6568.8,36,20.01,6.5,3,10,74.8,1
CLIENT-12597,44,22066.58,8201.86,24,13.09,2.4,1,6,48.5,0
CLIENT-12598,49,81356.09,28760.1,36,62.13,0.9,1,2,63.0,0
CLIENT-12599,38,78901.5,4764.21,36,10.21,4.4,0,1,58.9,0
CLIENT-12600,25,30127.43,9158.43,12,63.73,1.1,1,10,80.5,1
CLIENT-12601,55,75862.83,8005.8,48,50.09,3.1,0,5,65.6,0
CLIENT-12602,25,32731.39,4469.61,24,28.07,10.3,0,11,48.7,0
CLIENT-12603,67,29851.86,11719.34,24,48.38,0.4,0,9,76.7,0
CLIENT-12604,20,37581.63,22525.55,36,54.98,0.2,1,10,73.1,1
CLIENT-12605,61,43083.49,14904.67,36,23.49,4.7,0,9,71.9,0
CLIENT-12606,20,26022.92,23382.02,36,52.4,2.0,0,1,53.5,0
CLIENT-12607,39,36795.08,30772.27,24,54.24,2.7,0,3,78.8,0
CLIENT-12608,23,58243.83,10199.13,48,23.71,2.6,0,6,68.3,0
CLIENT-12609,19,39250.67,85203.02,36,12.31,0.5,1,5,67.4,0
CLIENT-12610,40,37259.78,10490.33,24,21.23,0.0,0,4,51.1,1
CLIENT-12611,61,48849.93,11512.96,36,21.04,11.4,0,2,51.7,0
CLIENT-12612,19,54177.64,8140.98,48,13.59,1.2,0,4,100.0,0
CLIENT-12613,55,34976.46,19570.38,36,49.93,2.8,0,5,52.7,0
CLIENT-12614,34,27323.2,10901.41,24,30.9,17.9,0,2,38.4,0
CLIENT-12615,52,40681.23,12641.94,36,58.64,8.8,0,10,64.2,0
CLIENT-12616,51,13955.4,11572.08,24,23.87,0.6,0,1,67.1,0
CLIENT-12617,40,32010.1,11389.72,36,34.93,3.6,0,7,56.2,1
CLIENT-12618,47,8242.54,14925.11,48,45.15,6.5,1,7,57.7,1
CLIENT-12619,69,13286.78,9748.25,36,58.26,6.0,3,8,68.2,1
CLIENT-12620,25,12140.33,10073.8,36,38.85,7.2,0,10,75.5,0
CLIENT-12621,39,68078.11,28310.73,60,30.54,3.1,0,6,49.0,0
CLIENT-12622,61,36621.44,10878.4,36,57.69,1.0,1,1,64.1,0
CLIENT-12623,53,17030.66,17474.3,36,27.06,3.1,0,8,70.0,0
CLIENT-12624,22,48758.73,7167.81,24,14.37,5.2,0,2,66.4,0
CLIENT-12625,30,65722.24,9786.09,36,34.48,4.7,0,3,59.7,0
CLIENT-12626,46,49271.02,5637.57,36,53.18,0.4,2,8,54.6,0
CLIENT-12627,48,32427.88,48927.92,36,11.69,0.3,0,4,95.9,0
CLIENT-12628,64,41751.55,34990.15,60,42.22,16.8,0,5,34.9,0
CLIENT-12629,33,62373.63,20268.46,48,42.7,0.8,0,9,85.4,0
CLIENT-12630,59,27404.23,60220.73,48,61.07,1.7,0,11,52.9,1
CLIENT-12631,47,36972.15,22907.06,36,25.76,7.3,0,7,73.6,0
CLIENT-12632,33,31122.43,11844.48,36,25.34,2.6,0,10,71.2,0
CLIENT-12633,29,13793.47,17339.87,24,34.23,1.0,1,7,54.4,0
CLIENT-12634,34,62940.24,34632.59,36,29.63,3.1,0,1,67.1,0
CLIENT-12635,33,124786.94,7214.0,48,50.5,4.2,0,1,64.0,0
CLIENT-12636,29,21498.17,5878.33,36,45.3,3.0,0,8,70.4,0
CLIENT-12637,25,64705.93,17752.03,48,51.74,12.6,0,10,89.2,0
CLIENT-12638,37,21912.31,8859.14,24,55.1,1.7,2,1,91.3,0
CLIENT-12639,20,39327.24,2746.46,36,60.76,5.4,0,10,58.5,0
CLIENT-12640,33,89752.16,5596.78,36,33.7,0.6,0,2,75.2,0
CLIENT-12641,47,26575.28,10742.93,36,64.16,2.5,0,4,85.3,0
CLIENT-12642,62,35996.9,13818.07,48,21.86,6.8,0,9,63.5,0
CLIENT-12643,40,12321.47,14109.14,60,49.29,1.3,2,7,79.0,1
CLIENT-12644,45,24379.0,54373.79,24,39.37,4.5,0,7,100.0,1
CLIENT-12645,68,11570.76,11552.56,24,54.93,0.8,0,10,52.9,1
CLIENT-12646,57,46981.39,16231.16,24,36.22,0.5,0,7,77.2,0
CLIENT-12647,22,59813.25,4280.72,36,53.12,3.7,1,5,54.9,0
CLIENT-12648,37,31793.56,13071.7,36,61.16,5.6,0,1,60.6,0
CLIENT-12649,57,43110.94,16880.92,48,50.28,0.6,0,5,62.9,0
CLIENT-12650,61,29868.56,5101.65,36,52.69,12.5,0,8,76.6,0
CLIENT-12651,18,56631.87,6947.98,36,13.69,1.3,2,7,100.0,0
CLIENT-12652,47,39248.84,18815.16,48,21.27,0.6,0,7,61.0,0
CLIENT-12653,38,11032.51,9114.04,36,63.59,1.1,0,2,85.1,1
CLIENT-12654,37,63830.63,12434.38,36,48.13,0.9,0,1,56.5,1
CLIENT-12655,23,28746.59,19507.3,12,40.88,0.5,0,4,63.4,1
CLIENT-12656,39,16945.75,55592.89,36,30.18,8.0,0,8,89.7,0
CLIENT-12657,35,27907.19,11438.62,36,12.44,3.4,0,1,84.4,0
CLIENT-12658,25,11599.97,46094.03,36,30.3,2.5,0,2,63.8,0
CLIENT-12659,56,17155.37,3390.93,60,37.44,15.0,0,7,60.9,1
CLIENT-12660,49,39567.75,14821.79,60,21.63,2.3,0,5,77.0,0
CLIENT-12661,50,41607.14,10573.83,48,19.52,0.9,0,6,60.2,0
CLIENT-12662,33,43645.84,9202.94,36,37.96,1.6,0,8,62.8,0
CLIENT-12663,29,36385.51,21176.5,48,42.22,1.4,1,9,64.0,0
CLIENT-12664,55,23963.35,11496.13,36,23.2,3.5,0,8,67.3,0
CLIENT-12665,69,35148.05,3237.42,24,42.31,1.7,0,1,61.3,0
CLIENT-12666,51,27936.11,4394.64,36,59.52,3.6,1,11,45.5,0
CLIENT-12667,31,13691.51,22146.15,12,36.02,5.5,0,4,93.3,0
CLIENT-12668,53,22846.45,4246.88,36,57.16,7.5,0,5,82.3,0
CLIENT-12669,50,61927.82,22565.44,36,61.0,6.2,0,9,68.7,1
CLIENT-12670,40,94181.26,14579.06,60,15.08,1.2,0,6,58.9,0
CLIENT-12671,67,53678.35,11858.51,36,15.27,0.6,0,6,88.0,0
CLIENT-12672,62,91694.59,12619.12,60,36.18,3.9,0,3,77.0,0
CLIENT-12673,19,38224.55,19155.22,24,42.35,1.1,0,2,60.3,0
CLIENT-12674,58,103303.41,5859.15,24,33.42,0.4,1,2,77.6,0
CLIENT-12675,38,124578.72,13761.14,36,27.95,3.7,0,7,71.2,0
CLIENT-12676,19,12834.84,6017.02,36,45.25,2.0,0,5,72.0,1
CLIENT-12677,44,41477.07,14981.2,12,10.11,7.1,3,10,82.9,0
CLIENT-12678,26,38248.44,21005.38,24,63.24,1.9,0,1,77.5,0
CLIENT-12679,18,28156.62,15005.35,36,22.76,19.2,1,5,82.8,0
CLIENT-12680,28,48783.59,20455.8,36,60.44,7.1,0,11,97.5,1
CLIENT-12681,20,37222.74,8184.44,48,16.0,0.3,0,1,78.8,0
CLIENT-12682,69,23358.84,12790.7,36,23.09,3.6,2,9,100.0,1
CLIENT-12683,40,35740.4,11309.71,24,22.92,4.1,0,8,87.9,0
CLIENT-12684,43,74813.73,10803.14,48,64.79,5.9,0,4,66.3,0
CLIENT-12685,21,40518.86,7627.77,24,10.25,3.4,0,11,47.3,0
CLIENT-12686,35,52900.75,9874.63,48,45.18,3.3,0,1,88.1,0
CLIENT-12687,23,30753.78,6130.96,48,57.83,2.3,0,11,50.6,0
CLIENT-12688,52,47630.97,4080.98,60,46.98,1.6,0,8,72.3,0
CLIENT-12689,39,17579.19,8180.42,36,29.95,14.6,0,5,80.8,0
CLIENT-12690,60,26907.7,20705.85,36,62.71,1.9,0,1,53.9,1
CLIENT-12691,32,34145.94,15738.2,36,59.14,0.3,0,2,60.6,0
CLIENT-12692,39,16885.3,5543.48,36,33.87,0.9,0,5,54.0,0
CLIENT-12693,54,22067.69,10054.67,36,41.53,9.7,0,9,100.0,0
CLIENT-12694,69,43820.94,21692.57,36,63.21,4.4,0,10,81.0,0
CLIENT-12695,59,39257.55,9760.08,48,64.04,7.5,0,8,59.1,0
CLIENT-12696,29,58913.13,4952.08,12,34.74,8.3,1,11,46.9,0
CLIENT-12697,64,25328.7,64882.94,48,56.6,8.7,0,10,56.9,1
CLIENT-12698,66,37592.56,11886.15,48,26.61,4.0,0,8,60.6,0
CLIENT-12699,59,24267.17,5916.47,36,30.45,1.0,0,9,61.7,0
CLIENT-12700,55,55474.41,15061.31,36,19.07,0.8,0,2,81.9,0
CLIENT-12701,35,74194.68,12582.69,36,21.51,4.3,0,7,48.8,0
CLIENT-12702,62,48532.79,4541.29,60,46.13,2.3,0,10,86.3,0
CLIENT-12703,52,68645.89,14262.06,24,38.09,4.1,0,5,42.9,1
CLIENT-12704,47,37030.6,26598.63,36,22.71,3.5,0,3,68.9,0
CLIENT-12705,41,58885.86,11349.88,36,32.16,4.6,3,10,59.6,1
CLIENT-12706,59,37996.55,3158.53,60,30.53,0.2,0,8,84.9,0
CLIENT-12707,47,19634.49,16972.42,48,64.3,0.2,0,2,91.6,0
CLIENT-12708,31,42109.68,20374.31,36,56.95,6.4,1,4,82.1,0
CLIENT-12709,23,19986.69,8861.86,24,31.34,1.1,0,5,76.6,0
CLIENT-12710,20,147779.62,8907.57,36,60.27,5.3,0,5,66.0,0
CLIENT-12711,33,29719.16,64893.28,24,28.84,4.0,0,4,90.1,0
CLIENT-12712,24,53477.84,8427.45,48,46.73,20.0,0,3,55.0,1
CLIENT-12713,69,36046.03,6091.71,48,63.17,9.0,1,3,76.7,1
CLIENT-12714,31,17323.72,13596.67,48,31.47,2.7,0,5,86.3,0
CLIENT-12715,26,11624.69,19978.05,36,47.39,4.8,1,10,83.7,0
CLIENT-12716,32,56920.36,19393.7,36,26.28,0.6,0,6,77.9,0
CLIENT-12717,38,92005.58,2374.05,24,24.65,2.4,1,1,77.5,0
CLIENT-12718,52,23367.88,8412.62,36,41.58,6.6,0,11,83.4,0
CLIENT-12719,19,13439.92,29942.13,24,63.86,4.9,1,4,68.0,1
CLIENT-12720,44,29878.74,16792.42,48,34.92,3.3,0,10,91.4,0
CLIENT-12721,19,20696.7,5624.83,24,61.57,1.0,0,10,100.0,0
CLIENT-12722,52,24583.0,31878.48,48,60.29,8.1,0,6,42.3,1
CLIENT-12723,35,52377.07,26250.19,36,23.96,1.6,0,2,64.1,0
CLIENT-12724,31,35232.43,10854.98,36,32.1,8.6,0,10,53.3,0
CLIENT-12725,37,22077.08,24726.41,24,45.38,4.7,0,5,60.2,1
CLIENT-12726,35,51694.18,54167.1,36,38.49,2.3,0,11,71.9,0
CLIENT-12727,27,54183.05,6386.45,36,15.28,0.2,0,9,77.1,0
CLIENT-12728,42,29666.26,19708.64,48,64.65,1.3,0,3,67.5,0
CLIENT-12729,19,39448.45,53645.95,24,51.4,11.0,0,3,79.5,0
CLIENT-12730,42,49627.54,21101.95,48,34.07,8.5,0,9,59.0,0
CLIENT-12731,50,46894.79,7878.81,48,44.0,4.3,0,3,63.9,0
CLIENT-12732,53,37211.33,15791.69,24,14.82,3.1,0,4,79.7,0
CLIENT-12733,48,85780.9,34853.83,48,37.24,5.2,0,9,65.0,0
CLIENT-12734,31,51513.98,6561.43,36,61.2,3.1,2,4,50.7,0
CLIENT-12735,18,27711.22,13081.21,48,59.31,5.2,0,5,100.0,0
CLIENT-12736,63,27811.32,11266.2,24,28.56,1.8,0,2,84.1,0
CLIENT-12737,33,25981.71,8587.06,24,39.23,9.1,0,8,72.4,0
CLIENT-12738,63,53064.98,15820.92,24,48.36,6.1,0,9,83.4,0
CLIENT-12739,69,24993.01,12450.27,36,28.7,2.0,0,10,76.3,0
CLIENT-12740,20,28143.19,20959.45,48,13.57,8.9,0,4,46.2,0
CLIENT-12741,52,68515.37,29693.36,48,37.8,3.3,0,3,72.3,0
CLIENT-12742,58,40740.55,5480.87,60,43.09,1.0,0,4,59.1,0
CLIENT-12743,23,74542.12,14006.43,12,10.32,0.4,0,7,71.7,0
CLIENT-12744,42,58620.28,12872.03,12,15.26,6.0,0,1,76.1,0
CLIENT-12745,30,17925.81,15404.12,36,21.4,10.0,0,11,84.3,0
CLIENT-12746,51,34156.91,13215.83,24,29.14,8.2,2,11,55.2,1
CLIENT-12747,25,65773.31,6724.66,36,39.76,5.3,3,2,55.8,1
CLIENT-12748,38,17443.01,36987.11,36,26.16,0.8,1,10,62.9,0
CLIENT-12749,51,46715.28,49837.99,24,25.19,0.5,1,5,92.0,0
CLIENT-12750,21,35470.55,19590.95,36,57.81,2.1,0,9,64.5,0
CLIENT-12751,42,12671.7,20305.99,36,17.98,9.7,0,6,78.0,0
CLIENT-12752,32,39018.67,14643.24,36,37.25,16.3,0,3,69.2,0
CLIENT-12753,21,21971.89,26329.42,48,62.41,1.4,0,3,64.1,0
CLIENT-12754,62,18023.09,2415.83,24,44.38,7.2,1,7,72.0,0
CLIENT-12755,29,36515.22,13323.66,60,49.45,4.3,0,3,81.9,0
CLIENT-12756,49,11401.36,8947.78,36,33.72,0.2,0,10,80.1,0
CLIENT-12757,49,24231.91,14795.42,60,11.1,3.9,0,3,51.9,0
CLIENT-12758,45,167829.62,28705.36,24,45.54,8.2,0,10,75.0,0
CLIENT-12759,30,53644.46,13538.92,36,44.76,1.6,0,7,94.5,0
CLIENT-12760,48,21399.98,10380.2,36,16.07,11.4,0,9,74.6,0
CLIENT-12761,31,84330.56,5002.59,48,35.42,1.3,3,9,87.0,0
CLIENT-12762,37,20025.74,12375.9,36,60.34,0.4,0,3,96.1,0
CLIENT-12763,35,26050.26,21388.19,36,21.28,0.9,0,8,72.5,0
CLIENT-12764,46,18227.54,7414.84,60,35.36,9.1,0,1,69.1,0
CLIENT-12765,23,42346.79,3286.77,36,35.36,2.7,0,8,76.4,0
CLIENT-12766,49,82551.51,65641.81,24,54.59,8.0,0,11,89.3,0
CLIENT-12767,46,19942.26,16892.46,36,55.35,3.8,0,2,67.6,0
CLIENT-12768,60,10548.45,11440.31,36,51.76,3.3,0,4,52.8,0
CLIENT-12769,19,69883.16,35372.73,36,30.1,8.2,0,7,75.4,0
CLIENT-12770,40,92252.1,14750.55,36,13.96,2.8,0,6,83.9,0
CLIENT-12771,36,10970.35,33942.47,60,29.22,8.1,0,9,76.0,0
CLIENT-12772,48,47859.87,31966.79,48,47.39,0.5,1,8,76.6,0
CLIENT-12773,68,41601.99,5474.39,24,48.65,5.1,0,2,69.4,0
CLIENT-12774,22,22640.93,18434.81,24,63.08,6.1,0,4,66.5,0
CLIENT-12775,36,15730.97,44698.71,60,34.95,11.5,1,1,89.1,0
CLIENT-12776,51,65844.44,6640.51,48,44.78,1.3,0,7,43.2,0
CLIENT-12777,27,40434.65,6697.82,60,39.66,4.6,0,4,71.4,0
CLIENT-12778,42,42304.8,7539.86,36,18.28,2.8,0,8,55.3,0
CLIENT-12779,19,25007.68,24916.69,48,35.37,2.4,1,2,69.5,0
CLIENT-12780,28,22445.7,16302.44,48,39.97,0.6,1,8,74.0,0
CLIENT-12781,67,8324.98,3445.97,24,62.29,0.7,0,2,77.6,0
CLIENT-12782,48,31671.84,16960.84,36,30.16,9.1,0,11,72.1,0
CLIENT-12783,32,86102.68,11199.89,36,63.91,6.9,0,8,90.9,0
CLIENT-12784,26,21286.9,12349.95,36,39.83,2.4,2,1,71.6,0
CLIENT-12785,40,14567.54,7435.98,48,23.34,8.8,0,2,54.1,0
CLIENT-12786,36,47164.59,17047.87,48,20.54,0.4,1,5,85.5,1
CLIENT-12787,26,52682.99,27870.41,48,17.79,4.9,0,1,75.0,0
CLIENT-12788,52,25551.63,8523.85,48,34.91,10.1,0,5,55.6,0
CLIENT-12789,38,29458.6,4114.53,36,11.21,9.1,0,5,81.0,0
CLIENT-12790,26,42546.03,10805.6,36,34.48,2.3,0,7,61.6,0
CLIENT-12791,45,33079.54,22683.67,48,64.36,6.8,0,2,84.0,0
CLIENT-12792,63,66176.3,9949.51,36,46.86,2.8,0,2,51.1,0
CLIENT-12793,68,156740.3,4683.1,24,51.79,9.2,0,6,68.1,0
CLIENT-12794,24,13023.39,22794.4,36,16.55,3.8,0,11,76.5,0
CLIENT-12795,33,75951.71,35980.91,24,36.02,7.2,1,10,54.0,0
CLIENT-12796,33,38683.01,13548.23,36,25.74,0.4,0,3,77.8,0
CLIENT-12797,50,83526.61,4341.38,36,59.18,4.5,0,8,85.5,0
CLIENT-12798,21,56084.38,10694.86,24,19.97,4.0,0,3,66.9,0
CLIENT-12799,21,37672.81,14854.78,60,35.23,4.7,0,10,75.9,0
CLIENT-12800,56,57297.59,7579.49,48,42.34,5.9,0,4,58.1,0
CLIENT-12801,57,28667.13,20097.7,48,38.27,12.5,0,7,100.0,0
CLIENT-12802,34,22820.61,7078.22,36,55.66,7.7,0,1,70.1,0
CLIENT-12803,54,59072.33,13601.55,48,22.73,1.2,0,1,75.0,0
CLIENT-12804,56,21881.63,11386.4,48,30.76,8.7,0,9,66.0,0
CLIENT-12805,69,53392.39,20559.91,36,53.56,0.7,0,6,60.1,0
CLIENT-12806,46,36991.69,13226.95,60,39.04,4.9,2,5,84.5,0
CLIENT-12807,69,8976.23,11642.95,24,32.12,10.7,0,2,33.9,0
CLIENT-12808,53,25728.91,7615.91,60,11.62,0.5,0,2,42.6,0
CLIENT-12809,55,44395.92,13688.87,36,51.44,9.5,1,7,74.8,0
CLIENT-12810,56,28464.12,11135.07,36,63.47,8.0,2,6,64.5,1
CLIENT-12811,67,7879.04,7263.59,24,44.12,3.5,0,8,82.7,0
CLIENT-12812,54,80213.74,14937.7,36,57.11,1.8,0,3,62.2,0
CLIENT-12813,69,40200.11,17236.42,36,38.43,2.6,0,3,44.9,1
CLIENT-12814,52,47393.65,10541.92,60,22.74,17.3,0,5,69.0,0
CLIENT-12815,24,27338.04,25644.86,60,10.79,1.1,0,10,66.0,1
CLIENT-12816,44,49955.8,16071.17,60,45.94,4.3,2,4,53.8,0
CLIENT-12817,45,109195.17,5438.74,36,37.12,0.4,0,8,81.8,0
CLIENT-12818,39,23364.11,34070.11,60,53.02,1.2,0,6,75.4,0
CLIENT-12819,31,98736.27,22854.23,36,48.21,7.2,1,8,55.2,0
CLIENT-12820,24,46126.29,26937.69,48,64.34,1.8,0,7,47.0,1
CLIENT-12821,54,21554.51,17682.88,24,38.07,21.3,0,2,75.3,0
CLIENT-12822,39,136958.66,2600.84,36,33.49,3.5,1,9,55.7,0
CLIENT-12823,22,45935.07,28705.18,60,25.77,3.6,2,11,55.6,1
CLIENT-12824,19,54496.25,13940.47,60,36.23,0.2,0,6,68.4,0
CLIENT-12825,44,30896.21,17107.18,36,58.01,15.7,0,11,70.7,0
CLIENT-12826,38,22521.01,19501.93,48,12.33,1.0,0,11,77.5,0
CLIENT-12827,55,40162.46,51812.88,24,63.78,3.9,0,6,85.9,0
CLIENT-12828,32,93796.07,9114.7,48,64.63,2.5,0,2,63.0,0
CLIENT-12829,38,30157.96,9280.94,36,42.88,2.7,0,9,78.8,0
CLIENT-12830,27,35737.26,7363.39,12,28.23,5.2,1,1,67.4,1
CLIENT-12831,40,87011.63,6317.26,24,22.27,5.4,1,6,87.7,0
CLIENT-12832,56,30327.31,6399.2,24,25.21,0.8,1,8,57.3,0
CLIENT-12833,22,49323.99,3654.68,48,12.76,3.5,0,2,77.9,0
CLIENT-12834,18,61476.5,18009.58,24,36.13,7.8,0,3,57.6,0
CLIENT-12835,30,32271.23,53715.91,36,13.15,2.9,1,10,56.4,0
CLIENT-12836,38,43734.94,56167.97,36,49.52,0.9,0,10,63.2,1
CLIENT-12837,43,53995.81,7356.52,36,30.46,1.9,1,7,38.5,1
CLIENT-12838,67,28551.1,11042.34,48,20.97,1.2,3,11,84.8,0
CLIENT-12839,62,59246.33,31676.79,36,39.97,0.7,1,1,56.9,1
CLIENT-12840,38,26155.33,18081.47,36,63.56,2.4,0,5,63.1,0
CLIENT-12841,35,24220.33,14678.82,36,48.23,3.9,0,11,55.5,0
CLIENT-12842,54,14527.16,11162.17,36,37.05,0.4,0,6,84.2,0
CLIENT-12843,62,26847.36,30479.54,48,52.73,4.6,0,10,74.0,0
CLIENT-12844,49,22263.38,6303.53,36,50.56,24.8,0,7,78.3,0
CLIENT-12845,53,28551.81,18706.24,24,59.05,16.6,1,10,72.5,0
CLIENT-12846,34,52427.97,17008.25,48,21.26,8.8,0,10,72.5,0
CLIENT-12847,52,12895.01,13771.55,36,57.24,1.5,1,7,75.0,1
CLIENT-12848,66,11105.52,23188.48,48,26.56,0.1,0,3,84.2,1
CLIENT-12849,28,23168.58,13678.99,36,61.75,9.0,0,7,52.8,0
CLIENT-12850,38,47893.65,9189.63,48,25.46,0.3,1,1,61.4,0
CLIENT-12851,69,43188.04,14253.5,12,60.98,1.2,0,11,54.2,0
CLIENT-12852,43,22947.46,4383.17,36,63.01,3.9,0,4,79.0,0
CLIENT-12853,21,73250.84,20514.77,36,18.0,1.0,0,7,76.6,0
CLIENT-12854,51,24463.9,24532.66,48,63.6,9.0,1,7,80.8,0
CLIENT-12855,69,47928.83,8436.9,60,14.71,7.5,1,4,31.7,1
CLIENT-12856,65,29211.81,7142.67,36,22.02,7.0,2,1,63.5,0
CLIENT-12857,35,21563.0,8657.44,48,34.43,8.5,1,8,34.3,1
CLIENT-12858,57,25259.56,12783.16,36,64.65,1.2,0,4,99.3,0
CLIENT-12859,52,56409.92,15539.18,60,36.87,6.5,0,2,71.9,0
CLIENT-12860,58,45098.99,41392.06,48,40.27,2.2,0,4,57.7,0
CLIENT-12861,46,64916.79,37887.01,12,48.19,5.5,0,8,68.2,0
CLIENT-12862,69,45097.93,23910.66,48,63.26,0.7,0,8,69.7,0
CLIENT-12863,46,13812.07,14543.25,36,53.08,6.1,1,5,99.7,0
CLIENT-12864,55,129139.55,6982.44,12,22.33,17.9,0,2,67.1,0
CLIENT-12865,59,45483.34,43292.99,24,26.66,0.2,0,7,72.8,0
CLIENT-12866,38,49454.23,11233.44,60,15.37,0.5,0,3,61.1,0
CLIENT-12867,59,28966.56,16268.11,60,45.44,0.7,0,6,100.0,0
CLIENT-12868,30,70820.73,20726.05,48,19.94,2.8,0,9,93.6,0
CLIENT-12869,66,18847.5,13948.36,60,24.16,1.7,0,5,40.7,0
CLIENT-12870,58,52359.96,29904.62,48,58.85,8.2,0,9,82.8,0
CLIENT-12871,34,10427.69,18375.52,12,27.97,3.2,0,4,76.7,0
CLIENT-12872,26,54520.12,26690.07,24,41.17,3.3,2,9,58.4,1
CLIENT-12873,58,19001.43,18272.31,12,31.87,6.3,0,1,55.1,0
CLIENT-12874,18,42881.54,13009.96,12,14.07,2.2,0,4,39.5,1
CLIENT-12875,19,81994.24,14071.83,24,29.96,2.2,0,11,79.6,0
CLIENT-12876,65,59493.98,12790.16,36,32.44,7.1,0,1,49.6,0
CLIENT-12877,46,75707.23,5437.09,48,59.26,7.6,0,9,74.6,0
CLIENT-12878,50,71147.4,6630.44,48,27.84,0.1,0,8,53.7,0
CLIENT-12879,27,26514.06,22435.13,36,30.86,0.8,0,8,52.1,1
CLIENT-12880,67,51999.95,5532.75,60,53.06,1.2,1,7,70.8,1
CLIENT-12881,57,12900.87,10067.26,36,51.74,2.2,0,9,88.8,0
CLIENT-12882,38,24048.75,6405.6,48,53.91,1.7,0,11,58.5,0
CLIENT-12883,45,83750.12,9697.24,36,62.46,5.5,0,11,69.1,0
CLIENT-12884,28,28824.41,11983.81,24,53.76,8.8,0,3,71.5,0
CLIENT-12885,51,11839.53,10053.1,60,32.42,1.1,0,7,68.8,0
CLIENT-12886,25,121566.82,4915.48,36,55.18,4.1,1,6,74.6,0
CLIENT-12887,39,50886.36,11732.62,36,37.98,2.3,0,5,70.2,0
CLIENT-12888,25,57450.96,6827.9,36,25.27,3.5,3,9,43.9,1
CLIENT-12889,66,20165.29,8556.19,36,26.66,4.8,0,4,89.6,0
CLIENT-12890,32,43063.62,22434.7,60,22.31,11.2,0,3,75.9,0
CLIENT-12891,34,42384.8,26076.12,12,17.97,1.1,2,11,66.8,0
CLIENT-12892,40,22183.61,5336.47,48,20.15,0.5,0,3,55.0,0
CLIENT-12893,41,32797.52,40057.3,12,13.47,4.9,0,2,64.5,0
CLIENT-12894,62,14760.64,9348.2,36,58.86,2.5,0,1,83.1,0
CLIENT-12895,36,29494.95,8771.76,24,61.21,0.9,0,3,50.0,1
CLIENT-12896,22,65140.89,7156.97,48,42.27,0.6,0,8,57.4,0
CLIENT-12897,49,23199.62,13892.97,12,56.23,4.1,1,6,68.7,0
CLIENT-12898,61,114048.46,53481.18,36,20.1,1.8,0,2,45.9,0
CLIENT-12899,18,15341.93,4547.07,24,59.59,29.8,0,8,55.4,0
CLIENT-12900,40,31066.79,3165.86,24,37.85,2.6,3,5,65.9,0
CLIENT-12901,54,24492.98,16122.28,48,13.69,1.2,0,4,33.2,0
CLIENT-12902,25,32594.26,19901.24,24,17.77,5.0,0,1,66.4,1
CLIENT-12903,30,82692.56,13861.5,24,26.99,1.4,3,1,50.3,1
CLIENT-12904,25,20117.12,20273.29,24,12.4,3.4,0,4,87.7,0
CLIENT-12905,40,27701.38,6051.84,36,27.01,3.3,0,9,61.7,0
CLIENT-12906,60,53782.5,6895.27,36,13.3,3.0,1,10,81.1,0
CLIENT-12907,18,38403.17,14570.74,12,22.98,8.0,0,10,75.8,0
CLIENT-12908,62,40340.25,45736.34,24,24.61,1.2,0,6,58.2,0
CLIENT-12909,68,20349.96,19780.99,36,64.69,11.7,0,1,75.3,0
CLIENT-12910,41,34788.77,20435.78,36,22.96,7.8,0,8,95.5,0
CLIENT-12911,52,71606.93,6300.77,48,23.16,2.0,0,9,70.7,0
CLIENT-12912,41,13825.74,17956.07,48,47.77,1.0,0,2,64.7,0
CLIENT-12913,34,23899.54,5840.06,36,57.26,1.6,0,6,75.7,0
CLIENT-12914,22,12218.12,46047.56,36,31.29,2.0,0,7,77.3,0
CLIENT-12915,37,50120.5,6579.08,48,58.16,4.1,0,11,64.5,0
CLIENT-12916,38,75756.71,7650.02,48,28.71,0.2,0,1,26.4,0
CLIENT-12917,57,32531.17,4764.02,36,20.84,12.3,0,11,56.6,0
CLIENT-12918,48,19864.47,14186.86,48,28.13,0.5,0,5,50.4,1
CLIENT-12919,63,20216.45,13775.6,48,43.51,1.6,0,11,69.6,1
CLIENT-12920,53,30386.86,38532.94,36,30.19,0.6,0,11,87.6,0
CLIENT-12921,28,30317.39,23005.54,36,47.01,1.5,0,5,77.3,0
CLIENT-12922,69,62761.62,7680.68,48,23.03,9.1,0,3,62.5,0
CLIENT-12923,32,24310.76,24621.54,24,48.55,4.8,0,2,73.9,0
CLIENT-12924,36,47148.01,5594.5,48,29.11,1.3,0,1,69.7,0
CLIENT-12925,24,30233.87,8080.05,48,35.07,10.3,0,6,77.8,0
CLIENT-12926,68,23228.75,14514.76,48,40.68,8.1,0,7,78.6,0
CLIENT-12927,45,29785.42,6049.19,36,47.74,7.0,3,2,89.5,0
CLIENT-12928,68,44441.23,28148.83,24,23.13,9.4,0,2,67.9,0
CLIENT-12929,60,62878.53,65875.31,12,55.98,4.8,0,5,43.0,0
CLIENT-12930,22,31220.06,10870.79,48,49.7,3.5,0,5,50.1,0
CLIENT-12931,22,17634.93,8466.05,48,22.88,2.3,0,3,70.3,0
CLIENT-12932,47,66159.84,12201.17,36,63.62,1.3,1,3,66.0,1
CLIENT-12933,49,21186.05,9043.84,24,46.56,4.1,3,1,80.8,1
CLIENT-12934,25,42467.48,16045.94,60,34.88,11.0,0,3,85.6,0
CLIENT-12935,27,35778.43,5293.93,60,18.66,4.5,1,9,70.5,0
CLIENT-12936,55,33019.64,16696.5,36,39.33,12.6,0,2,51.3,0
CLIENT-12937,64,27114.24,50937.07,36,19.06,2.2,0,1,78.4,0
CLIENT-12938,49,52685.17,3289.53,48,33.62,5.9,0,9,74.2,0
CLIENT-12939,65,4233.41,5895.51,48,32.48,5.2,0,5,79.5,0
CLIENT-12940,45,71817.42,9783.57,60,49.6,5.5,0,8,59.1,0
CLIENT-12941,34,21004.57,19522.54,24,20.58,5.2,0,11,100.0,0
CLIENT-12942,48,46386.98,24916.05,36,55.2,1.3,0,4,43.8,1
CLIENT-12943,25,44936.94,23551.72,36,27.94,0.8,0,8,71.4,0
CLIENT-12944,57,78040.75,4087.99,48,34.42,19.2,0,5,80.7,0
CLIENT-12945,42,40890.35,8332.83,48,52.48,0.2,0,6,82.4,1
CLIENT-12946,26,22082.36,7113.7,60,44.4,3.2,0,6,70.1,0
CLIENT-12947,19,13865.33,12763.7,36,26.94,2.8,0,6,79.3,0
CLIENT-12948,32,29457.92,13531.78,48,31.24,2.2,0,2,83.6,0
CLIENT-12949,67,11215.98,5123.23,36,26.82,7.6,0,10,71.6,0
CLIENT-12950,20,24907.11,9821.33,36,42.71,6.8,0,10,73.4,0
CLIENT-12951,66,30467.68,20057.59,24,28.29,11.8,0,9,79.6,0
CLIENT-12952,53,24005.79,8605.6,48,49.91,2.5,0,7,70.3,0
CLIENT-12953,21,37237.22,11612.49,60,41.89,4.2,0,3,90.0,0
CLIENT-12954,31,31518.74,43819.0,24,18.01,11.1,0,2,85.0,0
CLIENT-12955,58,29833.53,53799.56,12,27.06,25.5,0,4,65.4,0
CLIENT-12956,58,8480.37,2942.6,48,22.18,17.4,0,8,59.2,0
CLIENT-12957,42,16700.22,14468.49,36,31.47,6.3,1,9,81.6,1
CLIENT-12958,67,53401.5,102942.2,60,38.38,0.8,0,10,71.3,1
CLIENT-12959,27,58838.62,18679.7,24,37.87,0.1,0,2,61.1,0
CLIENT-12960,38,12048.96,13533.77,12,51.5,8.7,1,6,62.8,0
CLIENT-12961,53,22273.86,33485.97,36,20.4,9.2,1,8,79.7,1
CLIENT-12962,29,69090.96,15563.21,12,62.06,6.9,0,3,63.0,0
CLIENT-12963,44,23604.12,21947.23,24,28.86,1.6,0,11,91.7,0
CLIENT-12964,57,33965.67,11530.91,24,26.51,5.1,0,9,55.0,0
CLIENT-12965,19,86256.72,15405.15,24,47.68,1.9,0,4,62.5,0
CLIENT-12966,30,29233.0,18009.26,24,54.3,3.0,0,5,56.0,1
CLIENT-12967,49,26827.11,24486.84,60,30.82,2.4,0,7,51.7,0
CLIENT-12968,48,33050.04,9875.34,24,51.08,12.2,0,11,58.1,0
CLIENT-12969,33,110419.99,9689.23,36,58.61,1.3,0,11,62.4,0
CLIENT-12970,49,47463.73,3466.02,48,52.17,4.3,0,5,63.7,1
CLIENT-12971,49,36733.67,10188.29,36,11.88,2.2,0,4,37.5,0
CLIENT-12972,51,26512.83,26033.12,36,55.51,5.4,0,4,52.1,0
CLIENT-12973,28,50175.9,18476.54,48,52.6,4.2,0,5,72.7,1
CLIENT-12974,27,53950.37,6649.35,48,46.81,12.9,0,3,59.5,0
CLIENT-12975,32,19074.22,3523.8,48,51.8,0.5,1,9,85.6,0
CLIENT-12976,34,54829.13,12092.07,36,63.87,1.2,0,2,66.4,0
CLIENT-12977,57,33166.93,25505.38,48,33.71,7.3,0,7,78.9,1
CLIENT-12978,35,36859.89,9554.53,36,13.7,2.3,0,4,64.4,0
CLIENT-12979,26,21363.23,4858.84,24,35.35,0.9,0,8,83.7,0
CLIENT-12980,42,28567.09,8842.68,48,12.55,3.5,0,7,35.0,1
CLIENT-12981,57,19573.16,16786.18,36,26.18,5.3,0,8,71.6,0
CLIENT-12982,31,19016.63,31879.11,60,42.28,0.2,0,4,93.0,0
CLIENT-12983,42,45535.8,11162.48,12,27.03,1.7,0,11,48.1,0
CLIENT-12984,67,29346.54,27957.05,36,47.7,8.3,0,2,81.3,0
CLIENT-12985,39,16650.86,25869.75,60,55.21,3.7,0,7,75.9,0
CLIENT-12986,69,134085.32,5862.52,24,33.12,0.2,1,9,48.6,0
CLIENT-12987,47,18494.1,32064.21,60,59.51,1.7,0,6,75.2,0
CLIENT-12988,37,69930.82,16425.31,60,14.39,5.1,0,7,75.1,0
CLIENT-12989,38,14974.77,5740.62,48,56.21,1.1,0,6,68.6,1
CLIENT-12990,61,47757.98,45824.86,36,55.57,8.8,1,2,87.1,0
CLIENT-12991,49,31246.54,12235.5,36,27.71,5.6,0,9,85.0,0
CLIENT-12992,68,24898.58,3427.51,48,26.43,3.2,0,5,82.2,0
CLIENT-12993,63,40865.66,8148.7,48,26.78,12.4,0,3,91.0,0
CLIENT-12994,66,37697.76,6858.76,36,54.63,2.5,0,4,57.8,0
CLIENT-12995,38,22303.99,8289.81,60,55.74,1.3,0,4,62.2,0
CLIENT-12996,52,21706.28,9782.69,36,28.13,5.4,2,9,60.1,0
CLIENT-12997,49,14124.29,11157.06,60,42.59,4.3,0,11,62.3,0
CLIENT-12998,47,43622.95,10867.13,12,17.64,2.0,3,5,62.6,0
CLIENT-12999,56,17115.11,12478.47,24,35.78,2.1,0,2,68.0,0
CLIENT-13000,66,36402.22,20154.35,36,64.93,2.5,1,6,64.2,0
CLIENT-13001,29,51817.69,7922.76,36,18.74,1.7,0,7,53.7,0
CLIENT-13002,58,41143.98,30537.18,48,62.12,6.2,0,8,81.9,0
CLIENT-13003,64,23532.11,5666.75,24,55.33,5.3,0,5,56.9,0
CLIENT-13004,35,62648.03,20549.32,60,63.47,2.9,0,8,93.6,0
CLIENT-13005,38,28430.48,42204.83,36,19.88,2.5,0,8,82.1,0
CLIENT-13006,30,16309.51,11799.95,36,21.74,2.3,0,4,52.3,0
CLIENT-13007,38,30630.87,15297.21,24,10.93,1.7,0,7,69.7,0
CLIENT-13008,25,51641.37,6784.66,36,49.86,0.4,0,9,48.8,0
CLIENT-13009,63,24230.11,9337.12,12,45.43,1.6,0,10,89.1,0
CLIENT-13010,57,61507.2,40029.62,24,19.79,1.9,1,4,70.1,0
CLIENT-13011,63,22875.1,22560.09,48,53.51,4.0,0,9,69.5,0
CLIENT-13012,24,24821.66,17907.61,24,26.46,7.4,0,4,73.3,0
CLIENT-13013,40,19386.89,3440.66,24,17.42,2.5,0,1,67.4,0
CLIENT-13014,61,54733.2,8090.69,48,33.24,14.5,1,4,60.1,1
CLIENT-13015,49,35173.72,45129.63,12,15.0,8.8,0,2,68.6,0
CLIENT-13016,28,20173.86,17811.19,36,24.48,20.9,0,6,88.8,0
CLIENT-13017,39,28631.82,19436.67,12,30.42,10.4,0,8,61.7,0
CLIENT-13018,39,5752.04,15053.84,36,56.85,4.8,0,6,90.9,0
CLIENT-13019,60,57918.0,8698.51,36,53.59,4.6,0,9,62.9,0
CLIENT-13020,42,32779.28,16861.35,12,34.35,0.7,0,6,72.7,0
CLIENT-13021,39,8572.01,4577.23,48,49.85,6.4,0,11,99.4,0
CLIENT-13022,45,15153.57,4342.4,60,41.28,4.6,0,7,78.5,0
CLIENT-13023,46,28199.05,7984.9,24,28.75,3.5,1,5,75.3,0
CLIENT-13024,30,16506.3,15283.28,60,49.92,5.9,0,8,79.8,0
CLIENT-13025,35,58454.83,4452.53,24,47.59,2.9,0,2,85.0,0
CLIENT-13026,19,46683.39,14602.24,12,44.05,3.7,0,2,57.4,0
CLIENT-13027,46,45058.71,6659.56,12,43.99,2.5,0,11,77.5,0
CLIENT-13028,38,7611.32,7318.22,36,47.56,6.3,0,8,73.9,0
CLIENT-13029,32,26495.36,33180.31,36,31.15,10.5,0,6,37.5,0
CLIENT-13030,69,23895.13,13713.09,36,57.8,9.2,0,2,73.7,0
CLIENT-13031,44,20487.44,7096.35,48,18.93,7.7,0,6,55.1,0
CLIENT-13032,67,28307.86,15226.36,48,58.61,0.1,0,11,71.7,1
CLIENT-13033,48,18476.54,4775.56,36,28.83,12.1,0,8,84.8,0
CLIENT-13034,32,41321.26,17459.36,48,16.88,1.6,0,6,56.0,0
CLIENT-13035,68,57522.46,29002.08,60,43.0,10.9,0,9,68.2,0
CLIENT-13036,40,54624.09,21230.84,12,30.68,1.1,1,6,63.6,0
CLIENT-13037,41,33431.48,60500.08,36,54.85,2.9,0,3,87.1,0
CLIENT-13038,61,120516.72,3439.65,36,33.69,6.9,0,9,61.8,0
CLIENT-13039,30,71968.59,14601.48,36,46.77,5.1,1,10,73.3,0
CLIENT-13040,39,34168.69,5216.33,36,26.95,2.7,1,5,79.5,0
CLIENT-13041,60,27190.87,11834.15,36,21.52,5.7,0,6,81.4,0
CLIENT-13042,54,81049.58,13374.17,36,31.34,4.0,0,4,55.5,0
CLIENT-13043,50,66472.82,65899.88,36,43.37,1.6,1,3,66.2,0
CLIENT-13044,20,15580.01,12812.24,36,46.13,5.2,0,10,94.0,0
CLIENT-13045,36,69667.75,12646.03,24,41.8,1.1,0,5,69.8,0
CLIENT-13046,40,33102.89,27000.52,36,64.34,5.9,0,3,85.5,0
CLIENT-13047,46,21664.99,12874.77,36,48.01,0.0,0,2,100.0,0
CLIENT-13048,47,11075.34,48136.83,36,61.23,4.0,0,6,69.0,0
CLIENT-13049,56,30904.29,21349.4,60,16.49,2.6,2,8,82.5,1
CLIENT-13050,61,36050.05,23859.84,36,13.38,1.8,1,3,84.3,0
CLIENT-13051,64,94126.66,3614.49,12,27.1,3.6,1,6,49.6,0
CLIENT-13052,42,64494.83,53618.48,36,17.51,5.2,0,11,76.0,0
CLIENT-13053,54,25597.96,8437.82,48,38.92,16.8,0,9,92.5,0
CLIENT-13054,64,45871.78,13269.04,48,38.54,9.0,0,1,46.3,0
CLIENT-13055,25,59620.2,8460.02,36,41.63,6.3,0,3,68.3,0
CLIENT-13056,59,38237.59,6522.57,24,50.99,3.3,0,2,71.7,0
CLIENT-13057,33,25532.5,5758.79,36,63.42,2.5,2,8,68.5,1
CLIENT-13058,25,26388.84,14360.97,36,58.3,0.2,0,9,67.0,0
CLIENT-13059,18,45765.41,3364.63,60,16.51,2.2,0,10,53.3,0
CLIENT-13060,61,46527.01,11271.56,36,28.62,9.4,2,6,75.8,0
CLIENT-13061,22,30461.75,28013.39,36,24.07,2.4,0,3,58.8,0
CLIENT-13062,20,7544.01,20792.75,36,19.72,3.1,0,10,59.2,0
CLIENT-13063,18,16742.18,18082.59,36,39.96,1.6,1,8,41.7,1
CLIENT-13064,21,52670.63,7138.31,48,40.43,1.6,0,10,48.6,1
CLIENT-13065,57,10112.19,4401.64,36,22.5,0.3,1,7,92.2,0
CLIENT-13066,52,73902.99,27701.89,60,49.15,4.8,0,2,71.2,0
CLIENT-13067,49,67622.39,9756.88,36,50.31,3.0,1,11,81.1,0
CLIENT-13068,59,37222.1,12604.95,12,11.15,4.7,0,7,56.7,1
CLIENT-13069,51,51987.5,11633.96,36,31.77,4.0,0,1,40.8,0
CLIENT-13070,60,49874.48,21389.92,12,58.96,8.0,0,8,60.1,1
CLIENT-13071,42,33856.16,48548.63,24,38.62,7.0,0,5,41.3,1
CLIENT-13072,27,15925.34,37185.04,36,29.12,7.4,0,9,59.5,0
CLIENT-13073,38,64884.48,2610.86,48,23.95,3.5,2,11,87.3,0
CLIENT-13074,63,84485.74,10764.65,36,23.38,2.2,0,3,68.5,0
CLIENT-13075,56,17585.78,5204.5,12,15.49,13.5,2,7,91.7,0
CLIENT-13076,44,15572.27,25768.3,36,54.95,0.3,0,8,78.6,0
CLIENT-13077,44,33453.84,13397.03,36,14.77,0.8,0,1,86.0,0
CLIENT-13078,19,24940.92,20420.74,60,26.08,2.7,0,6,66.3,0
CLIENT-13079,58,39615.25,10138.68,36,12.51,4.8,3,11,49.1,0
CLIENT-13080,65,74966.48,6453.9,48,52.98,0.0,0,2,54.8,0
CLIENT-13081,30,9438.93,7275.03,24,12.16,6.4,0,8,88.4,0
CLIENT-13082,26,93785.28,4568.28,48,26.96,4.1,0,6,72.7,0
CLIENT-13083,69,28452.72,5516.26,48,41.53,3.3,0,11,49.4,0
CLIENT-13084,53,49368.48,4759.96,60,32.53,2.8,2,11,79.7,1
CLIENT-13085,39,52640.21,6470.5,12,25.52,3.7,0,3,46.6,0
CLIENT-13086,59,56455.31,6219.25,36,25.14,0.9,2,4,76.9,0
CLIENT-13087,43,37689.8,17603.71,36,53.88,0.6,0,7,66.1,0
CLIENT-13088,29,43361.9,17126.86,12,63.57,1.7,1,9,80.3,0
CLIENT-13089,34,43192.11,17590.3,36,29.14,6.2,0,11,66.0,0
CLIENT-13090,31,24880.27,30409.09,60,12.15,4.4,0,10,80.9,0
CLIENT-13091,31,12646.89,12646.85,36,12.01,3.3,0,2,47.0,0
CLIENT-13092,51,17474.33,7734.37,60,51.76,4.2,0,9,75.0,0
CLIENT-13093,37,34113.8,62817.09,12,40.38,4.1,0,6,63.3,0
CLIENT-13094,28,22650.02,25183.7,48,53.1,1.8,0,2,75.6,0
CLIENT-13095,33,22681.44,14862.91,36,48.36,0.5,0,8,65.4,0
CLIENT-13096,68,106889.47,14157.67,36,59.91,11.4,0,4,56.6,0
CLIENT-13097,48,60799.5,16362.66,60,58.72,4.6,0,11,68.4,0
CLIENT-13098,23,31218.13,11597.32,24,53.36,6.0,0,8,88.6,0
CLIENT-13099,36,54351.15,14614.32,48,36.14,3.1,0,11,60.9,0
CLIENT-13100,54,28221.48,18950.12,36,26.95,7.1,3,7,73.0,1
CLIENT-13101,21,38810.03,8033.89,24,37.89,4.4,0,7,59.9,0
CLIENT-13102,64,47333.67,4256.14,60,37.61,0.3,0,11,40.5,0
CLIENT-13103,21,28266.61,3124.56,36,43.57,11.0,0,7,71.1,0
CLIENT-13104,37,24073.08,24872.78,48,20.24,1.8,0,2,100.0,0
CLIENT-13105,27,75686.8,4411.43,36,46.06,0.7,0,8,49.9,0
CLIENT-13106,41,52494.72,18503.97,48,35.11,0.5,0,2,84.4,0
CLIENT-13107,52,9388.43,5954.79,36,44.11,6.4,0,3,34.4,0
CLIENT-13108,43,24321.56,6022.32,24,23.18,6.1,0,10,69.2,0
CLIENT-13109,54,22725.35,8080.92,36,33.89,6.0,1,7,49.1,0
CLIENT-13110,55,25017.16,15304.35,24,21.56,12.4,0,7,76.5,0
CLIENT-13111,38,60927.59,5420.73,36,58.14,2.1,2,7,61.7,0
CLIENT-13112,57,36736.41,8674.54,24,36.84,4.1,2,4,61.2,0
CLIENT-13113,56,15775.64,13121.36,12,22.37,4.8,0,5,53.0,0
CLIENT-13114,38,28855.94,5726.25,24,12.27,19.4,0,7,37.8,0
CLIENT-13115,27,50263.91,36306.93,36,47.17,1.9,0,8,65.6,0
CLIENT-13116,55,31831.54,4000.7,36,21.81,15.7,0,3,59.3,0
CLIENT-13117,63,24666.33,11467.61,36,64.43,0.8,0,6,63.7,1
CLIENT-13118,21,44299.63,32558.0,24,39.35,7.2,0,9,64.9,0
CLIENT-13119,62,95886.02,5286.3,36,25.89,5.0,0,10,57.4,0
CLIENT-13120,37,47899.24,12372.88,48,46.17,8.5,0,11,71.8,0
CLIENT-13121,34,79266.03,14661.8,36,25.14,0.1,1,5,66.7,1
CLIENT-13122,24,25679.07,7595.12,48,55.12,0.4,2,4,82.4,1
CLIENT-13123,21,36133.75,12654.42,36,26.95,0.4,0,9,100.0,0
CLIENT-13124,46,35698.67,19791.57,48,64.35,4.5,0,4,73.4,0
CLIENT-13125,31,38995.73,9633.5,24,43.28,4.6,0,3,86.6,0
CLIENT-13126,20,47302.18,22811.74,12,56.44,11.8,1,7,71.9,0
CLIENT-13127,41,20923.3,17586.94,48,14.0,3.2,2,5,77.0,0
CLIENT-13128,54,53551.53,8883.67,48,29.16,0.4,0,1,65.1,0
CLIENT-13129,33,13674.23,29413.77,24,50.56,1.2,0,8,68.5,0
CLIENT-13130,69,16293.9,7953.31,36,46.03,0.0,0,11,58.1,0
CLIENT-13131,21,130793.58,24321.73,36,20.68,7.5,0,1,91.3,0
CLIENT-13132,41,26740.31,8053.72,36,29.59,8.5,0,9,84.5,0
CLIENT-13133,51,56258.45,10708.02,48,24.49,30.9,0,1,73.8,0
CLIENT-13134,47,100606.71,11922.1,24,43.74,2.7,2,4,54.6,0
CLIENT-13135,35,9057.3,16932.81,36,28.95,0.1,0,10,67.4,0
CLIENT-13136,36,71378.19,2466.58,12,27.0,1.3,1,4,84.5,0
CLIENT-13137,48,53603.31,18409.29,36,21.41,4.4,0,11,100.0,0
CLIENT-13138,36,97172.05,12434.93,12,32.5,16.3,0,9,71.2,0
CLIENT-13139,66,17873.71,16317.9,48,20.75,0.5,0,1,88.4,0
CLIENT-13140,63,86747.15,18991.41,36,62.94,0.6,2,10,72.6,1
CLIENT-13141,36,23303.33,17600.21,48,18.5,6.0,0,9,89.1,0
CLIENT-13142,39,68382.12,3277.54,12,60.23,5.5,1,4,38.6,0
CLIENT-13143,41,35539.05,6356.88,24,33.57,1.4,1,7,57.1,0
CLIENT-13144,62,57668.21,16864.59,24,30.78,8.4,0,9,74.7,0
CLIENT-13145,29,37396.09,15364.08,36,22.72,0.7,1,11,51.7,0
CLIENT-13146,47,12044.45,7687.2,48,44.97,13.0,1,7,76.4,0
CLIENT-13147,55,5584.07,22389.5,36,47.7,1.1,0,2,70.6,0
CLIENT-13148,48,41189.94,11164.59,24,35.72,0.4,0,6,45.9,0
CLIENT-13149,53,31000.51,24834.98,12,13.06,2.1,1,6,43.1,1
CLIENT-13150,36,46116.8,31163.88,12,60.52,1.0,1,3,75.0,1
CLIENT-13151,65,31216.68,16233.16,48,63.92,3.7,0,4,52.8,1
CLIENT-13152,62,121886.61,19710.11,36,33.71,5.8,1,6,63.1,0
CLIENT-13153,53,41702.75,8726.14,48,43.75,3.4,1,11,79.5,0
CLIENT-13154,47,27773.33,24947.95,36,34.77,5.4,0,6,68.8,0
CLIENT-13155,66,44463.23,15563.55,24,27.7,2.3,0,1,63.7,0
CLIENT-13156,50,28079.5,10869.35,24,14.25,0.1,0,10,47.2,0
CLIENT-13157,35,38397.9,5692.06,48,35.08,18.3,0,8,92.5,0
CLIENT-13158,69,17492.23,9510.87,48,55.01,8.6,0,9,82.1,0
CLIENT-13159,66,36128.92,6144.83,36,10.94,0.4,2,2,60.3,0
CLIENT-13160,45,27263.08,22766.44,12,42.02,3.0,0,4,56.5,0
CLIENT-13161,64,18515.4,31391.77,12,58.44,5.0,1,11,61.6,1
CLIENT-13162,28,118829.09,25371.67,24,21.97,1.1,0,6,55.3,0
CLIENT-13163,62,18953.78,76131.26,12,20.08,4.3,1,2,65.5,1
CLIENT-13164,50,36467.57,9679.01,24,52.48,3.8,1,11,86.7,0
CLIENT-13165,34,22433.6,20284.26,36,24.03,1.2,1,7,85.2,1
CLIENT-13166,23,43400.39,5843.3,24,20.56,0.8,1,6,85.1,0
CLIENT-13167,21,16905.07,11636.76,24,30.79,7.1,1,8,50.5,0
CLIENT-13168,37,60126.99,4749.79,48,31.59,1.9,0,7,54.5,0
CLIENT-13169,65,123215.94,19885.3,36,58.08,1.4,0,10,84.4,0
CLIENT-13170,64,21944.6,10416.6,60,44.01,6.7,0,1,76.8,0
CLIENT-13171,44,75371.26,3170.97,36,32.33,6.7,0,10,63.5,0
CLIENT-13172,32,28879.07,8270.8,36,39.39,1.6,0,10,80.7,0
CLIENT-13173,23,89632.63,46872.2,24,62.47,10.3,0,5,77.6,0
CLIENT-13174,64,135009.36,17806.18,36,16.23,5.8,1,6,47.0,0
CLIENT-13175,31,31564.14,22887.93,24,21.42,2.1,0,7,36.1,0
CLIENT-13176,28,14586.33,14586.94,12,62.94,2.8,1,4,69.8,0
CLIENT-13177,56,64141.74,11765.29,60,62.65,6.5,0,9,37.6,0
CLIENT-13178,26,41549.9,13506.22,36,19.74,1.2,0,1,86.4,0
CLIENT-13179,43,49073.51,15863.92,60,17.98,3.2,0,3,77.7,0
CLIENT-13180,33,29616.68,6200.24,36,33.16,5.3,0,10,64.5,0
CLIENT-13181,22,21360.62,22791.51,36,12.73,3.9,0,2,51.5,0
CLIENT-13182,69,72853.72,29298.14,36,46.02,4.7,0,2,55.9,0
CLIENT-13183,27,43996.88,11642.15,48,14.26,4.0,0,1,24.6,0
CLIENT-13184,67,15273.37,9263.82,36,13.19,1.1,0,3,90.9,0
CLIENT-13185,20,54837.26,7947.91,60,36.69,2.6,0,10,72.9,1
CLIENT-13186,30,48615.67,45773.09,12,62.68,3.8,0,5,67.3,1
CLIENT-13187,60,29876.3,9734.29,48,33.47,7.6,0,6,97.5,0
CLIENT-13188,66,95979.31,21106.16,36,29.61,5.3,0,8,55.8,0
CLIENT-13189,47,25061.7,11699.47,24,64.89,2.8,1,4,67.0,0
CLIENT-13190,62,32813.92,11265.04,36,39.26,18.3,0,1,59.6,0
CLIENT-13191,23,57594.87,7821.84,36,30.64,0.6,2,9,100.0,0
CLIENT-13192,34,38027.23,6773.62,24,31.22,1.2,2,3,65.7,0
CLIENT-13193,62,15825.0,22425.29,24,20.72,2.1,0,8,72.8,0
CLIENT-13194,68,40549.54,6667.19,36,38.17,1.3,0,4,94.3,0
CLIENT-13195,36,28321.21,18467.42,36,34.14,4.9,0,11,86.3,0
CLIENT-13196,59,60730.28,14234.28,36,24.89,0.2,0,3,45.6,0
CLIENT-13197,52,39764.55,22625.82,24,18.83,1.0,0,3,65.3,0
CLIENT-13198,63,38434.26,8717.02,12,27.12,1.7,2,4,68.9,0
CLIENT-13199,43,19361.64,28455.62,60,37.98,5.7,0,4,72.4,0
CLIENT-13200,68,31633.91,12102.49,60,13.21,10.4,3,7,74.7,0
CLIENT-13201,22,64994.68,81976.37,36,18.46,8.0,1,2,56.4,0
CLIENT-13202,46,22790.02,4315.97,60,62.12,1.0,2,8,92.9,1
CLIENT-13203,54,35613.14,73149.04,36,39.86,4.2,0,11,76.7,0
CLIENT-13204,37,20705.04,12228.74,12,13.49,0.2,0,2,79.8,0
CLIENT-13205,66,17848.85,15614.6,24,48.12,1.9,1,1,90.6,0
CLIENT-13206,38,34512.77,8751.65,60,13.4,8.2,1,8,74.1,0
CLIENT-13207,27,40307.01,4455.0,36,50.64,3.1,0,4,66.9,0
CLIENT-13208,22,120128.56,9229.15,48,51.25,0.8,1,6,64.6,0
CLIENT-13209,53,27631.83,10342.52,48,45.81,2.9,0,1,66.6,0
CLIENT-13210,23,35238.64,15183.45,36,50.27,1.1,0,3,67.6,0
CLIENT-13211,43,17153.47,29284.01,12,14.84,2.5,0,7,41.3,0
CLIENT-13212,21,52435.76,15267.96,24,49.97,3.3,2,7,60.7,1
CLIENT-13213,56,46113.31,15455.18,12,17.52,2.2,0,11,53.6,0
CLIENT-13214,56,88701.92,17484.28,24,28.67,13.8,1,8,39.6,0
CLIENT-13215,67,70754.63,3911.0,36,61.85,4.1,0,2,72.4,0
CLIENT-13216,52,44839.47,4172.34,24,37.66,9.3,0,7,76.7,0
CLIENT-13217,18,27390.65,4684.94,24,63.21,7.2,2,4,57.1,0
CLIENT-13218,41,41060.47,10287.74,36,14.89,5.4,0,6,65.8,0
CLIENT-13219,53,33975.4,3604.0,36,36.27,3.4,0,4,78.5,0
CLIENT-13220,23,64346.54,8243.24,36,13.43,0.0,0,9,65.5,0
CLIENT-13221,58,59619.55,5126.74,36,44.66,4.8,2,1,68.0,0
CLIENT-13222,63,30398.57,18796.03,36,14.33,2.2,0,1,66.3,0
CLIENT-13223,61,15105.34,18148.79,60,19.65,0.6,0,5,79.0,0
CLIENT-13224,48,80824.25,10824.3,24,24.24,2.9,0,5,69.7,0
CLIENT-13225,37,51489.05,3533.44,12,51.18,6.7,0,11,65.1,0
CLIENT-13226,41,29980.61,11316.3,48,19.02,16.3,0,8,62.9,0
CLIENT-13227,42,50298.17,16815.2,36,56.56,2.3,2,7,57.4,0
CLIENT-13228,53,37983.87,23564.78,48,17.25,3.9,0,11,79.0,0
CLIENT-13229,38,80111.18,45587.24,24,11.94,9.5,0,3,78.5,0
CLIENT-13230,47,11408.7,29229.94,48,31.73,2.0,1,8,69.9,0
CLIENT-13231,41,28614.97,14993.07,60,63.87,0.8,0,4,84.1,1
CLIENT-13232,61,94791.28,10941.64,36,16.07,1.7,0,3,70.2,0
CLIENT-13233,59,50915.32,7942.2,24,15.59,11.5,1,2,74.9,0
CLIENT-13234,47,105194.26,34508.58,48,51.31,0.9,0,9,61.5,0
CLIENT-13235,39,17446.87,15012.12,48,27.17,2.0,0,7,88.0,0
CLIENT-13236,45,69100.55,20772.41,48,49.45,3.1,0,5,72.4,0
CLIENT-13237,24,66658.29,8838.27,12,21.0,9.4,0,9,75.8,0
CLIENT-13238,52,13239.54,5604.72,48,35.3,13.9,0,3,71.0,0
CLIENT-13239,45,30415.23,10094.68,24,24.59,2.8,3,6,71.3,0
CLIENT-13240,31,34066.93,10807.01,24,34.83,13.4,0,8,73.9,0
CLIENT-13241,27,13742.75,15279.09,36,52.3,0.9,1,9,39.2,0
CLIENT-13242,33,30799.03,7972.84,24,51.91,0.9,0,4,76.4,0
CLIENT-13243,33,61322.98,13595.29,36,38.37,14.9,2,1,59.3,0
CLIENT-13244,48,28722.79,30466.85,36,61.06,3.6,1,8,66.5,1
CLIENT-13245,59,41993.91,4141.97,24,24.51,1.0,1,10,60.2,0
CLIENT-13246,42,42176.66,3035.61,36,23.22,3.3,0,3,82.5,0
CLIENT-13247,30,36051.87,31956.78,60,43.76,7.6,0,6,58.1,0
CLIENT-13248,23,23786.91,4795.64,24,44.17,8.8,0,4,65.6,0
CLIENT-13249,61,53921.71,10238.9,36,12.56,10.0,1,6,60.3,0
CLIENT-13250,26,14013.55,20454.04,36,43.43,4.2,1,3,58.9,1
CLIENT-13251,62,36503.12,12817.18,36,30.59,10.1,0,7,59.0,0
CLIENT-13252,53,83390.68,12691.64,24,51.11,3.6,2,2,51.4,0
CLIENT-13253,60,27766.24,14054.22,36,54.45,4.7,2,5,61.6,1
CLIENT-13254,37,23473.03,77893.66,12,40.37,7.1,0,3,72.9,1
CLIENT-13255,35,56123.49,46464.2,60,10.09,2.8,0,5,56.3,0
CLIENT-13256,60,40057.01,8220.55,36,45.0,0.4,1,3,71.9,0
CLIENT-13257,38,56798.68,27878.8,36,51.19,2.2,0,9,77.9,0
CLIENT-13258,21,37164.12,19031.59,36,23.69,4.9,1,8,67.9,0
CLIENT-13259,67,8664.8,13178.47,36,35.56,1.1,1,2,52.1,0
CLIENT-13260,50,73714.0,7076.2,36,63.11,0.8,0,8,43.6,0
CLIENT-13261,44,125745.57,18323.83,36,26.4,1.7,0,8,82.1,0
CLIENT-13262,24,78466.31,10783.45,36,22.27,0.2,0,10,93.1,0
CLIENT-13263,23,4344.58,10242.57,24,21.6,6.8,2,3,91.1,0
CLIENT-13264,32,47603.09,7809.14,24,40.73,1.5,0,10,74.5,0
CLIENT-13265,35,27445.36,26899.86,36,62.24,0.7,0,5,74.7,0
CLIENT-13266,49,18948.0,7805.5,48,43.48,6.0,1,2,66.7,1
CLIENT-13267,28,39090.68,7838.86,24,26.68,9.3,0,10,66.5,0
CLIENT-13268,37,33210.84,23030.08,12,45.12,0.1,0,6,59.1,0
CLIENT-13269,41,49276.11,12075.92,24,44.37,1.3,0,2,57.3,1
CLIENT-13270,32,37569.51,12305.57,60,42.83,14.5,0,4,41.9,0
CLIENT-13271,65,18536.79,27529.83,48,18.77,2.4,0,3,80.5,1
CLIENT-13272,24,25694.67,33509.71,36,44.9,14.0,0,1,78.3,0
CLIENT-13273,38,23323.69,3012.45,60,33.66,1.6,3,8,64.3,1
CLIENT-13274,59,12966.31,12208.14,36,11.02,1.2,0,8,88.8,0
CLIENT-13275,43,15946.8,4978.16,60,39.69,1.2,0,1,100.0,1
CLIENT-13276,61,31995.76,10190.84,24,64.41,0.4,0,6,47.7,0
CLIENT-13277,31,85327.53,13296.88,24,29.24,11.3,0,1,78.5,0
CLIENT-13278,54,26335.31,10421.25,36,63.11,19.5,0,9,69.7,0
CLIENT-13279,38,23052.78,6517.9,36,15.29,15.5,0,1,94.2,0
CLIENT-13280,35,17876.24,6290.5,36,50.28,9.6,2,3,62.2,1
CLIENT-13281,22,36987.0,22238.03,36,16.29,9.4,0,9,85.9,0
CLIENT-13282,20,73685.08,39119.13,36,25.05,5.4,0,1,80.3,0
CLIENT-13283,40,120765.95,3157.91,24,41.4,8.7,0,2,87.3,0
CLIENT-13284,43,43098.33,10621.83,12,42.6,1.2,0,4,59.1,0
CLIENT-13285,54,39497.64,22300.73,60,52.64,2.5,0,7,64.2,0
CLIENT-13286,41,26210.52,13058.28,48,43.84,5.1,0,8,77.9,0
CLIENT-13287,66,28971.27,6126.75,60,42.65,10.4,0,1,87.0,0
CLIENT-13288,36,52971.27,9561.95,48,60.18,5.4,0,1,73.3,0
CLIENT-13289,68,30063.73,16506.43,36,34.87,9.1,0,5,41.5,0
CLIENT-13290,42,32946.18,10774.8,36,22.39,3.2,0,8,87.8,0
CLIENT-13291,38,35767.38,12918.48,24,18.9,6.3,0,1,89.4,0
CLIENT-13292,29,25476.28,13181.74,24,32.0,19.6,0,3,61.8,0
CLIENT-13293,58,34717.96,9255.77,24,49.2,0.8,2,6,82.8,0
CLIENT-13294,50,10811.4,23661.35,48,12.34,13.1,1,1,77.4,0
CLIENT-13295,67,50478.44,9563.95,24,17.1,3.7,2,3,56.6,1
CLIENT-13296,21,148904.9,6608.9,60,15.84,5.2,0,1,83.3,0
CLIENT-13297,59,26076.08,63624.1,36,42.19,10.5,0,4,69.4,1
CLIENT-13298,24,45447.01,12651.67,48,23.36,2.6,0,9,49.6,0
CLIENT-13299,39,60533.11,2164.44,24,19.14,2.7,1,5,83.5,0
CLIENT-13300,50,78286.4,32154.94,24,42.6,3.7,0,3,100.0,0
CLIENT-13301,34,30989.61,32082.64,60,51.87,0.1,0,10,35.5,1
CLIENT-13302,41,12308.06,18398.47,24,28.27,3.4,0,7,74.6,0
CLIENT-13303,51,42631.09,20788.28,24,41.8,1.7,0,6,74.0,1
CLIENT-13304,45,39229.22,60586.03,24,15.4,13.2,0,11,52.7,0
CLIENT-13305,60,29513.41,6809.26,24,61.44,0.5,0,9,85.4,0
CLIENT-13306,58,33519.84,14665.72,24,28.53,3.1,0,4,53.6,1
CLIENT-13307,56,39585.11,53039.48,36,64.86,14.7,2,4,71.3,0
CLIENT-13308,39,45118.93,61518.82,36,63.82,11.6,1,9,58.8,1
CLIENT-13309,66,43997.4,10339.59,36,52.84,6.0,0,2,54.6,0
CLIENT-13310,34,31868.99,54562.69,24,11.1,4.5,0,10,75.6,0
CLIENT-13311,51,45732.63,23431.62,48,39.89,1.6,0,2,59.3,1
CLIENT-13312,23,30606.92,38049.76,48,14.78,2.3,0,9,89.2,0
CLIENT-13313,63,53381.27,22899.6,12,59.23,0.5,0,7,70.3,0
CLIENT-13314,23,24922.7,16544.56,36,53.43,7.7,0,5,82.9,1
CLIENT-13315,51,37942.8,62728.49,12,63.48,2.0,0,5,82.0,0
CLIENT-13316,18,13708.3,9227.77,48,43.46,5.5,0,9,87.8,0
CLIENT-13317,27,29087.21,50594.5,48,38.72,2.2,0,10,65.6,0
CLIENT-13318,38,51046.55,56527.48,60,38.54,3.1,0,5,68.2,0
CLIENT-13319,22,19531.02,34687.47,24,31.25,4.0,0,9,56.7,0
CLIENT-13320,19,29969.63,12705.49,36,35.78,8.1,1,8,72.1,1
CLIENT-13321,39,8578.02,15852.85,24,44.95,1.2,0,6,58.0,0
CLIENT-13322,65,15981.0,5473.29,36,61.31,2.5,0,5,87.0,0
CLIENT-13323,19,18696.94,9732.19,36,42.77,0.7,0,5,56.3,0
CLIENT-13324,27,38601.66,20629.93,12,57.14,0.4,0,5,63.5,0
CLIENT-13325,51,44357.87,4921.17,48,57.45,4.6,0,1,78.2,0
CLIENT-13326,33,35114.4,10845.03,36,38.54,1.0,0,11,77.6,0
CLIENT-13327,65,28866.7,52123.96,48,29.11,0.3,0,5,52.8,1
CLIENT-13328,68,28927.24,11991.4,24,45.18,11.4,0,3,61.0,0
CLIENT-13329,56,55805.49,27544.0,60,34.52,3.8,1,6,65.4,0
CLIENT-13330,39,41261.78,19861.76,60,14.48,0.7,0,9,67.5,0
CLIENT-13331,29,29721.7,10771.05,60,30.78,0.3,0,3,73.0,0
CLIENT-13332,41,78903.41,11985.66,48,64.67,0.6,2,1,81.3,0
CLIENT-13333,64,117006.53,15015.01,48,12.67,3.2,0,8,67.9,0
CLIENT-13334,57,17198.11,3178.88,36,48.32,5.5,3,9,71.4,1
CLIENT-13335,55,49687.37,25922.91,24,56.27,5.1,0,10,58.2,1
CLIENT-13336,27,231870.37,12297.29,36,45.68,0.8,0,4,92.5,0
CLIENT-13337,52,42964.24,26564.79,48,41.34,5.0,0,10,76.2,0
CLIENT-13338,68,38920.08,17531.25,60,48.92,2.6,1,5,65.7,0
CLIENT-13339,66,35121.18,11922.81,36,33.61,3.1,0,3,88.4,0
CLIENT-13340,49,48732.86,15341.0,24,15.02,8.1,0,8,75.6,0
CLIENT-13341,24,57121.71,15377.15,36,62.93,2.0,0,3,73.3,0
CLIENT-13342,38,17208.18,37546.41,60,33.78,0.8,2,4,70.1,1
CLIENT-13343,37,35743.0,13958.7,24,46.6,10.3,0,10,85.2,0
CLIENT-13344,43,9304.95,16345.63,36,39.22,1.2,2,7,94.2,0
CLIENT-13345,21,32029.42,5523.0,36,13.01,1.7,0,2,85.0,0
CLIENT-13346,63,21128.68,12926.95,24,62.4,6.1,0,1,70.5,0
CLIENT-13347,69,44511.66,36975.73,12,53.59,5.8,0,4,90.1,0
CLIENT-13348,39,13442.43,18036.9,36,18.2,8.1,0,8,66.1,0
CLIENT-13349,32,26705.09,6268.49,48,63.99,1.0,1,1,56.8,1
CLIENT-13350,57,64856.12,6756.9,12,50.53,2.2,0,10,82.1,0
CLIENT-13351,38,24202.23,7950.21,36,35.98,0.7,2,3,91.6,1
CLIENT-13352,32,11580.04,26896.24,48,43.63,3.9,0,4,70.0,0
CLIENT-13353,39,42383.73,24675.8,60,15.87,1.7,0,4,94.7,0
CLIENT-13354,69,25542.08,1190.37,60,40.82,5.8,0,3,48.2,0
CLIENT-13355,45,32482.89,12619.9,36,14.05,0.0,0,3,68.6,0
CLIENT-13356,31,23437.16,14814.28,60,39.97,0.3,0,7,57.2,0
CLIENT-13357,44,118733.65,6812.4,12,40.4,2.8,0,8,56.9,0
CLIENT-13358,58,14259.18,10164.61,48,58.09,15.9,0,10,69.5,0
CLIENT-13359,57,198808.51,33917.93,36,49.88,11.1,2,4,95.8,0
CLIENT-13360,45,28727.73,17786.42,24,23.73,25.6,2,11,89.8,0
CLIENT-13361,43,40540.95,9417.19,36,58.86,2.7,0,11,90.9,1
CLIENT-13362,66,25722.52,11718.03,24,41.53,0.2,0,8,76.7,0
CLIENT-13363,19,25084.86,11389.97,48,43.35,1.8,0,8,65.7,0
CLIENT-13364,42,22676.9,16274.73,36,19.29,5.6,0,6,75.0,0
CLIENT-13365,20,52091.38,4910.78,36,57.18,0.7,1,1,48.8,1
CLIENT-13366,25,15576.52,8359.65,24,61.2,1.8,0,7,93.2,0
CLIENT-13367,61,45182.5,27578.11,24,52.62,0.3,0,7,43.2,0
CLIENT-13368,50,9791.84,12698.05,60,61.74,3.2,1,5,68.1,0
CLIENT-13369,59,42792.46,7369.2,48,26.63,1.2,0,6,70.0,0
CLIENT-13370,69,60444.78,7585.08,60,57.36,0.5,0,9,82.7,0
CLIENT-13371,52,16903.71,22127.81,24,36.89,2.6,1,3,76.6,1
CLIENT-13372,23,54570.33,9297.83,24,19.02,2.2,0,4,77.6,0
CLIENT-13373,56,37452.59,19103.61,36,46.78,3.9,1,9,34.7,0
CLIENT-13374,69,94755.57,8614.62,36,47.63,6.9,0,10,67.5,0
CLIENT-13375,40,21739.28,6057.33,24,25.78,0.6,0,2,60.5,0
CLIENT-13376,42,196730.79,15852.99,48,11.51,7.8,0,9,72.2,0
CLIENT-13377,67,8651.87,12479.38,36,20.99,0.1,0,5,68.0,0
CLIENT-13378,60,29801.01,21581.4,24,31.99,2.9,0,3,73.3,0
CLIENT-13379,36,13106.43,24807.15,36,19.22,4.4,0,8,52.1,0
CLIENT-13380,22,110263.97,10398.57,36,20.67,15.7,0,9,71.5,0
CLIENT-13381,68,31038.37,17055.94,48,31.53,4.3,0,1,96.2,0
CLIENT-13382,28,32760.83,10176.47,36,62.9,0.9,0,5,100.0,0
CLIENT-13383,29,47379.4,20817.58,36,52.03,3.6,0,9,90.3,0
CLIENT-13384,27,36210.95,15731.04,24,27.59,2.5,0,11,42.6,0
CLIENT-13385,25,25431.48,8632.72,60,62.34,3.3,0,2,65.7,0
CLIENT-13386,41,17085.95,8141.22,60,45.51,1.1,0,1,62.5,0
CLIENT-13387,45,40179.33,16124.06,36,35.05,3.5,0,8,72.3,0
CLIENT-13388,58,45583.46,30137.75,12,35.76,0.8,0,6,89.9,0
CLIENT-13389,53,55117.71,25107.14,36,32.59,6.8,0,2,69.3,0
CLIENT-13390,54,114420.57,6904.26,36,22.81,4.5,0,3,56.2,0
CLIENT-13391,38,9855.04,7431.7,60,31.26,0.4,3,5,87.4,1
CLIENT-13392,25,34869.57,8239.26,60,39.03,11.0,0,1,75.6,0
CLIENT-13393,26,74238.84,8799.11,48,39.04,4.8,0,2,81.6,0
CLIENT-13394,64,33701.13,3745.6,12,51.9,1.9,0,11,85.2,0
CLIENT-13395,32,8929.33,23226.06,60,29.73,0.2,1,1,64.9,0
CLIENT-13396,65,16736.99,9709.71,36,49.42,5.0,2,11,52.3,1
CLIENT-13397,63,44229.26,18461.67,48,41.8,2.3,0,7,73.3,0
CLIENT-13398,57,43274.48,10710.39,36,62.9,11.9,1,7,64.8,0
CLIENT-13399,35,54366.96,13146.67,36,31.19,0.2,0,10,71.1,0
CLIENT-13400,59,22728.95,8269.84,36,59.57,0.2,0,5,91.3,0
CLIENT-13401,37,42443.54,13098.06,24,55.14,14.9,0,10,73.0,0
CLIENT-13402,23,20588.38,7259.95,36,45.07,16.7,0,6,97.6,0
CLIENT-13403,29,42445.44,13166.25,48,46.0,0.1,0,3,74.4,0
CLIENT-13404,19,37493.67,37051.2,12,14.66,6.3,0,11,65.7,0
CLIENT-13405,24,22191.93,19233.78,24,62.26,1.3,0,2,51.1,0
CLIENT-13406,33,92495.03,16378.69,24,15.88,6.0,0,10,73.4,0
CLIENT-13407,20,13050.98,5303.81,36,40.98,10.2,0,9,56.3,0
CLIENT-13408,62,33357.15,19872.25,60,28.15,0.5,0,2,78.0,0
CLIENT-13409,20,21900.32,21271.37,24,33.64,1.4,0,1,68.3,0
CLIENT-13410,44,109154.68,16119.52,24,43.56,0.1,0,9,67.8,0
CLIENT-13411,67,52002.07,15521.75,60,59.99,0.2,0,8,71.3,0
CLIENT-13412,60,24597.84,12111.05,48,35.17,0.2,0,8,73.5,0
CLIENT-13413,57,30704.69,21048.44,12,64.33,8.1,0,7,69.5,0
CLIENT-13414,55,110941.07,35522.0,48,42.6,1.8,0,9,100.0,0
CLIENT-13415,50,20583.29,16837.6,36,18.83,3.4,1,11,58.4,0
CLIENT-13416,45,12598.48,6766.9,48,20.45,7.8,0,3,85.4,0
CLIENT-13417,18,43243.58,7139.14,36,49.39,3.4,0,8,88.8,0
CLIENT-13418,25,43834.84,22211.55,60,12.77,2.8,0,1,53.4,0
CLIENT-13419,54,54155.82,6805.5,12,36.42,0.1,3,1,70.8,1
CLIENT-13420,49,54370.42,15378.7,24,18.15,4.2,0,11,75.3,0
CLIENT-13421,65,105074.34,10489.4,36,33.83,0.7,0,6,72.6,0
CLIENT-13422,60,12953.45,6307.12,36,51.25,7.2,0,8,72.0,0
CLIENT-13423,54,17646.95,23922.83,60,35.23,1.5,0,8,79.4,0
CLIENT-13424,21,54031.47,21910.89,36,18.99,5.6,0,10,38.6,0
CLIENT-13425,47,18706.47,5172.16,12,23.86,5.2,0,1,68.5,0
CLIENT-13426,23,15154.42,18713.69,36,30.21,4.8,0,11,63.7,0
CLIENT-13427,63,111246.83,16893.46,36,13.83,1.6,0,1,59.2,0
CLIENT-13428,36,13739.56,24009.86,60,42.14,1.6,0,9,83.2,0
CLIENT-13429,49,29414.32,15014.13,36,43.41,9.9,1,9,85.5,0
CLIENT-13430,26,35044.7,36271.42,36,13.42,0.1,0,7,87.1,0
CLIENT-13431,29,79656.74,12226.21,48,32.13,1.0,1,1,82.8,0
CLIENT-13432,28,11833.84,11042.8,48,32.77,4.7,0,10,52.0,0
CLIENT-13433,63,46596.7,6752.35,36,28.36,8.5,0,2,72.2,0
CLIENT-13434,33,21285.34,6948.22,24,40.68,2.2,0,8,86.6,0
CLIENT-13435,18,52921.59,6521.51,48,29.03,5.3,0,8,32.2,0
CLIENT-13436,62,21076.53,15566.55,48,32.9,4.1,0,11,94.4,0
CLIENT-13437,38,93282.12,11065.98,48,53.86,0.3,1,5,51.2,1
CLIENT-13438,47,21150.48,16839.54,60,18.92,4.9,0,2,56.7,0
CLIENT-13439,30,8290.06,5730.32,48,44.05,8.4,1,3,81.5,0
CLIENT-13440,51,22622.28,7339.42,48,37.81,24.4,0,5,99.2,0
CLIENT-13441,21,31045.83,7253.36,60,26.78,0.2,0,3,56.0,0
CLIENT-13442,45,69522.96,60991.48,24,50.01,5.4,1,10,58.2,0
CLIENT-13443,55,17067.84,11896.78,36,40.32,2.7,0,1,88.8,0
CLIENT-13444,48,17271.49,12753.28,36,36.25,0.0,0,6,72.5,1
CLIENT-13445,44,64624.36,12654.69,36,46.72,4.8,0,5,66.3,0
CLIENT-13446,22,15912.57,39615.69,48,54.13,0.7,0,3,73.1,1
CLIENT-13447,42,32617.69,4318.5,48,63.5,2.4,1,9,100.0,0
CLIENT-13448,20,33018.04,12811.14,48,44.61,1.5,0,10,81.5,0
CLIENT-13449,50,41379.78,4290.25,60,58.09,2.2,0,8,75.3,0
CLIENT-13450,21,23157.9,2525.34,24,10.06,3.4,1,7,78.7,0
CLIENT-13451,42,20822.79,7990.69,48,39.16,2.2,1,11,76.2,1
CLIENT-13452,37,44397.42,17827.81,36,21.81,4.0,0,2,83.7,0
CLIENT-13453,51,21213.7,7643.06,36,15.18,1.4,0,10,60.4,0
CLIENT-13454,43,16058.9,17624.33,24,39.26,5.0,0,5,69.0,0
CLIENT-13455,22,75862.67,14393.52,48,51.08,9.6,0,5,69.7,0
CLIENT-13456,52,48671.9,12120.51,36,32.67,1.3,0,6,56.1,0
CLIENT-13457,45,104872.59,32385.77,48,46.86,3.5,0,6,53.5,0
CLIENT-13458,46,58126.71,8802.35,36,36.93,5.2,0,3,90.9,0
CLIENT-13459,26,16968.5,17438.9,24,34.04,4.2,0,11,80.6,0
CLIENT-13460,69,38477.22,3781.36,36,25.96,2.3,0,4,96.5,0
CLIENT-13461,55,19744.36,14316.18,36,31.04,5.1,0,1,77.6,0
CLIENT-13462,67,13480.97,11158.41,60,29.24,0.1,0,11,74.8,0
CLIENT-13463,23,27769.13,5839.66,12,45.54,2.3,0,1,66.9,0
CLIENT-13464,36,65442.01,17658.09,60,16.38,3.8,0,5,85.1,0
CLIENT-13465,61,42828.01,7964.38,60,15.1,0.1,0,4,50.9,0
CLIENT-13466,28,15763.67,44915.09,60,46.3,3.5,0,7,74.6,0
CLIENT-13467,19,27189.74,2431.66,36,40.05,5.3,0,7,83.9,0
CLIENT-13468,64,33332.23,15895.34,60,33.66,7.1,0,4,68.7,0
CLIENT-13469,61,13181.01,13765.05,36,18.38,0.6,0,10,76.6,0
CLIENT-13470,61,55709.36,10975.22,12,32.61,23.3,0,2,93.8,0
CLIENT-13471,26,31658.41,9223.73,24,53.44,4.7,0,10,66.6,0
CLIENT-13472,38,15766.51,14017.19,60,58.93,2.3,0,4,76.3,0
CLIENT-13473,41,15240.26,28100.25,12,48.64,1.4,1,8,85.3,0
CLIENT-13474,51,70290.95,4144.22,36,13.3,4.3,1,2,65.2,0
CLIENT-13475,39,28897.55,7599.28,12,46.87,10.7,3,5,53.8,1
CLIENT-13476,20,74177.13,6404.64,24,23.25,3.7,0,7,80.9,0
CLIENT-13477,29,93273.68,6197.46,12,27.34,5.4,2,10,71.7,0
CLIENT-13478,45,67068.45,16982.26,48,20.77,2.2,0,6,69.6,0
CLIENT-13479,47,26368.91,20181.79,36,52.67,2.5,0,9,72.5,0
CLIENT-13480,43,8113.56,28157.58,60,45.67,1.7,0,2,52.3,1
CLIENT-13481,65,43817.9,20405.68,36,43.65,6.1,0,4,66.3,1
CLIENT-13482,38,127382.01,21596.78,60,46.74,2.2,0,7,80.7,0
CLIENT-13483,45,35552.51,4972.78,36,23.02,1.1,0,8,70.0,0
CLIENT-13484,43,11005.06,37740.7,36,34.46,2.3,1,5,62.3,1
CLIENT-13485,50,24223.36,11535.33,36,44.83,9.6,0,5,58.9,1
CLIENT-13486,38,32524.86,27531.81,36,45.01,6.7,2,4,74.1,0
CLIENT-13487,52,18792.38,5098.41,48,53.55,2.0,0,9,82.6,0
CLIENT-13488,69,7798.04,11282.48,36,25.79,11.9,0,10,85.4,0
CLIENT-13489,51,34244.78,25851.17,48,52.37,0.4,0,4,61.7,0
CLIENT-13490,58,22676.27,13623.44,48,34.21,0.3,0,3,94.4,0
CLIENT-13491,68,105199.62,7881.09,24,46.86,0.7,0,9,71.7,0
CLIENT-13492,64,38585.05,33418.65,36,35.06,0.6,0,7,45.4,0
CLIENT-13493,35,48134.16,5884.1,24,62.17,0.5,0,9,71.8,0
CLIENT-13494,28,33811.23,13170.06,36,19.86,5.4,0,4,55.0,0
CLIENT-13495,40,38416.41,20912.86,36,47.13,4.6,0,3,76.1,0
CLIENT-13496,65,13475.39,57929.57,60,41.71,5.2,0,10,74.2,0
CLIENT-13497,39,19455.79,9692.92,12,19.5,5.8,0,8,47.2,0
CLIENT-13498,34,69784.61,11009.17,12,13.63,7.1,0,4,91.6,0
CLIENT-13499,22,41178.73,9786.08,12,53.95,1.2,0,10,60.3,1
CLIENT-13500,61,28592.39,15786.8,36,18.66,4.9,0,3,42.7,1
CLIENT-13501,28,48615.75,20161.9,48,20.26,4.3,0,4,89.2,0
CLIENT-13502,47,49193.52,28719.15,48,63.81,14.4,0,2,79.2,0
CLIENT-13503,32,119914.8,22679.88,48,49.45,1.3,0,11,66.2,0
CLIENT-13504,44,40048.23,9431.76,48,23.78,0.3,1,4,70.7,0
CLIENT-13505,52,19196.73,23608.44,36,42.5,5.3,0,7,68.3,0
CLIENT-13506,50,33880.07,14243.87,12,39.38,6.7,0,3,46.2,0
CLIENT-13507,37,52288.9,22509.14,12,56.45,1.7,0,1,49.0,0
CLIENT-13508,33,65999.04,23427.3,48,50.11,4.2,0,10,84.3,0
CLIENT-13509,51,13780.1,41818.25,48,55.74,0.3,0,8,76.2,0
CLIENT-13510,19,42286.54,10423.17,36,21.63,16.1,1,6,83.7,0
CLIENT-13511,52,21197.68,9118.98,36,45.21,0.6,1,3,88.1,0
CLIENT-13512,57,25848.84,18269.98,36,12.21,0.3,0,8,20.4,0
CLIENT-13513,45,60325.11,30569.62,60,13.79,0.2,0,6,63.9,0
CLIENT-13514,64,56825.99,13913.91,12,49.24,2.8,0,1,52.7,0
CLIENT-13515,56,24175.83,31997.04,48,11.34,0.5,1,9,68.1,0
CLIENT-13516,23,33034.07,21656.07,36,41.89,6.8,1,11,42.2,0
CLIENT-13517,26,26327.02,11604.51,12,56.22,11.5,0,9,79.0,0
CLIENT-13518,37,205874.45,19817.78,48,30.9,1.5,0,9,79.9,0
CLIENT-13519,18,42916.64,9853.89,36,12.47,5.0,0,6,100.0,0
CLIENT-13520,25,21945.36,15788.23,48,49.26,0.2,0,6,68.5,0
CLIENT-13521,40,80281.97,6303.05,48,61.13,2.4,0,4,80.2,0
CLIENT-13522,20,82000.19,12737.3,36,49.44,1.7,0,8,84.6,0
CLIENT-13523,21,106404.42,26897.33,48,41.81,1.3,0,9,95.8,0
CLIENT-13524,42,127108.48,22856.77,36,22.65,5.2,0,7,53.0,0
CLIENT-13525,64,55527.24,20631.81,24,10.85,0.7,0,7,83.4,0
CLIENT-13526,55,29439.39,16337.78,48,48.21,9.9,0,2,76.0,0
CLIENT-13527,32,32158.43,14941.42,36,22.71,5.5,0,2,45.7,0
CLIENT-13528,38,30477.83,5503.06,12,57.2,6.2,0,10,77.0,0
CLIENT-13529,52,28502.49,11565.02,60,35.65,13.7,1,11,81.1,0
CLIENT-13530,63,76417.12,15181.47,36,39.18,14.3,0,2,44.7,0
CLIENT-13531,69,36331.21,6080.96,48,51.47,4.0,0,4,68.9,0
CLIENT-13532,31,65046.2,3919.7,48,52.87,3.4,0,9,71.2,0
CLIENT-13533,53,54497.49,29442.16,36,45.35,2.0,0,5,70.7,0
CLIENT-13534,29,18784.87,13843.72,36,61.61,6.3,0,2,79.4,0
CLIENT-13535,34,12960.92,15475.07,36,64.03,3.9,0,4,61.0,1
CLIENT-13536,56,17292.05,19711.13,36,62.08,13.5,1,7,53.6,1
CLIENT-13537,26,28112.69,6717.58,48,55.33,1.4,0,5,77.3,0
CLIENT-13538,52,39363.6,10072.39,48,48.81,1.9,1,11,93.6,0
CLIENT-13539,30,24612.75,38286.3,24,46.48,1.9,0,8,92.5,0
CLIENT-13540,32,55372.54,9489.5,36,15.71,8.2,0,1,100.0,0
CLIENT-13541,35,26459.99,11091.13,60,24.93,0.5,0,5,64.4,1
CLIENT-13542,68,42369.09,8361.21,36,10.31,3.0,0,4,67.5,0
CLIENT-13543,50,38970.06,7953.78,48,17.56,2.8,3,3,37.7,1
CLIENT-13544,23,102812.26,28964.81,48,34.16,0.4,1,7,60.8,0
CLIENT-13545,44,20228.66,2359.78,36,18.06,2.6,0,10,46.3,0
CLIENT-13546,40,136632.68,9702.03,36,59.59,3.6,0,11,64.8,0
CLIENT-13547,44,25422.51,15643.13,48,54.31,0.3,0,1,90.4,0
CLIENT-13548,51,16251.91,43815.98,36,13.94,3.6,0,6,86.0,0
CLIENT-13549,63,31883.73,6035.07,36,23.69,16.0,0,8,65.1,0
CLIENT-13550,55,253744.59,5356.31,48,55.05,19.3,0,2,61.4,0
CLIENT-13551,31,62138.63,7316.81,48,54.17,3.8,0,6,57.8,0
CLIENT-13552,53,52144.73,21833.35,24,62.0,3.6,0,11,82.9,0
CLIENT-13553,25,58519.31,14584.28,24,64.87,1.7,0,1,65.3,0
CLIENT-13554,52,22885.16,4866.62,24,63.69,29.2,1,6,74.0,0
CLIENT-13555,36,44162.29,14323.98,36,32.56,1.6,0,6,80.0,0
CLIENT-13556,47,36370.07,39577.12,36,23.77,3.0,0,5,81.1,1
CLIENT-13557,31,107520.85,16076.86,36,51.71,0.0,0,7,28.2,0
CLIENT-13558,37,34022.84,14990.78,12,26.46,2.1,0,5,78.4,0
CLIENT-13559,66,28941.56,15635.82,36,54.35,0.4,0,8,71.5,0
CLIENT-13560,42,18053.96,17857.02,36,39.37,6.8,1,2,43.0,0
CLIENT-13561,57,39498.13,5502.89,36,53.67,4.1,0,6,90.7,0
CLIENT-13562,41,43294.08,11357.72,36,25.17,4.2,0,5,73.0,0
CLIENT-13563,31,17659.82,11780.14,24,37.94,1.7,0,10,46.8,0
CLIENT-13564,43,47662.4,9524.01,60,41.02,8.4,0,2,61.3,0
CLIENT-13565,55,41768.92,21596.47,24,61.87,0.0,0,11,66.8,0
CLIENT-13566,40,66707.15,8571.56,36,24.66,2.0,0,7,100.0,0
CLIENT-13567,39,75163.49,10384.01,60,61.52,5.4,0,4,56.9,0
CLIENT-13568,65,38429.0,5529.65,36,54.27,11.9,2,6,59.7,0
CLIENT-13569,36,19500.22,17410.3,48,50.2,1.3,0,5,72.7,0
CLIENT-13570,63,22062.33,25831.04,24,53.28,3.9,0,4,100.0,0
CLIENT-13571,68,104534.93,10376.36,36,43.3,3.9,0,2,66.5,0
CLIENT-13572,20,40106.5,23509.82,36,23.42,10.4,0,7,63.3,0
CLIENT-13573,59,103537.82,12053.74,12,20.42,0.3,0,5,72.7,0
CLIENT-13574,36,48979.78,2277.39,36,57.65,2.8,1,3,65.1,0
CLIENT-13575,26,57081.84,12886.55,36,49.88,1.0,0,6,64.8,0
CLIENT-13576,45,63782.5,11814.7,36,21.73,0.1,0,8,84.4,0
CLIENT-13577,37,17432.94,14358.49,60,43.83,0.8,0,11,62.5,1
CLIENT-13578,62,43659.25,15950.25,12,34.62,18.7,2,10,64.7,0
CLIENT-13579,24,17288.57,8277.16,36,18.73,1.2,1,10,85.0,0
CLIENT-13580,31,30609.1,37418.5,36,39.25,13.7,0,2,48.6,0
CLIENT-13581,26,53321.87,12755.11,36,25.48,1.1,0,11,64.8,0
CLIENT-13582,36,19629.71,11617.12,48,15.29,13.4,1,10,45.0,0
CLIENT-13583,64,50797.5,22497.75,36,35.68,5.3,0,4,62.5,0
CLIENT-13584,69,14779.24,13534.24,12,42.46,0.6,0,3,64.7,0
CLIENT-13585,31,72113.16,80506.17,48,12.58,4.4,0,7,65.0,1
CLIENT-13586,55,24375.59,11534.12,48,32.12,1.9,0,10,64.1,0
CLIENT-13587,53,19608.72,17090.38,36,24.17,2.4,0,8,74.2,0
CLIENT-13588,57,15348.71,7907.71,36,11.69,2.9,0,8,53.2,0
CLIENT-13589,34,25652.28,24572.3,24,16.91,2.7,0,4,75.9,0
CLIENT-13590,47,11561.47,16582.49,24,17.65,5.5,1,10,62.4,0
CLIENT-13591,26,26133.17,10537.78,24,20.06,7.3,0,2,81.4,0
CLIENT-13592,50,70241.33,7253.89,36,54.19,2.0,1,6,69.1,0
CLIENT-13593,69,32427.85,5342.26,60,34.17,12.9,1,3,61.1,0
CLIENT-13594,42,17916.71,17909.74,36,18.09,13.9,0,8,50.3,0
CLIENT-13595,31,41595.95,5060.32,24,15.52,0.2,0,3,74.4,0
CLIENT-13596,28,39447.95,33387.34,24,26.39,0.1,0,2,67.1,0
CLIENT-13597,52,117473.26,5519.31,36,53.89,2.8,1,9,91.9,0
CLIENT-13598,58,58362.72,11791.54,36,30.05,4.5,0,9,93.1,0
CLIENT-13599,31,43623.83,7207.81,36,18.79,1.6,0,9,62.7,0
CLIENT-13600,47,62507.38,13668.93,36,32.23,1.5,0,3,34.6,0
CLIENT-13601,58,33502.37,13609.93,36,40.54,5.7,0,2,83.3,0
CLIENT-13602,21,34708.92,18239.81,24,11.63,4.6,0,4,62.0,0
CLIENT-13603,21,98259.2,4589.86,12,44.52,0.9,0,2,64.7,0
CLIENT-13604,45,13611.26,7827.58,12,31.73,10.8,0,8,87.9,0
CLIENT-13605,25,64910.67,26354.21,24,10.53,5.7,1,10,75.2,0
CLIENT-13606,19,33979.92,21183.68,12,47.06,2.3,0,1,82.7,0
CLIENT-13607,58,30488.55,2322.41,36,49.18,5.8,0,2,86.0,0
CLIENT-13608,63,26062.75,17397.13,48,44.59,0.6,1,6,67.5,0
CLIENT-13609,39,39823.18,6485.18,48,28.81,3.2,0,9,80.3,0
CLIENT-13610,58,35379.3,8828.36,36,39.13,0.9,0,10,71.6,0
CLIENT-13611,33,28315.89,11394.32,48,31.29,0.2,0,5,78.1,1
CLIENT-13612,46,23822.97,39742.37,24,48.53,2.1,1,5,72.3,0
CLIENT-13613,66,11577.3,6438.89,48,42.1,0.8,0,3,90.4,0
CLIENT-13614,65,23522.62,5000.41,36,14.5,5.0,1,8,50.8,0
CLIENT-13615,47,26705.45,18310.38,36,45.37,5.6,0,6,63.5,0
CLIENT-13616,29,39764.85,13100.26,36,47.8,0.8,0,10,68.7,1
CLIENT-13617,52,117930.59,31098.11,12,30.39,0.1,1,2,71.8,0
CLIENT-13618,28,25095.06,10436.0,60,58.17,7.9,0,5,50.8,0
CLIENT-13619,63,19648.6,31181.25,24,56.37,0.0,0,4,58.8,0
CLIENT-13620,67,23654.35,13512.74,36,19.63,2.1,0,11,70.6,0
CLIENT-13621,38,39815.31,19348.7,36,59.73,3.4,0,10,61.8,0
CLIENT-13622,38,51698.36,41637.66,12,34.25,8.5,0,9,44.3,0
CLIENT-13623,22,56218.84,11883.74,24,49.81,9.1,0,4,64.5,0
CLIENT-13624,65,59672.4,27757.64,12,54.78,6.5,0,8,51.8,0
CLIENT-13625,37,64960.74,8694.8,24,37.78,1.4,0,1,79.0,0
CLIENT-13626,54,30720.02,15666.46,48,31.95,6.4,0,5,74.4,0
CLIENT-13627,20,124477.98,4859.73,36,60.35,1.4,0,9,83.5,0
CLIENT-13628,61,29352.67,9386.01,24,22.7,1.2,0,3,73.1,1
CLIENT-13629,50,38777.84,6370.13,36,24.13,4.0,1,11,53.9,0
CLIENT-13630,26,79023.16,31398.86,60,29.89,5.7,0,6,22.8,1
CLIENT-13631,26,51013.98,45123.52,24,57.27,0.3,0,11,87.1,0
CLIENT-13632,21,9466.29,10422.36,24,61.63,0.3,0,10,63.6,0
CLIENT-13633,52,36438.51,7776.59,60,22.1,7.7,0,6,36.5,0
CLIENT-13634,34,60911.6,5325.38,24,57.51,9.8,0,11,93.5,0
CLIENT-13635,51,16218.66,16077.55,36,24.2,4.6,0,6,78.7,0
CLIENT-13636,41,56977.72,8763.93,24,63.39,2.8,0,4,93.3,0
CLIENT-13637,49,45894.12,9098.81,60,42.86,9.3,0,7,76.4,0
CLIENT-13638,18,73891.44,41802.53,60,10.39,6.5,0,3,80.0,0
CLIENT-13639,25,23976.78,10856.52,48,11.88,4.3,0,6,62.4,0
CLIENT-13640,62,66008.32,20143.86,36,18.11,1.9,0,10,80.7,0
CLIENT-13641,40,39965.22,13864.3,36,20.32,1.1,2,5,99.0,0
CLIENT-13642,64,104781.26,5173.77,24,52.22,2.7,3,3,82.4,0
CLIENT-13643,57,193228.74,3672.34,48,22.25,1.7,0,2,64.7,0
CLIENT-13644,29,91399.77,18793.48,60,63.3,2.1,1,1,50.3,0
CLIENT-13645,29,48451.14,44041.05,36,44.99,3.6,0,8,87.2,0
CLIENT-13646,63,146181.22,16655.43,36,48.09,0.9,0,1,70.9,0
CLIENT-13647,64,52160.82,20678.78,24,21.98,8.2,0,5,71.5,0
CLIENT-13648,32,21062.14,7091.88,36,59.1,0.8,0,5,40.3,1
CLIENT-13649,58,35469.77,27185.15,36,46.73,3.3,0,1,39.2,1
CLIENT-13650,36,57354.31,26950.39,36,57.54,6.9,0,9,71.3,1
CLIENT-13651,43,59609.63,8206.33,36,62.61,3.3,2,5,56.5,0
CLIENT-13652,69,18487.33,19570.65,12,16.91,2.2,1,9,73.1,0
CLIENT-13653,46,18842.7,3879.68,48,15.31,3.2,1,11,84.3,0
CLIENT-13654,39,29590.66,22175.39,48,54.19,9.4,1,6,61.5,0
CLIENT-13655,57,50047.42,8949.1,60,57.64,23.2,1,7,73.5,0
CLIENT-13656,38,54043.12,5659.04,48,42.11,5.0,0,7,68.2,0
CLIENT-13657,68,39528.73,17709.35,36,30.13,7.9,0,2,100.0,0
CLIENT-13658,55,22011.99,3865.28,24,45.89,0.1,0,5,62.1,0
CLIENT-13659,37,102967.2,16978.27,60,26.81,10.6,0,2,59.5,0
CLIENT-13660,46,19087.05,6047.53,36,23.11,15.4,0,4,63.2,0
CLIENT-13661,68,79332.6,5206.21,36,36.85,4.3,1,3,87.5,0
CLIENT-13662,21,56573.39,13931.35,36,21.89,7.0,2,11,62.6,0
CLIENT-13663,24,78291.9,11839.71,48,36.6,3.6,0,6,81.1,0
CLIENT-13664,45,27815.26,37039.96,12,62.61,1.7,0,11,70.5,1
CLIENT-13665,45,33336.48,5435.13,24,56.19,9.6,1,5,70.9,0
CLIENT-13666,21,37534.87,34980.22,36,61.79,4.5,0,1,94.0,0
CLIENT-13667,39,27286.88,6024.86,48,54.35,4.3,0,2,42.9,0
CLIENT-13668,29,41570.87,25428.09,36,29.51,5.4,1,7,72.0,0
CLIENT-13669,62,93662.55,28977.21,36,54.66,9.7,0,9,80.5,0
CLIENT-13670,20,16678.9,16731.04,36,60.76,6.6,0,1,75.9,0
CLIENT-13671,39,24481.5,7679.67,48,62.09,1.2,1,4,48.0,1
CLIENT-13672,61,22938.06,4600.55,48,47.58,3.1,0,11,52.9,0
CLIENT-13673,19,34315.38,3407.58,36,21.63,19.6,0,3,74.2,0
CLIENT-13674,41,33479.35,48854.59,24,12.19,4.0,0,11,35.0,0
CLIENT-13675,51,57721.72,10853.05,60,18.1,13.9,0,5,62.1,0
CLIENT-13676,44,37057.79,6165.55,36,63.11,8.4,0,5,51.5,0
CLIENT-13677,58,43552.83,6001.64,48,35.42,5.5,2,10,72.9,1
CLIENT-13678,18,46123.08,15025.49,24,57.02,2.1,0,10,67.6,0
CLIENT-13679,25,42076.41,10133.52,36,35.58,1.8,0,11,75.7,0
CLIENT-13680,40,55380.78,3485.95,48,46.34,5.2,0,2,57.0,0
CLIENT-13681,55,33745.62,24469.4,12,11.33,2.8,0,5,74.0,0
CLIENT-13682,23,97520.81,16890.19,36,23.74,8.0,1,4,70.1,0
CLIENT-13683,39,166870.26,48433.05,36,33.99,7.1,0,1,57.1,0
CLIENT-13684,42,55477.82,29689.66,48,44.68,1.9,0,1,86.4,0
CLIENT-13685,35,41639.09,1527.36,24,19.43,6.1,0,1,80.5,0
CLIENT-13686,34,52825.5,36021.88,24,52.05,3.4,1,8,60.4,1
CLIENT-13687,29,18758.09,31108.73,60,30.04,2.0,0,3,58.2,1
CLIENT-13688,23,40459.76,7978.77,36,54.96,2.7,0,9,83.9,0
CLIENT-13689,43,23416.71,9869.43,24,15.39,11.3,3,10,45.8,1
CLIENT-13690,44,49315.13,17822.33,24,47.39,2.2,0,2,50.6,0
CLIENT-13691,25,23486.58,6568.56,60,26.13,1.7,0,9,77.2,0
CLIENT-13692,36,29529.16,11272.14,24,53.75,2.2,3,11,97.2,0
CLIENT-13693,59,11811.36,26903.89,36,32.12,1.2,0,9,60.9,0
CLIENT-13694,18,17962.7,19195.09,36,46.59,3.9,0,4,62.7,0
CLIENT-13695,46,44932.84,8377.05,48,61.39,0.8,0,4,66.7,0
CLIENT-13696,62,21562.1,27335.25,48,11.13,8.5,0,4,62.9,0
CLIENT-13697,66,68752.23,16515.04,36,10.61,1.3,0,1,63.6,0
CLIENT-13698,52,20489.47,16124.48,12,52.37,4.6,3,5,60.8,1
CLIENT-13699,57,47665.0,9316.55,48,45.55,0.7,3,6,72.8,1
CLIENT-13700,31,22991.38,13298.72,36,26.11,19.2,0,4,80.4,0
CLIENT-13701,52,45765.32,7770.86,60,37.19,3.0,0,8,72.4,0
CLIENT-13702,65,14459.8,3434.46,36,12.31,8.6,0,3,67.6,0
CLIENT-13703,62,27669.62,10983.46,36,20.58,7.3,0,11,60.9,0
CLIENT-13704,37,21856.9,12264.86,12,33.35,6.3,0,9,52.4,0
CLIENT-13705,66,61693.85,14707.34,48,55.87,8.8,0,7,50.5,0
CLIENT-13706,30,47923.32,31210.45,36,36.38,0.5,1,8,47.5,0
CLIENT-13707,55,17334.51,8462.51,36,42.25,5.7,0,7,79.5,0
CLIENT-13708,66,32147.55,10327.58,24,58.06,1.5,0,9,61.3,1
CLIENT-13709,63,22847.78,22841.27,24,26.99,7.7,1,2,76.0,0
CLIENT-13710,66,64225.42,7889.08,24,48.54,15.7,0,4,59.3,0
CLIENT-13711,25,77879.22,14877.79,36,57.39,11.6,0,2,68.9,0
CLIENT-13712,60,15290.9,10038.7,48,21.14,0.6,0,8,64.9,0
CLIENT-13713,37,59636.42,11265.08,36,29.61,2.3,0,2,93.6,0
CLIENT-13714,50,22159.52,22713.2,48,63.89,2.3,0,8,62.9,1
CLIENT-13715,43,31202.39,10286.45,12,64.08,0.7,2,6,82.6,1
CLIENT-13716,56,37025.14,23237.46,36,22.28,0.5,0,7,49.0,0
CLIENT-13717,38,108008.34,3406.01,36,13.65,2.4,2,11,90.3,0
CLIENT-13718,66,19884.39,4911.18,60,24.9,24.2,0,6,82.4,0
CLIENT-13719,59,59925.05,2636.64,48,31.88,4.2,1,9,61.2,0
CLIENT-13720,60,17981.48,5907.4,36,34.26,4.9,1,4,61.0,0
CLIENT-13721,58,17251.32,49010.54,48,44.03,3.2,0,1,87.9,1
CLIENT-13722,26,36941.03,13196.74,24,59.47,5.4,2,9,84.0,1
CLIENT-13723,41,36792.07,8063.38,36,28.17,15.7,0,10,66.5,0
CLIENT-13724,54,6638.29,23108.71,12,56.75,4.4,0,8,57.1,0
CLIENT-13725,66,72820.86,25509.54,36,15.14,0.3,0,1,86.1,0
CLIENT-13726,58,10062.1,5683.98,24,12.3,3.4,0,10,62.9,0
CLIENT-13727,34,33270.87,76783.12,48,37.72,24.6,2,6,75.0,1
CLIENT-13728,41,80544.84,16210.78,36,13.28,2.5,0,10,61.5,0
CLIENT-13729,38,136695.4,17705.78,48,31.59,4.5,0,4,66.7,0
CLIENT-13730,68,29207.19,18921.67,36,59.32,0.6,1,11,98.6,1
CLIENT-13731,56,15370.89,18893.94,12,23.28,0.8,0,2,68.9,0
CLIENT-13732,58,78773.26,8647.01,48,48.83,10.4,0,3,91.6,0
CLIENT-13733,56,61028.36,58616.03,48,26.63,1.8,0,9,47.2,0
CLIENT-13734,30,27081.46,10942.05,60,12.47,1.8,0,5,44.0,0
CLIENT-13735,28,25098.35,26114.93,36,40.62,2.4,0,7,78.7,0
CLIENT-13736,63,23613.28,9581.08,48,55.92,17.0,0,2,58.5,0
CLIENT-13737,36,29532.54,8462.61,48,32.52,0.4,0,8,69.6,0
CLIENT-13738,28,43898.74,50579.68,24,43.95,8.5,0,3,38.2,0
CLIENT-13739,30,25858.41,12383.75,24,59.5,2.1,0,1,39.5,1
CLIENT-13740,63,27896.37,13044.54,12,53.43,9.5,0,8,70.2,0
CLIENT-13741,62,53357.37,16293.67,36,20.66,24.0,0,11,62.7,0
CLIENT-13742,18,14921.4,82556.59,36,50.34,2.1,2,11,65.0,0
CLIENT-13743,57,28982.24,60969.73,60,37.6,0.7,1,9,95.0,1
CLIENT-13744,61,13285.59,32815.22,36,51.03,0.8,2,8,77.1,0
CLIENT-13745,36,38756.26,98472.82,48,37.2,7.1,0,1,100.0,0
CLIENT-13746,29,11343.01,6896.69,36,17.04,0.8,1,7,71.1,0
CLIENT-13747,25,61945.24,21144.16,24,41.35,1.5,1,7,92.4,0
CLIENT-13748,25,16501.68,14087.96,12,37.07,1.1,0,4,84.8,0
CLIENT-13749,62,12537.17,3872.43,36,38.49,2.2,0,8,62.4,1
CLIENT-13750,29,29197.31,18474.89,48,58.34,0.4,0,5,67.4,0
CLIENT-13751,65,101383.37,9475.09,60,59.22,9.7,0,4,64.7,0
CLIENT-13752,50,55643.22,39083.3,36,34.94,9.8,0,5,86.1,0
CLIENT-13753,62,11459.93,10132.31,48,35.07,2.7,0,11,74.1,0
CLIENT-13754,43,16222.02,9736.88,36,38.34,4.7,0,2,56.2,0
CLIENT-13755,56,28642.3,39071.48,36,38.58,5.1,2,4,50.7,1
CLIENT-13756,45,139108.84,12761.42,36,62.27,6.9,0,10,51.2,0
CLIENT-13757,22,20673.9,30152.24,12,45.72,3.7,0,8,56.6,1
CLIENT-13758,25,20774.24,17980.65,12,25.26,3.6,0,7,55.8,0
CLIENT-13759,42,90803.91,18150.26,12,39.23,5.0,0,8,51.9,1
CLIENT-13760,44,40820.69,11261.74,36,44.5,6.1,0,7,86.8,0
CLIENT-13761,63,68309.22,18987.71,48,45.19,2.1,1,7,47.0,0
CLIENT-13762,40,23476.15,12184.94,24,42.19,2.0,0,11,76.1,0
CLIENT-13763,47,34167.1,7610.91,36,19.78,1.6,0,7,100.0,0
CLIENT-13764,62,79967.78,12419.49,24,11.85,4.0,0,2,71.3,0
CLIENT-13765,64,33292.77,32908.35,48,28.58,2.2,1,3,71.4,0
CLIENT-13766,40,71241.58,19442.3,48,33.51,3.9,2,1,73.4,0
CLIENT-13767,66,45814.7,22877.48,48,13.4,2.6,0,2,47.8,0
CLIENT-13768,64,19462.07,13373.46,36,54.82,9.1,0,10,76.5,0
CLIENT-13769,37,35961.7,3441.1,24,28.92,0.4,0,6,75.0,0
CLIENT-13770,35,65436.17,5681.67,48,60.25,4.2,1,2,69.4,0
CLIENT-13771,35,54265.81,10912.85,24,18.49,4.3,0,1,44.7,0
CLIENT-13772,19,35448.93,6035.76,24,13.13,2.4,0,8,98.4,0
CLIENT-13773,21,11672.27,9255.28,24,36.53,2.7,0,9,73.6,0
CLIENT-13774,47,12362.28,9023.72,36,20.4,8.1,0,7,51.7,0
CLIENT-13775,50,14044.93,9216.16,36,61.56,1.6,0,3,54.9,1
CLIENT-13776,53,26735.16,36534.74,36,10.57,10.3,0,1,58.3,0
CLIENT-13777,35,28961.69,12873.36,36,32.69,11.3,0,4,93.8,0
CLIENT-13778,54,14984.22,25700.59,24,60.97,5.3,0,10,68.1,0
CLIENT-13779,36,67071.04,14984.35,60,31.14,7.4,3,11,68.1,0
CLIENT-13780,64,17013.09,35990.94,36,15.12,4.7,2,3,62.1,0
CLIENT-13781,45,15957.19,27301.19,36,26.66,3.7,0,11,85.4,0
CLIENT-13782,57,38289.9,8830.25,36,37.39,17.0,1,3,86.2,0
CLIENT-13783,37,65143.19,52740.59,24,20.18,1.7,0,2,47.3,0
CLIENT-13784,66,124606.09,9718.96,24,35.66,0.8,0,11,68.5,0
CLIENT-13785,50,51509.78,15367.35,36,56.0,1.7,0,10,66.8,0
CLIENT-13786,29,93704.16,17394.66,24,57.99,4.8,0,3,55.7,0
CLIENT-13787,68,17549.24,18804.57,24,12.71,1.0,2,11,61.3,1
CLIENT-13788,32,132699.65,23326.05,48,18.85,12.0,1,5,65.6,0
CLIENT-13789,58,11885.91,7865.57,36,25.14,2.6,0,4,54.9,0
CLIENT-13790,56,26841.28,21996.41,36,42.72,9.5,1,1,74.4,0
CLIENT-13791,19,50837.6,20066.4,36,29.85,1.4,2,1,74.1,0
CLIENT-13792,46,13861.49,13364.14,60,56.42,1.9,0,1,77.8,0
CLIENT-13793,58,20822.09,11698.07,24,49.42,0.3,1,10,63.0,0
CLIENT-13794,27,18928.93,7588.04,48,15.53,1.5,0,9,37.8,0
CLIENT-13795,19,30147.8,18699.38,36,44.35,3.4,1,9,59.3,0
CLIENT-13796,68,85216.45,8414.16,24,16.22,14.6,0,9,54.2,0
CLIENT-13797,28,36683.97,15780.28,24,24.03,2.5,0,10,67.5,0
CLIENT-13798,30,27506.06,12444.94,36,19.78,5.1,0,4,78.6,0
CLIENT-13799,27,6434.35,5250.55,36,19.52,2.8,0,4,98.3,0
CLIENT-13800,31,48052.68,6950.67,24,43.9,0.2,0,10,56.4,0
CLIENT-13801,35,58338.02,17735.85,36,41.0,3.5,0,7,71.9,0
CLIENT-13802,68,13095.03,9255.54,36,19.68,0.3,1,3,72.6,0
CLIENT-13803,26,34885.15,9037.21,36,64.46,10.8,0,10,91.6,0
CLIENT-13804,56,40774.2,7826.23,48,33.2,7.0,1,3,73.3,0
CLIENT-13805,45,64780.57,8014.37,48,15.34,2.4,1,4,64.5,0
CLIENT-13806,20,23509.01,42186.96,36,16.63,5.1,0,11,69.4,0
CLIENT-13807,37,21477.99,6099.99,60,42.11,0.6,0,6,75.2,0
CLIENT-13808,23,27614.65,37460.12,12,63.85,6.1,0,1,81.1,0
CLIENT-13809,44,78484.96,10598.72,12,41.46,8.7,0,11,95.5,0
CLIENT-13810,19,67935.04,8453.8,36,62.2,8.6,0,3,94.0,0
CLIENT-13811,46,35853.37,17477.62,36,34.43,1.7,0,5,58.6,0
CLIENT-13812,55,66961.02,13865.08,36,33.97,1.5,0,11,47.4,1
CLIENT-13813,20,8767.31,11634.73,36,37.5,3.7,0,4,51.3,1
CLIENT-13814,33,58395.41,15582.73,24,48.36,17.2,0,8,73.6,0
CLIENT-13815,47,18559.56,13712.17,24,30.22,12.7,0,9,86.9,0
CLIENT-13816,57,104842.52,11488.27,48,57.51,2.2,2,8,66.3,0
CLIENT-13817,19,19176.74,25718.66,48,11.61,7.6,0,11,55.6,0
CLIENT-13818,34,21771.19,4851.85,36,34.19,12.7,0,11,48.0,0
CLIENT-13819,58,50891.65,7042.61,36,38.1,1.5,0,9,93.8,0
CLIENT-13820,29,53926.24,7694.41,36,43.39,8.9,0,8,62.7,0
CLIENT-13821,52,27783.59,6370.57,24,25.18,1.6,1,10,46.9,0
CLIENT-13822,60,45380.71,14187.95,36,33.51,2.1,0,1,69.6,0
CLIENT-13823,18,48885.1,19030.41,36,36.65,1.1,0,7,70.1,0
CLIENT-13824,62,45975.72,3382.02,36,47.78,3.5,0,9,83.3,0
CLIENT-13825,32,28488.82,9587.0,12,52.54,9.3,0,1,52.1,0
CLIENT-13826,43,49174.31,10666.2,60,50.58,3.8,0,10,87.4,0
CLIENT-13827,54,84442.17,10936.93,48,28.79,0.7,0,1,89.8,0
CLIENT-13828,38,17408.38,5434.04,24,64.97,1.5,0,10,71.4,0
CLIENT-13829,66,21937.75,10728.68,36,56.68,4.1,0,2,79.1,1
CLIENT-13830,48,36914.27,7060.1,60,24.3,4.4,0,5,82.2,0
CLIENT-13831,42,19269.24,10571.7,12,20.73,4.3,1,8,61.0,0
CLIENT-13832,40,12307.42,4008.85,36,27.27,0.4,0,8,49.2,1
CLIENT-13833,41,69973.63,10622.27,36,34.88,7.0,0,10,61.2,0
CLIENT-13834,55,9535.02,8076.2,36,56.79,12.0,0,4,43.6,0
CLIENT-13835,45,28525.98,11117.36,48,52.81,3.6,0,7,77.1,0
CLIENT-13836,38,57260.52,16490.75,36,56.82,6.3,0,7,94.0,0
CLIENT-13837,60,42617.48,12947.86,12,24.96,12.3,0,9,57.1,0
CLIENT-13838,35,28786.17,23280.62,12,42.64,5.1,0,9,63.1,0
CLIENT-13839,53,18798.57,10378.21,12,25.58,5.6,0,3,66.2,0
CLIENT-13840,52,44637.1,20603.56,36,16.0,6.4,1,11,100.0,0
CLIENT-13841,62,20069.64,29363.01,48,47.63,1.5,1,8,63.2,1
CLIENT-13842,26,42597.87,16181.63,24,17.86,4.4,0,5,86.8,0
CLIENT-13843,55,39519.54,13166.64,36,46.72,9.2,0,5,70.5,0
CLIENT-13844,47,39760.12,17855.26,36,45.64,1.8,0,8,22.5,1
CLIENT-13845,61,24730.9,16586.73,24,54.56,11.4,1,6,62.5,0
CLIENT-13846,51,123131.17,26926.6,36,17.68,4.8,2,10,83.2,0
CLIENT-13847,49,45022.79,23287.21,36,53.09,2.8,0,10,62.6,0
CLIENT-13848,20,30723.24,23484.1,36,64.96,4.9,0,1,77.7,0
CLIENT-13849,20,42555.41,13777.86,36,56.81,2.6,0,4,96.0,0
CLIENT-13850,45,22818.41,16964.17,36,51.35,9.1,1,9,77.8,0
CLIENT-13851,61,28802.5,16743.55,60,46.42,3.3,0,5,60.5,0
CLIENT-13852,32,152535.4,5737.82,36,33.2,11.6,0,4,80.7,0
CLIENT-13853,58,22915.56,28232.84,36,50.18,3.6,0,11,77.3,0
CLIENT-13854,40,34659.82,4152.63,36,49.83,5.4,0,10,84.6,0
CLIENT-13855,57,27621.15,21994.13,12,44.73,30.5,0,1,68.6,0
CLIENT-13856,28,19462.01,16105.2,36,53.8,0.8,0,9,57.9,0
CLIENT-13857,65,46753.81,10948.94,36,34.68,6.7,0,8,78.1,0
CLIENT-13858,49,37118.97,17567.98,24,16.67,0.7,0,3,78.5,0
CLIENT-13859,53,62731.34,17907.92,36,40.75,9.1,1,9,62.0,1
CLIENT-13860,50,59062.22,5348.33,12,24.58,4.5,0,1,46.9,0
CLIENT-13861,41,62344.12,36000.51,36,31.14,13.9,0,4,63.1,0
CLIENT-13862,56,20932.91,14051.67,24,10.96,10.0,0,5,52.3,0
CLIENT-13863,51,53347.18,67529.01,12,31.05,0.4,0,4,66.0,0
CLIENT-13864,45,54131.03,23221.64,48,54.48,0.7,0,4,81.7,0
CLIENT-13865,54,19680.08,13829.76,60,39.85,4.6,0,9,39.9,1
CLIENT-13866,24,29996.33,8241.79,24,10.54,3.7,0,5,74.7,0
CLIENT-13867,21,15158.74,12362.37,36,35.84,0.9,0,1,76.2,0
CLIENT-13868,54,54272.54,14837.03,24,26.03,0.7,0,7,56.1,0
CLIENT-13869,18,54122.94,37264.68,36,36.27,4.2,0,6,75.2,0
CLIENT-13870,18,85666.55,31528.96,36,32.26,0.3,0,9,87.5,0
CLIENT-13871,64,31657.2,18325.37,24,61.26,10.3,1,4,76.5,0
CLIENT-13872,37,47613.98,46093.8,48,12.26,8.2,0,10,100.0,0
CLIENT-13873,36,65686.0,3257.36,24,47.6,7.7,0,6,71.2,0
CLIENT-13874,46,23101.78,18470.89,12,56.81,0.1,0,10,85.0,0
CLIENT-13875,27,21087.19,32175.36,48,62.76,0.2,0,7,100.0,0
CLIENT-13876,35,23535.59,19598.46,36,19.77,4.0,0,4,77.6,0
CLIENT-13877,45,29449.22,5255.52,36,39.22,25.9,1,9,96.3,0
CLIENT-13878,52,21540.01,35334.33,36,12.4,2.1,0,1,76.8,1
CLIENT-13879,60,24151.54,22764.19,36,37.46,2.1,0,1,91.8,0
CLIENT-13880,64,61608.13,16985.38,36,16.9,0.7,2,3,53.2,0
CLIENT-13881,48,34275.7,14212.12,36,56.08,5.6,0,9,70.9,0
CLIENT-13882,44,43652.64,53938.05,36,16.26,5.2,0,5,100.0,0
CLIENT-13883,28,26096.85,18236.17,36,38.23,0.5,0,1,42.7,0
CLIENT-13884,66,25088.9,11278.53,36,38.66,3.2,0,5,58.4,0
CLIENT-13885,66,43102.38,7570.66,48,63.44,5.5,0,6,100.0,0
CLIENT-13886,55,39168.86,22703.41,36,46.02,3.4,0,4,68.4,0
CLIENT-13887,22,57918.49,26645.18,36,25.83,5.6,0,7,68.4,0
CLIENT-13888,25,79297.02,13898.84,36,23.24,8.5,2,11,83.7,1
CLIENT-13889,51,23984.25,9041.27,36,17.05,5.8,0,3,88.8,0
CLIENT-13890,65,60883.09,33895.57,36,51.61,4.8,0,5,64.5,1
CLIENT-13891,69,18998.52,7178.24,48,47.99,9.6,0,6,45.4,0
CLIENT-13892,29,126028.99,53029.93,36,43.54,11.5,0,7,56.1,0
CLIENT-13893,55,22656.85,7989.04,48,12.25,2.5,0,10,61.6,0
CLIENT-13894,18,54960.96,5459.93,48,51.96,1.0,0,2,52.4,0
CLIENT-13895,48,18913.96,5971.44,60,45.3,8.5,2,5,57.1,0
CLIENT-13896,21,33148.26,6143.78,36,63.01,1.2,0,7,70.1,0
CLIENT-13897,66,91806.64,11320.64,60,42.3,13.2,0,7,57.3,0
CLIENT-13898,62,22233.99,9626.54,24,26.72,0.1,0,3,96.5,0
CLIENT-13899,67,136286.11,27371.23,12,30.98,12.7,0,8,63.9,0
CLIENT-13900,22,36200.73,24771.58,36,19.67,4.4,1,1,47.1,0
CLIENT-13901,47,65213.87,11424.81,60,49.76,7.5,0,4,87.6,0
CLIENT-13902,41,46247.69,117285.81,36,48.92,2.5,0,3,100.0,1
CLIENT-13903,20,47773.39,11319.33,24,21.04,24.0,1,4,65.0,0
CLIENT-13904,28,15434.06,12425.9,36,18.72,1.3,1,11,73.8,0
CLIENT-13905,62,27344.98,5463.3,36,14.24,1.5,0,9,89.6,0
CLIENT-13906,21,74427.88,12627.37,36,60.16,0.3,1,11,64.3,0
CLIENT-13907,43,29537.24,16451.64,48,22.82,14.1,0,8,98.1,0
CLIENT-13908,44,39470.12,5831.59,60,28.93,3.0,0,11,45.9,1
CLIENT-13909,63,14350.6,9423.07,48,25.43,5.6,0,4,68.2,0
CLIENT-13910,60,26303.41,16796.19,24,32.75,5.8,0,8,57.8,0
CLIENT-13911,44,71240.99,9252.19,36,49.27,10.4,0,1,53.0,0
CLIENT-13912,59,16821.66,7991.14,36,57.88,5.5,0,8,58.2,0
CLIENT-13913,68,55840.09,23097.81,36,20.04,4.1,0,10,77.7,0
CLIENT-13914,67,40403.31,5445.37,24,47.75,6.2,0,2,83.8,0
CLIENT-13915,23,31521.55,6238.25,48,29.39,7.0,0,6,80.6,0
CLIENT-13916,32,30700.84,15125.93,36,63.93,1.0,0,6,47.9,1
CLIENT-13917,47,27048.37,24156.57,48,26.44,0.6,0,3,78.3,0
CLIENT-13918,59,28533.02,16545.46,60,10.4,0.4,0,5,68.2,0
CLIENT-13919,54,63439.64,11421.8,12,38.36,2.3,0,2,61.3,0
CLIENT-13920,54,28022.8,10788.41,60,18.29,3.4,0,11,66.7,0
CLIENT-13921,59,107425.64,27100.55,48,12.45,4.8,0,8,95.0,0
CLIENT-13922,54,43465.36,24374.7,36,48.4,15.9,3,8,65.9,0
CLIENT-13923,52,25699.91,13834.14,36,50.27,2.0,0,5,81.5,0
CLIENT-13924,40,65122.12,11000.18,36,35.34,7.2,0,7,85.5,0
CLIENT-13925,23,52803.75,13693.69,36,47.23,3.8,0,8,83.2,0
CLIENT-13926,21,13460.22,8030.18,36,39.6,1.2,1,11,63.1,0
CLIENT-13927,35,19522.39,12026.61,12,44.64,4.8,0,4,64.0,0
CLIENT-13928,26,33885.68,9483.65,36,42.82,17.1,2,2,74.1,0
CLIENT-13929,66,14042.38,12449.16,24,46.62,0.7,0,5,61.7,0
CLIENT-13930,46,127302.06,9724.67,12,20.98,3.5,0,7,57.2,0
CLIENT-13931,30,59476.66,19278.9,36,24.78,0.3,0,4,71.5,0
CLIENT-13932,64,36026.15,23691.79,36,34.2,1.9,0,4,57.9,0
CLIENT-13933,69,29565.87,10241.45,36,34.54,4.8,0,4,63.5,0
CLIENT-13934,34,25341.58,7568.0,12,52.59,9.2,0,9,65.9,0
CLIENT-13935,62,11176.63,21985.43,48,30.21,6.6,1,9,61.7,0
CLIENT-13936,49,12839.43,15204.26,36,18.94,3.1,0,11,66.2,0
CLIENT-13937,65,113626.55,10334.93,24,23.83,12.0,0,10,63.5,0
CLIENT-13938,39,93354.54,34992.41,36,21.81,1.8,0,8,100.0,0
CLIENT-13939,21,25707.38,8995.47,36,50.24,7.0,0,11,96.5,0
CLIENT-13940,22,62617.46,3310.8,12,35.87,3.2,0,8,63.6,0
CLIENT-13941,54,49210.02,8139.05,36,48.97,11.4,0,7,63.1,1
CLIENT-13942,58,52816.18,41475.78,48,32.89,8.0,0,1,66.6,0
CLIENT-13943,66,15442.73,10695.81,48,58.94,11.6,0,8,73.6,0
CLIENT-13944,30,12272.22,9313.24,24,64.09,1.2,0,11,68.5,0
CLIENT-13945,51,73832.67,13610.85,48,46.84,5.5,2,11,70.2,0
CLIENT-13946,62,11074.73,27112.34,36,57.51,6.7,0,4,81.9,0
CLIENT-13947,39,33225.86,12606.53,60,37.94,6.8,0,1,57.0,0
CLIENT-13948,40,29125.77,20210.21,12,61.4,3.5,0,1,61.1,0
CLIENT-13949,68,27554.18,11701.98,36,55.74,0.1,0,3,48.4,0
CLIENT-13950,20,43856.16,20321.77,36,64.55,1.5,0,3,64.0,0
CLIENT-13951,59,24183.95,15156.49,24,44.27,2.0,3,10,70.6,1
CLIENT-13952,51,46048.08,10111.27,48,52.86,9.6,3,1,70.7,1
CLIENT-13953,49,39525.18,16005.13,36,39.86,9.2,0,8,88.8,0
CLIENT-13954,62,127930.11,9138.42,12,24.25,0.6,0,4,56.9,0
CLIENT-13955,68,15815.64,5091.2,36,29.51,15.0,2,4,45.5,0
CLIENT-13956,66,36958.89,13175.03,36,59.17,1.0,0,6,71.4,1
CLIENT-13957,38,47042.52,5417.76,24,13.08,2.7,0,9,67.2,0
CLIENT-13958,63,31137.2,20296.44,60,42.53,1.2,0,9,82.8,0
CLIENT-13959,61,16281.01,13013.68,48,30.49,9.8,0,8,71.2,0
CLIENT-13960,38,77208.26,36181.54,24,31.27,6.9,3,1,89.2,1
CLIENT-13961,61,44451.79,10602.38,36,58.65,2.2,0,10,67.9,0
CLIENT-13962,28,16981.2,13173.74,36,56.96,5.7,0,10,62.3,1
CLIENT-13963,56,47249.66,4775.54,48,42.94,1.0,1,2,80.6,0
CLIENT-13964,21,100804.64,6168.03,60,25.01,2.4,0,3,77.2,0
CLIENT-13965,68,35532.76,4125.3,36,36.15,2.4,1,11,59.3,0
CLIENT-13966,18,36267.32,28402.88,48,32.46,1.4,0,5,78.2,0
CLIENT-13967,45,93041.7,9684.79,36,29.45,10.4,0,5,76.6,0
CLIENT-13968,41,20287.69,33825.01,36,15.65,5.7,0,10,69.2,0
CLIENT-13969,52,102388.66,2045.86,60,39.87,1.6,0,8,86.8,0
CLIENT-13970,30,65104.35,39484.05,36,26.6,1.4,0,2,91.9,0
CLIENT-13971,64,20857.49,12738.5,36,46.34,0.1,0,2,61.3,0
CLIENT-13972,51,24319.62,16947.8,36,27.56,2.1,3,8,77.3,1
CLIENT-13973,28,26505.63,6348.29,24,33.71,3.7,2,1,71.1,0
CLIENT-13974,53,12086.71,19324.0,36,12.88,1.6,0,9,63.3,0
CLIENT-13975,68,42458.53,10283.13,60,64.59,6.0,1,2,68.2,0
CLIENT-13976,34,21431.82,5791.99,36,37.92,2.7,2,5,43.5,0
CLIENT-13977,52,43387.68,5736.67,48,11.33,1.9,0,3,86.1,0
CLIENT-13978,35,16737.95,5666.09,24,39.77,14.0,0,5,81.8,0
CLIENT-13979,57,63184.1,17433.83,36,57.87,1.5,1,8,41.2,1
CLIENT-13980,39,56532.76,8561.73,60,52.49,2.5,0,8,67.2,0
CLIENT-13981,41,23776.97,4238.37,36,48.55,2.4,0,6,75.0,0
CLIENT-13982,36,45061.77,17300.83,24,17.67,1.4,0,9,82.8,0
CLIENT-13983,54,38167.98,2919.27,36,46.18,1.2,0,7,66.1,0
CLIENT-13984,56,88378.12,33872.22,36,52.15,1.8,2,2,66.3,1
CLIENT-13985,38,19545.74,53663.45,24,41.48,10.0,0,1,75.5,0
CLIENT-13986,25,33144.14,5331.05,48,59.1,7.3,1,8,59.8,0
CLIENT-13987,45,24725.49,27909.31,60,25.23,5.7,1,1,95.0,0
CLIENT-13988,22,37305.31,17057.9,36,23.32,3.1,0,8,71.5,0
CLIENT-13989,34,50009.29,9414.19,48,57.83,3.5,0,9,72.9,0
CLIENT-13990,54,24561.01,9726.79,48,44.4,1.6,0,1,90.2,0
CLIENT-13991,53,29188.68,21123.36,48,10.08,0.4,0,7,69.6,0
CLIENT-13992,36,64836.53,12991.29,12,29.42,2.0,1,5,90.4,0
CLIENT-13993,44,81993.46,2173.41,24,57.18,3.4,0,8,45.9,0
CLIENT-13994,51,48830.46,57017.3,12,11.5,0.3,1,4,87.3,0
CLIENT-13995,28,33430.44,18091.94,12,10.18,0.5,0,2,85.5,0
CLIENT-13996,62,31575.66,12882.08,36,25.47,1.5,0,7,39.2,0
CLIENT-13997,64,50456.95,8079.65,36,60.27,2.3,0,7,65.1,0
CLIENT-13998,29,41633.49,11704.49,24,59.58,2.5,0,8,76.1,0
CLIENT-13999,38,13502.29,32481.67,12,38.53,0.6,0,9,82.2,0
CLIENT-14000,28,51196.74,16044.68,36,40.43,1.3,0,6,89.7,0
CLIENT-14001,56,21669.44,17374.56,24,28.26,1.5,0,3,47.6,0
CLIENT-14002,45,15519.28,5572.4,48,23.41,0.4,0,5,71.2,0
CLIENT-14003,22,13346.28,10459.43,12,54.84,2.0,0,3,55.9,0
CLIENT-14004,34,31899.24,13845.78,48,15.85,0.4,0,10,59.4,0
CLIENT-14005,37,19733.74,21754.95,60,36.8,6.1,0,9,82.0,0
CLIENT-14006,58,8992.83,9985.89,48,44.89,2.4,0,5,58.1,1
CLIENT-14007,63,29287.81,25578.52,48,15.7,2.0,2,7,70.0,0
CLIENT-14008,29,27055.82,5996.63,60,38.58,0.7,2,10,63.3,0
CLIENT-14009,23,33191.84,14026.1,24,41.76,1.3,0,7,85.0,0
CLIENT-14010,34,24900.95,12477.34,60,50.84,1.3,0,7,42.5,0
CLIENT-14011,68,108836.04,4624.54,48,22.92,21.1,0,10,88.6,0
CLIENT-14012,36,49533.4,12920.94,48,26.13,9.0,0,4,92.3,0
CLIENT-14013,43,26909.43,8885.51,36,41.32,0.1,0,4,78.9,0
CLIENT-14014,65,34955.25,35941.3,36,64.07,4.8,0,3,73.4,0
CLIENT-14015,61,84862.33,10024.83,36,21.96,1.5,0,4,39.4,0
CLIENT-14016,61,64471.19,17079.08,36,64.22,0.6,0,9,79.6,0
CLIENT-14017,69,15713.46,5643.56,48,49.29,6.1,0,5,85.1,0
CLIENT-14018,49,20240.19,15765.8,12,55.43,0.7,0,6,71.5,0
CLIENT-14019,23,22717.52,9991.28,36,14.93,2.9,1,4,60.2,0
CLIENT-14020,53,27894.37,7758.98,36,26.52,5.0,1,1,91.9,0
CLIENT-14021,55,25406.14,97122.13,24,13.18,4.0,1,7,57.0,1
CLIENT-14022,28,37064.15,10431.5,24,30.44,19.0,0,7,86.9,0
CLIENT-14023,50,56468.19,11517.65,24,63.97,7.7,0,6,77.9,0
CLIENT-14024,41,62417.2,25119.39,36,15.79,7.4,0,4,67.4,0
CLIENT-14025,40,29849.45,7801.73,36,40.93,2.2,0,10,100.0,0
CLIENT-14026,32,13618.49,17717.19,12,10.33,0.0,0,8,77.2,0
CLIENT-14027,44,19452.95,19095.81,60,49.2,6.6,1,8,78.8,1
CLIENT-14028,28,26585.87,15855.79,48,20.85,35.0,3,1,77.7,0
CLIENT-14029,68,17205.41,66665.14,48,17.13,2.6,1,9,74.5,0
CLIENT-14030,67,72006.77,7608.43,24,28.54,21.2,0,8,68.6,0
CLIENT-14031,34,17894.98,39195.63,36,52.41,0.8,0,2,81.4,0
CLIENT-14032,68,52587.72,18592.22,36,15.86,1.8,1,9,71.5,0
CLIENT-14033,31,13238.33,25250.84,60,22.64,0.9,2,4,42.7,0
CLIENT-14034,44,53869.55,16964.26,48,10.47,3.2,0,10,57.6,0
CLIENT-14035,35,33404.26,49751.41,36,63.26,8.0,0,6,87.3,0
CLIENT-14036,45,89995.81,10678.05,48,42.57,2.1,0,2,83.3,0
CLIENT-14037,68,18417.61,18921.5,24,49.59,11.8,0,10,54.4,0
CLIENT-14038,64,25887.9,33317.27,12,45.83,3.9,0,4,61.9,0
CLIENT-14039,64,29078.1,9034.54,36,17.94,3.1,2,2,60.8,1
CLIENT-14040,21,33140.12,26911.41,12,42.72,7.7,0,9,91.8,0
CLIENT-14041,24,29507.85,13186.56,24,17.23,0.5,0,9,46.9,0
CLIENT-14042,62,29851.57,5628.41,48,32.07,7.4,0,5,60.8,0
CLIENT-14043,52,29559.56,4836.21,24,41.29,1.4,0,3,71.2,0
CLIENT-14044,65,10480.71,12536.83,36,40.74,1.6,0,3,48.3,1
CLIENT-14045,26,65907.05,26732.08,60,16.55,4.6,0,1,71.2,0
CLIENT-14046,25,202133.15,3117.3,36,11.89,11.6,0,8,54.3,1
CLIENT-14047,69,43432.47,15372.19,24,53.9,4.3,3,3,57.4,1
CLIENT-14048,62,18371.38,24950.87,24,49.93,5.2,0,4,62.2,1
CLIENT-14049,34,19521.6,5461.26,24,14.5,7.5,0,2,67.3,0
CLIENT-14050,34,52465.15,8571.72,12,17.01,1.5,2,8,61.5,1
CLIENT-14051,66,45765.31,19943.47,12,59.09,8.8,3,3,71.4,1
CLIENT-14052,50,30620.53,24196.82,36,52.3,2.7,0,11,88.7,0
CLIENT-14053,49,57070.5,41063.25,36,64.79,1.0,1,2,83.0,0
CLIENT-14054,25,10526.69,8862.3,48,23.97,2.2,0,1,92.7,0
CLIENT-14055,36,57093.03,7548.44,48,36.83,1.4,0,10,68.9,1
CLIENT-14056,55,41883.9,42483.87,48,23.01,1.3,0,2,68.9,0
CLIENT-14057,20,19978.88,7875.73,36,44.25,1.7,0,2,73.1,0
CLIENT-14058,22,15367.43,19055.29,24,16.35,1.0,0,4,47.0,0
CLIENT-14059,30,39057.74,61585.42,48,17.0,5.5,0,11,85.5,0
CLIENT-14060,64,84486.15,22626.93,36,13.95,4.3,0,1,64.4,0
CLIENT-14061,63,31670.6,23116.2,12,48.15,5.2,0,1,69.3,0
CLIENT-14062,48,21772.2,32684.17,48,37.17,2.1,0,6,76.4,0
CLIENT-14063,33,40732.15,19291.26,36,43.98,7.3,1,5,58.4,1
CLIENT-14064,67,108285.13,23194.01,24,58.36,0.7,0,1,58.9,0
CLIENT-14065,49,47041.24,10511.1,48,50.72,4.2,0,6,75.9,0
CLIENT-14066,39,50193.52,30090.77,60,35.39,1.6,3,8,76.5,1
CLIENT-14067,46,75635.36,17844.26,36,64.14,3.7,0,5,100.0,0
CLIENT-14068,39,48220.25,4747.4,36,35.09,2.0,0,3,73.7,0
CLIENT-14069,60,22729.48,15836.31,36,16.18,7.8,0,3,78.0,0
CLIENT-14070,20,12749.67,2925.58,48,64.6,11.1,0,11,100.0,0
CLIENT-14071,27,20889.63,22020.72,12,11.26,6.8,0,2,75.2,0
CLIENT-14072,59,18716.56,11344.79,36,40.24,1.0,1,9,76.5,0
CLIENT-14073,38,53937.7,50710.43,60,27.0,1.6,0,9,26.3,0
CLIENT-14074,33,58630.41,18821.25,24,37.7,12.6,0,7,64.2,0
CLIENT-14075,29,40349.86,25512.58,60,40.73,2.9,0,1,73.1,0
CLIENT-14076,19,16962.92,6409.55,60,23.21,14.2,0,1,58.6,0
CLIENT-14077,58,106081.0,21573.1,24,40.63,2.5,0,4,73.2,0
CLIENT-14078,41,28290.29,8531.66,48,51.58,15.2,1,2,80.8,1
CLIENT-14079,52,52160.91,28663.0,24,24.66,13.0,0,3,83.9,0
CLIENT-14080,47,37406.32,6106.77,48,31.09,5.4,0,2,68.4,0
CLIENT-14081,47,41159.01,14427.12,48,24.75,0.0,0,1,46.6,0
CLIENT-14082,64,51067.85,5940.11,24,55.13,2.6,0,3,71.3,1
CLIENT-14083,52,23918.03,14589.64,48,49.87,12.1,2,7,63.7,1
CLIENT-14084,36,79478.47,55035.89,48,57.92,10.8,1,10,58.5,1
CLIENT-14085,67,14076.99,22134.39,36,19.35,1.0,0,9,65.8,0
CLIENT-14086,25,19474.6,13058.05,24,14.05,2.5,0,10,64.8,0
CLIENT-14087,43,78862.23,2383.89,12,16.57,9.0,0,9,66.7,0
CLIENT-14088,66,51740.85,9182.17,36,18.86,4.3,0,8,63.1,0
CLIENT-14089,57,166747.28,18624.95,60,39.32,9.4,1,6,91.6,0
CLIENT-14090,24,37835.77,9343.16,48,63.4,8.8,0,1,74.0,0
CLIENT-14091,47,100735.91,36279.39,36,29.65,11.9,0,8,74.1,1
CLIENT-14092,24,11914.52,14045.77,36,62.72,0.6,0,8,76.2,0
CLIENT-14093,20,15551.17,28424.78,24,12.1,0.8,0,9,49.4,0
CLIENT-14094,18,62150.57,15420.15,24,60.98,0.4,0,10,85.2,0
CLIENT-14095,53,12781.82,11012.79,36,19.96,13.7,0,11,100.0,0
CLIENT-14096,42,32259.87,9605.31,36,60.19,3.2,0,6,55.6,0
CLIENT-14097,54,73154.25,6578.04,36,13.09,0.3,0,3,59.9,0
CLIENT-14098,18,49055.26,28785.56,60,62.15,1.9,0,6,61.8,0
CLIENT-14099,32,36558.07,9901.01,36,21.04,2.2,0,8,74.5,0
CLIENT-14100,54,27737.36,19256.57,36,26.65,8.3,0,7,68.0,0
CLIENT-14101,30,41000.34,9246.3,24,37.0,6.6,0,8,62.3,0
CLIENT-14102,57,51346.34,6259.65,60,30.94,5.8,0,3,78.8,0
CLIENT-14103,25,24427.47,19704.43,48,46.71,0.1,0,8,75.8,0
CLIENT-14104,22,45389.75,7921.27,48,63.61,12.1,0,5,88.3,0
CLIENT-14105,26,69359.5,10093.62,36,43.35,1.2,0,7,72.2,0
CLIENT-14106,18,31777.48,5574.28,36,49.68,5.0,1,4,69.4,0
CLIENT-14107,53,37830.6,9459.87,36,14.84,0.3,0,3,63.5,0
CLIENT-14108,52,48546.01,13587.09,24,44.53,0.4,0,6,73.5,0
CLIENT-14109,19,50554.16,10924.42,36,34.96,0.0,0,9,54.4,0
CLIENT-14110,57,61517.2,23688.82,60,58.72,4.2,2,4,86.3,1
CLIENT-14111,40,19759.21,14792.34,24,31.35,5.0,3,9,79.4,0
CLIENT-14112,26,26440.35,115973.81,12,47.37,0.3,2,3,73.4,1
CLIENT-14113,51,27034.6,17979.28,48,22.55,1.7,0,6,64.0,0
CLIENT-14114,63,21113.18,3964.59,24,24.27,9.5,0,5,94.6,0
CLIENT-14115,31,12344.32,11510.12,36,30.69,0.5,1,9,61.8,1
CLIENT-14116,21,5152.89,12229.74,36,26.72,1.2,1,6,57.2,0
CLIENT-14117,47,74404.49,8694.61,36,23.96,2.8,2,2,65.4,1
CLIENT-14118,48,14294.99,14056.32,48,12.73,9.2,0,4,82.4,0
CLIENT-14119,55,92958.22,8515.32,36,56.02,1.5,0,5,91.5,0
CLIENT-14120,28,56593.29,16864.63,48,13.54,29.3,0,11,85.9,0
CLIENT-14121,52,28469.45,3511.92,48,58.81,2.2,0,11,50.4,1
CLIENT-14122,25,52567.5,29759.72,48,16.9,2.4,1,9,69.1,0
CLIENT-14123,20,46867.51,4425.76,12,13.59,0.7,1,1,62.8,0
CLIENT-14124,31,18749.74,11109.0,24,40.97,5.7,0,9,76.0,0
CLIENT-14125,30,35990.61,7999.27,12,37.63,1.4,0,10,65.6,0
CLIENT-14126,62,20172.93,16550.04,36,37.02,5.0,3,1,81.6,1
CLIENT-14127,49,53770.31,11751.44,48,41.6,1.3,0,1,63.2,0
CLIENT-14128,51,23644.07,15933.12,36,25.79,2.5,0,4,57.3,0
CLIENT-14129,62,34269.89,29080.84,48,46.46,9.7,0,6,89.6,0
CLIENT-14130,36,33393.64,22880.28,36,37.63,6.7,0,2,69.5,0
CLIENT-14131,55,39063.64,13703.62,36,28.41,0.8,0,1,83.3,0
CLIENT-14132,33,98472.54,18428.53,48,55.46,4.7,0,4,52.7,0
CLIENT-14133,19,31427.03,52680.74,36,50.02,5.0,0,8,55.7,0
CLIENT-14134,57,75414.61,23458.0,48,31.65,0.5,0,6,51.0,0
CLIENT-14135,34,48435.98,10878.28,24,56.62,3.1,0,5,58.4,0
CLIENT-14136,51,85053.99,32679.56,60,60.61,1.5,0,1,59.8,1
CLIENT-14137,59,29641.73,17569.46,36,39.53,3.1,0,3,58.5,0
CLIENT-14138,33,55142.82,6809.39,48,21.82,7.5,1,7,69.4,0
CLIENT-14139,55,35046.79,11772.18,12,60.37,0.9,0,10,55.0,1
CLIENT-14140,19,6041.24,4766.75,36,20.42,0.7,0,3,58.6,0
CLIENT-14141,19,18884.45,2698.59,60,12.66,1.6,0,5,73.3,0
CLIENT-14142,43,51504.59,6875.17,48,28.01,15.2,0,6,99.4,0
CLIENT-14143,30,49501.53,14556.7,12,49.98,6.9,0,9,77.2,0
CLIENT-14144,64,16697.49,14586.57,36,60.78,0.1,0,11,75.8,0
CLIENT-14145,48,41449.06,4973.59,36,45.05,2.6,2,3,66.0,0
CLIENT-14146,51,49116.79,2527.2,24,62.35,1.5,2,6,40.3,1
CLIENT-14147,56,35567.97,37404.03,48,15.08,5.1,0,11,67.0,0
CLIENT-14148,20,56234.81,14281.28,24,13.34,3.1,0,2,54.7,0
CLIENT-14149,25,51820.09,39695.71,36,43.23,16.7,0,9,85.3,0
CLIENT-14150,40,35557.77,38139.81,36,63.14,1.2,0,9,93.6,0
CLIENT-14151,31,26729.02,22343.63,36,37.65,4.4,0,7,56.4,0
CLIENT-14152,44,67881.92,13924.44,48,12.83,6.0,0,11,69.7,0
CLIENT-14153,46,47949.19,10113.68,60,22.17,8.7,1,9,49.6,1
CLIENT-14154,56,15853.42,22093.03,24,23.46,2.6,2,4,82.4,1
CLIENT-14155,56,41462.25,11945.38,48,28.58,5.8,0,10,88.7,0
CLIENT-14156,18,18203.79,8841.98,24,12.4,1.8,0,1,78.5,0
CLIENT-14157,34,20358.61,3076.25,36,59.77,2.9,0,1,74.8,0
CLIENT-14158,58,24559.5,12604.72,12,38.36,11.3,0,2,69.3,0
CLIENT-14159,47,37306.54,28786.72,24,46.9,15.0,2,10,77.4,1
CLIENT-14160,30,45464.69,32258.01,36,13.69,6.3,0,11,65.9,0
CLIENT-14161,38,28413.93,13867.39,36,12.98,2.3,0,3,64.4,0
CLIENT-14162,36,29169.84,7171.73,48,42.26,8.6,1,2,88.8,0
CLIENT-14163,36,26850.88,25132.59,48,58.8,0.1,0,4,81.7,0
CLIENT-14164,42,68084.73,13216.8,60,39.07,0.5,0,8,61.4,0
CLIENT-14165,39,6556.64,10342.61,36,58.28,5.4,0,3,97.1,0
CLIENT-14166,48,30175.74,4821.59,24,54.6,1.7,0,4,59.6,0
CLIENT-14167,34,91765.43,58257.79,36,14.17,15.1,0,2,99.0,0
CLIENT-14168,40,49530.21,22401.4,36,21.11,2.9,0,1,50.5,1
CLIENT-14169,49,77660.99,24158.07,36,46.17,2.8,0,8,67.8,0
CLIENT-14170,27,10715.54,7302.95,36,34.39,5.7,0,7,76.8,0
CLIENT-14171,27,17234.19,14126.74,36,25.99,7.3,0,10,75.2,0
CLIENT-14172,53,49435.74,12618.94,36,33.02,3.2,3,2,72.7,0
CLIENT-14173,25,92076.81,23097.19,24,34.49,1.2,0,8,89.1,0
CLIENT-14174,69,18311.02,34606.71,12,60.08,7.4,0,10,76.6,0
CLIENT-14175,37,28777.32,4895.39,24,15.69,1.9,2,3,77.7,1
CLIENT-14176,49,46206.63,6296.35,24,25.39,1.0,3,7,60.9,1
CLIENT-14177,67,15191.65,20994.52,48,39.57,5.0,1,1,82.3,0
CLIENT-14178,31,49662.96,9361.67,24,48.41,0.5,0,3,63.4,0
CLIENT-14179,67,7292.41,23633.3,48,44.69,17.8,0,9,87.1,0
CLIENT-14180,45,48793.08,10289.29,36,61.79,5.0,0,4,91.6,0
CLIENT-14181,63,19989.23,5573.94,12,53.76,21.3,1,1,71.2,0
CLIENT-14182,69,27762.51,3898.92,48,40.64,2.1,0,11,77.9,0
CLIENT-14183,41,53697.96,18748.88,36,21.81,17.7,0,6,74.3,0
CLIENT-14184,32,47493.65,19073.5,24,34.8,0.8,0,1,68.9,0
CLIENT-14185,39,36142.01,26348.09,48,48.14,0.2,0,10,66.7,0
CLIENT-14186,47,64953.33,16806.34,12,56.09,0.2,0,1,53.0,0
CLIENT-14187,21,13093.8,962.75,24,62.79,3.1,1,2,60.1,0
CLIENT-14188,30,41054.21,19003.98,48,43.3,0.4,0,3,71.4,0
CLIENT-14189,40,22604.36,4816.39,48,38.98,3.6,0,2,91.5,0
CLIENT-14190,25,62995.52,3614.1,24,10.97,2.0,1,8,75.1,0
CLIENT-14191,35,54843.57,3321.9,12,13.97,2.0,0,6,87.1,0
CLIENT-14192,29,56050.53,3114.64,48,18.59,5.0,0,1,43.9,0
CLIENT-14193,48,97463.1,16240.85,36,13.01,0.9,0,6,90.4,0
CLIENT-14194,31,71382.54,8007.8,24,32.05,7.3,0,1,79.9,0
CLIENT-14195,51,33042.41,4612.97,36,28.53,4.4,0,9,85.6,0
CLIENT-14196,35,36287.89,13577.34,60,45.05,12.3,0,3,40.9,0
CLIENT-14197,51,52081.39,6160.09,12,39.46,2.3,2,1,64.1,0
CLIENT-14198,28,39407.24,26549.06,48,42.78,20.3,2,1,54.3,0
CLIENT-14199,58,55442.63,36870.0,36,35.96,4.3,0,2,80.7,0
CLIENT-14200,29,9526.26,11472.16,36,25.28,18.1,0,6,77.6,0
CLIENT-14201,66,112249.81,35034.62,48,62.41,0.1,0,1,84.0,0
CLIENT-14202,32,37669.92,34993.36,60,14.75,6.5,0,7,64.3,0
CLIENT-14203,48,13718.78,14174.86,24,61.64,8.5,0,11,82.3,1
CLIENT-14204,66,20988.37,44955.01,24,27.12,0.3,0,4,70.0,0
CLIENT-14205,46,10121.36,8645.87,60,38.2,4.3,0,7,87.6,0
CLIENT-14206,43,18880.01,3399.29,36,15.99,8.1,0,4,80.3,0
CLIENT-14207,35,33344.59,4500.46,36,13.9,4.1,0,11,59.1,0
CLIENT-14208,49,90113.82,8371.77,36,33.62,0.3,1,4,74.3,0
CLIENT-14209,39,46462.68,19419.08,48,50.79,5.9,1,4,49.2,0
CLIENT-14210,55,41760.92,5952.84,48,24.82,0.3,0,10,87.9,0
CLIENT-14211,34,18378.51,8324.34,60,40.93,8.5,0,10,80.0,0
CLIENT-14212,40,22143.71,5571.2,36,25.33,0.2,2,8,80.6,0
CLIENT-14213,41,23198.51,8458.85,24,31.37,0.7,0,2,83.8,0
CLIENT-14214,67,23773.41,34197.12,36,59.85,1.6,0,8,73.3,0
CLIENT-14215,25,29409.64,17159.43,36,57.07,5.0,0,10,48.1,0
CLIENT-14216,58,30773.01,8920.5,36,38.38,18.7,0,11,84.5,0
CLIENT-14217,23,29630.31,31392.67,36,23.1,0.6,0,1,59.0,0
CLIENT-14218,22,24275.08,13601.91,24,20.63,0.8,0,7,57.7,0
CLIENT-14219,61,39380.73,14669.99,36,62.47,2.3,0,7,81.3,0
CLIENT-14220,46,30072.04,29730.91,36,21.15,9.0,0,6,62.1,0
CLIENT-14221,45,13941.98,10510.87,48,54.45,3.1,0,4,72.5,1
CLIENT-14222,28,37072.44,25371.16,36,30.29,1.9,0,5,80.9,0
CLIENT-14223,18,33858.37,24135.77,24,64.21,4.1,0,1,80.4,0
CLIENT-14224,60,14075.96,12065.66,36,30.25,1.5,0,2,86.5,0
CLIENT-14225,36,25469.05,5027.43,48,29.33,2.6,0,10,61.7,0
CLIENT-14226,26,51960.73,13478.95,36,45.06,2.0,0,7,65.4,0
CLIENT-14227,44,18363.68,29616.21,36,62.88,8.2,0,2,75.3,0
CLIENT-14228,51,17234.92,23714.4,36,63.69,12.9,0,8,50.7,0
CLIENT-14229,61,29883.74,44230.74,24,48.9,7.1,0,7,58.0,1
CLIENT-14230,21,52773.23,9477.92,48,51.5,2.9,1,10,56.7,0
CLIENT-14231,53,107602.22,23052.06,12,40.99,3.5,0,8,38.5,0
CLIENT-14232,35,53925.63,6605.11,36,51.57,0.7,0,4,61.9,0
CLIENT-14233,32,69626.23,15384.39,24,57.29,6.9,2,1,70.2,0
CLIENT-14234,68,44712.96,28963.41,12,36.74,4.5,0,7,72.4,0
CLIENT-14235,30,24075.03,25197.43,36,44.09,11.6,2,1,63.1,0
CLIENT-14236,36,53692.39,14359.27,36,39.55,1.1,0,7,57.1,0
CLIENT-14237,66,34497.26,11074.09,48,40.94,7.1,0,9,68.2,0
CLIENT-14238,23,45534.26,6658.29,48,58.95,5.8,0,5,62.4,0
CLIENT-14239,65,20586.32,11406.73,48,29.56,1.5,0,2,34.6,1
CLIENT-14240,29,48043.76,5339.34,36,21.45,5.5,0,11,57.0,0
CLIENT-14241,68,33782.39,10506.66,36,35.1,12.9,0,1,74.6,0
CLIENT-14242,54,41720.78,3773.07,36,21.44,12.5,1,8,69.9,0
CLIENT-14243,34,34508.33,5307.8,36,37.41,6.4,0,4,72.9,0
CLIENT-14244,40,30751.01,24269.22,36,59.69,0.2,0,8,79.2,1
CLIENT-14245,43,48572.58,22448.43,60,43.96,10.3,0,2,74.1,0
CLIENT-14246,46,28462.57,10914.05,24,57.05,5.4,0,3,71.3,0
CLIENT-14247,50,13999.64,13979.37,60,19.14,1.9,1,3,63.9,1
CLIENT-14248,44,11797.21,15355.47,12,59.55,1.0,0,4,59.7,1
CLIENT-14249,42,40564.56,18439.12,36,43.1,0.6,0,9,70.9,0
CLIENT-14250,27,27768.83,17108.35,24,11.75,0.3,0,9,54.6,0
CLIENT-14251,64,12868.54,5240.94,36,44.82,7.0,1,5,80.6,0
CLIENT-14252,40,38712.62,2415.93,24,62.33,1.3,0,7,55.7,0
CLIENT-14253,38,34326.58,6556.28,48,14.35,0.1,3,9,91.0,1
CLIENT-14254,38,26909.42,11991.68,48,42.04,2.5,0,1,69.2,0
CLIENT-14255,60,42111.9,26163.71,36,60.35,3.3,1,2,87.1,0
CLIENT-14256,30,79941.98,15741.44,36,10.53,0.9,0,6,53.9,0
CLIENT-14257,54,78492.19,19420.09,60,44.7,0.2,0,3,94.7,0
CLIENT-14258,50,39587.11,7130.83,48,36.12,1.0,0,11,53.7,0
CLIENT-14259,41,34515.84,12714.39,36,29.08,5.7,0,11,69.2,0
CLIENT-14260,61,39920.34,13986.38,48,44.51,0.4,0,7,50.4,0
CLIENT-14261,28,43713.15,7871.68,36,12.9,4.0,0,5,70.3,0
CLIENT-14262,34,30915.75,6318.95,36,51.42,0.8,0,10,67.9,0
CLIENT-14263,21,40324.96,11399.51,36,10.25,1.1,0,8,35.7,0
CLIENT-14264,64,14126.71,21223.52,36,26.88,2.5,0,1,72.2,0
CLIENT-14265,42,38132.01,7090.66,12,37.72,0.5,0,9,77.8,0
CLIENT-14266,47,48343.55,11547.97,36,30.74,1.0,0,11,57.1,0
CLIENT-14267,26,27067.66,34492.35,36,26.91,2.1,0,10,65.7,0
CLIENT-14268,38,34293.68,9287.84,60,55.7,2.0,0,6,66.7,0
CLIENT-14269,37,18640.59,13428.01,60,61.42,6.9,0,5,94.8,0
CLIENT-14270,36,17151.0,12406.85,36,58.05,0.4,0,8,73.0,0
CLIENT-14271,36,41212.18,11714.07,36,38.73,9.8,0,4,61.8,1
CLIENT-14272,29,23441.48,42956.13,24,58.63,8.5,1,9,53.5,0
CLIENT-14273,54,12505.26,16548.11,36,60.65,7.3,0,5,44.3,0
CLIENT-14274,59,18637.54,4450.95,12,32.51,1.9,0,1,68.1,1
CLIENT-14275,34,20336.5,38944.54,24,25.59,8.7,0,8,71.8,0
CLIENT-14276,54,57800.25,16193.57,36,15.4,1.0,0,9,51.8,0
CLIENT-14277,65,40435.7,10285.58,36,36.35,0.7,1,5,48.7,0
CLIENT-14278,56,21526.47,34358.67,12,62.05,0.2,1,5,77.1,1
CLIENT-14279,45,25523.13,7745.89,48,40.85,14.0,0,6,84.7,0
CLIENT-14280,58,79797.75,44399.79,36,46.72,1.8,2,9,65.7,0
CLIENT-14281,52,63682.27,14261.4,12,16.21,12.5,0,5,77.6,0
CLIENT-14282,64,18567.42,27008.08,12,17.89,1.6,0,2,68.5,0
CLIENT-14283,65,72992.76,114376.56,24,35.55,11.9,2,3,100.0,0
CLIENT-14284,35,34600.48,15154.67,24,62.32,11.7,0,11,68.8,0
CLIENT-14285,31,58674.88,12484.18,48,29.84,12.9,0,10,90.6,0
CLIENT-14286,52,32925.91,6330.15,36,58.26,3.4,0,3,78.5,0
CLIENT-14287,61,73976.11,12278.45,48,16.62,10.0,0,9,61.9,0
CLIENT-14288,58,18110.15,6468.37,24,43.94,15.1,1,8,78.8,1
CLIENT-14289,24,31154.99,11720.82,36,43.03,2.0,0,6,69.1,1
CLIENT-14290,58,75348.24,101344.3,36,57.29,2.7,0,5,54.7,1
CLIENT-14291,30,8642.4,14526.34,36,10.18,6.4,0,10,71.4,0
CLIENT-14292,35,35325.6,9067.2,36,20.45,1.8,0,2,63.6,0
CLIENT-14293,54,28677.62,11535.65,60,22.08,7.0,1,9,69.3,0
CLIENT-14294,30,54764.46,10013.51,24,62.25,0.4,0,10,68.9,0
CLIENT-14295,53,69005.95,27830.32,36,18.45,3.7,0,8,66.7,0
CLIENT-14296,48,56284.27,12542.06,48,12.03,0.7,0,5,55.7,0
CLIENT-14297,19,41965.37,41201.16,12,39.4,1.7,0,6,88.3,0
CLIENT-14298,33,37210.22,10707.83,12,39.07,1.5,1,9,68.9,0
CLIENT-14299,26,29565.8,11202.53,24,56.42,9.1,0,1,73.3,0
CLIENT-14300,26,41191.35,7131.32,36,62.19,1.1,0,4,67.0,0
CLIENT-14301,55,87185.46,10215.21,24,39.62,8.3,0,5,63.9,0
CLIENT-14302,28,22063.78,3969.92,24,61.15,7.9,1,9,73.0,0
CLIENT-14303,39,28531.13,3008.31,36,49.88,3.5,0,5,91.1,0
CLIENT-14304,50,34706.91,20687.22,36,24.55,1.3,0,5,46.6,0
CLIENT-14305,53,66208.2,3937.07,24,61.06,1.3,0,3,53.6,0
CLIENT-14306,62,41522.11,17750.62,36,46.71,3.1,0,8,65.1,0
CLIENT-14307,40,65518.59,9411.17,36,32.78,0.0,1,7,58.2,0
CLIENT-14308,62,67539.37,25788.15,60,47.41,3.8,0,8,100.0,0
CLIENT-14309,62,51803.97,3998.27,36,32.07,15.3,1,4,64.8,0
CLIENT-14310,51,19179.63,20308.11,48,16.28,0.8,0,8,77.1,0
CLIENT-14311,26,98386.25,16850.24,36,49.54,4.3,0,10,65.7,0
CLIENT-14312,41,84747.24,17218.87,24,55.32,16.3,1,4,32.0,0
CLIENT-14313,25,37726.73,29340.65,36,50.08,9.8,0,1,63.9,0
CLIENT-14314,24,15850.21,14033.48,48,22.6,9.5,0,4,52.4,0
CLIENT-14315,53,14238.45,2407.91,36,62.61,8.6,0,5,75.0,0
CLIENT-14316,35,42301.99,18294.86,48,11.39,1.8,2,10,65.5,0
CLIENT-14317,20,23835.94,16710.14,60,28.3,11.1,0,8,58.5,0
CLIENT-14318,45,12960.82,11257.19,12,24.31,14.2,0,10,68.3,0
CLIENT-14319,23,14078.17,7411.28,12,12.65,3.4,0,6,63.6,0
CLIENT-14320,61,27392.11,10377.1,24,32.32,2.2,0,11,85.3,0
CLIENT-14321,61,40821.24,37072.91,36,44.27,2.7,0,10,78.4,0
CLIENT-14322,38,84408.88,7016.81,24,58.54,2.0,0,5,96.0,0
CLIENT-14323,45,48558.89,3950.95,48,64.43,1.2,1,3,80.8,0
CLIENT-14324,57,28887.3,4780.1,12,54.44,4.8,0,4,77.3,0
CLIENT-14325,18,45613.99,13033.69,36,35.78,4.1,0,6,79.0,0
CLIENT-14326,53,43232.19,43027.53,24,49.8,3.1,1,6,81.0,0
CLIENT-14327,38,56597.9,62529.61,60,56.4,0.5,0,6,43.0,1
CLIENT-14328,60,35455.54,21060.66,36,35.59,8.0,0,2,77.8,0
CLIENT-14329,52,67624.03,6721.91,60,53.18,1.0,0,11,46.1,0
CLIENT-14330,30,59555.93,7240.43,60,36.55,0.6,1,8,41.3,0
CLIENT-14331,66,38162.93,24663.66,36,31.26,4.9,0,8,53.3,0
CLIENT-14332,27,33808.43,33933.05,24,38.93,2.5,0,6,73.8,0
CLIENT-14333,61,63060.45,8523.67,24,47.17,0.3,0,4,50.5,0
CLIENT-14334,64,23668.86,36210.9,24,49.98,2.2,1,2,77.6,0
CLIENT-14335,27,14706.32,11376.53,48,29.62,7.4,0,6,94.5,0
CLIENT-14336,63,14656.24,22026.44,12,41.42,4.8,1,6,65.4,0
CLIENT-14337,30,22520.37,29786.99,12,60.04,2.3,0,10,73.0,0
CLIENT-14338,54,53948.84,4735.12,36,63.7,1.1,0,3,59.5,1
CLIENT-14339,55,28178.67,18324.74,36,22.5,5.0,0,2,51.6,0
CLIENT-14340,41,41056.71,36317.31,36,20.61,10.9,0,4,67.1,0
CLIENT-14341,19,26979.22,9023.02,36,47.22,5.2,0,8,58.3,0
CLIENT-14342,39,27108.04,6376.62,48,32.81,8.4,0,5,63.1,1
CLIENT-14343,34,19628.18,18889.28,36,11.33,3.7,0,3,59.0,0
CLIENT-14344,53,34367.36,14667.81,24,29.08,6.3,0,5,49.9,0
CLIENT-14345,31,32692.53,10624.17,48,54.37,11.3,0,9,68.2,0
CLIENT-14346,27,46518.2,13339.05,60,53.86,7.4,0,11,41.1,1
CLIENT-14347,52,43157.81,4149.71,12,37.21,12.0,1,8,77.6,0
CLIENT-14348,42,32264.14,17732.12,36,35.99,2.8,2,10,44.6,1
CLIENT-14349,20,14710.94,40734.0,36,41.87,11.7,0,7,61.1,0
CLIENT-14350,64,69033.54,8100.87,24,22.07,4.9,0,4,87.5,0
CLIENT-14351,55,34508.93,7480.9,48,38.93,10.2,0,2,80.7,0
CLIENT-14352,34,38092.99,15075.0,24,10.61,0.2,0,9,70.0,0
CLIENT-14353,29,94873.25,97940.38,48,36.16,5.4,0,3,100.0,0
CLIENT-14354,69,62625.84,28851.53,36,28.48,9.4,0,6,71.4,0
CLIENT-14355,41,47470.77,12507.42,36,47.12,1.0,1,7,85.9,0
CLIENT-14356,46,36265.3,13735.23,24,45.11,5.4,0,3,60.6,0
CLIENT-14357,60,36062.64,30921.06,24,30.95,8.7,0,3,26.7,1
CLIENT-14358,42,41943.08,7068.74,12,10.4,1.7,1,3,73.4,0
CLIENT-14359,53,46357.76,20500.81,24,23.88,2.6,0,3,76.7,0
CLIENT-14360,43,101401.29,6110.61,36,44.83,4.2,0,3,76.2,0
CLIENT-14361,55,160164.97,25525.68,48,13.98,3.7,0,7,48.4,0
CLIENT-14362,18,43224.23,10875.11,36,15.92,0.2,3,5,100.0,0
CLIENT-14363,37,9976.97,15374.81,48,45.59,0.5,0,4,53.4,0
CLIENT-14364,45,20515.86,10391.95,36,51.57,0.5,0,6,71.5,1
CLIENT-14365,33,107677.74,21787.26,48,27.69,1.5,1,8,73.8,1
CLIENT-14366,64,55892.84,11822.06,60,36.93,1.4,0,2,82.3,0
CLIENT-14367,34,46893.2,60510.98,24,62.01,6.8,1,3,59.7,1
CLIENT-14368,57,32856.25,36069.66,48,62.0,4.3,0,2,77.8,0
CLIENT-14369,45,17793.47,5361.49,36,26.91,7.2,3,7,94.3,1
CLIENT-14370,29,99376.79,15275.71,48,54.55,0.4,1,2,63.1,0
CLIENT-14371,44,22160.66,22350.6,36,42.67,3.3,0,5,62.4,0
CLIENT-14372,59,56251.45,9694.25,36,63.65,2.0,0,11,54.9,0
CLIENT-14373,64,16640.24,31217.49,24,36.27,9.5,2,10,73.6,1
CLIENT-14374,47,31913.7,28746.05,12,52.61,6.2,0,9,56.7,0
CLIENT-14375,58,65892.13,12600.68,36,52.25,10.2,0,8,80.4,0
CLIENT-14376,51,31262.78,26551.75,60,37.36,0.2,1,8,62.8,1
CLIENT-14377,54,29112.71,2471.39,48,53.76,6.4,0,3,66.4,0
CLIENT-14378,23,36548.0,34555.15,36,24.36,3.9,0,1,55.1,0
CLIENT-14379,24,16291.49,24848.59,48,16.72,8.7,0,2,100.0,0
CLIENT-14380,49,14552.41,6239.31,48,33.38,3.5,0,7,71.5,0
CLIENT-14381,49,55744.94,15935.69,24,61.9,3.9,0,4,52.7,0
CLIENT-14382,42,28188.63,3234.41,12,37.54,0.3,0,10,74.2,0
CLIENT-14383,50,55486.27,7829.1,24,44.94,5.5,1,5,44.6,0
CLIENT-14384,24,71033.71,28765.95,48,44.33,1.6,0,1,60.1,0
CLIENT-14385,69,74547.04,13240.22,48,17.29,0.1,0,11,76.4,0
CLIENT-14386,29,13730.78,12736.89,24,31.47,0.3,1,2,77.8,0
CLIENT-14387,33,23892.08,13789.44,24,48.88,15.8,0,9,83.4,0
CLIENT-14388,33,50138.84,12708.16,48,63.46,2.1,0,6,89.5,0
CLIENT-14389,60,50604.76,26668.62,60,19.24,10.1,1,7,67.4,0
CLIENT-14390,53,140037.08,8662.05,48,32.57,16.1,0,5,83.4,0
CLIENT-14391,30,21066.34,17917.66,36,15.23,14.3,0,9,82.0,0
CLIENT-14392,24,73196.37,5995.52,24,23.33,10.7,0,10,82.7,0
CLIENT-14393,53,45404.42,22443.79,36,30.72,11.3,0,5,47.8,0
CLIENT-14394,64,13573.28,10668.39,24,39.74,1.7,1,6,73.9,0
CLIENT-14395,68,26142.32,12981.87,48,22.68,0.8,0,10,65.6,0
CLIENT-14396,26,42510.94,10368.01,36,22.52,5.1,0,9,89.6,0
CLIENT-14397,49,13060.92,11328.11,48,52.78,3.3,1,5,71.6,0
CLIENT-14398,28,10463.58,6612.33,36,62.95,0.5,0,4,64.0,0
CLIENT-14399,25,12622.73,16822.54,48,27.8,5.7,0,5,65.3,0
CLIENT-14400,50,42424.45,19697.85,36,47.84,4.1,0,11,64.5,0
CLIENT-14401,40,27151.83,5263.5,36,24.19,9.9,0,5,72.4,0
CLIENT-14402,42,25034.91,8800.11,36,61.04,4.7,0,5,74.8,0
CLIENT-14403,25,25555.99,13643.38,12,47.01,4.3,0,1,67.0,0
CLIENT-14404,62,15452.51,8786.28,60,54.15,2.9,0,5,65.1,1
CLIENT-14405,39,27616.21,11430.32,36,12.71,3.1,0,5,55.7,0
CLIENT-14406,21,12182.57,41409.73,36,42.92,15.4,0,1,91.6,0
CLIENT-14407,57,74056.58,6550.43,48,39.02,0.7,2,4,65.9,0
CLIENT-14408,20,100247.54,2647.76,48,26.11,3.0,0,8,73.6,0
CLIENT-14409,46,8994.44,8785.71,36,24.43,5.3,0,4,76.2,0
CLIENT-14410,58,27406.14,10617.81,60,41.9,2.8,0,7,74.1,0
CLIENT-14411,46,28498.11,9480.64,12,48.86,1.7,0,6,63.1,1
CLIENT-14412,51,32705.85,16125.67,24,11.82,1.7,0,5,78.9,0
CLIENT-14413,51,66231.95,6505.11,36,41.21,1.3,3,9,91.5,0
CLIENT-14414,45,27454.18,5868.2,36,19.38,2.1,1,8,80.1,0
CLIENT-14415,30,34442.59,8332.0,36,17.72,10.3,0,5,76.5,0
CLIENT-14416,32,216952.34,8453.25,36,44.27,3.5,0,10,79.7,0
CLIENT-14417,40,33969.7,58958.48,36,27.1,1.4,0,7,71.0,1
CLIENT-14418,61,104793.17,39605.1,48,34.25,2.4,0,11,65.9,0
CLIENT-14419,43,49079.3,4151.94,36,29.8,0.6,0,9,98.7,0
CLIENT-14420,21,26050.04,3460.38,60,45.66,11.7,0,7,93.0,0
CLIENT-14421,43,23565.98,12581.38,48,35.86,2.6,0,3,62.8,0
CLIENT-14422,57,36157.38,50925.37,24,62.99,19.7,0,10,87.0,0
CLIENT-14423,26,18473.94,21295.75,24,29.38,2.1,0,11,77.0,0
CLIENT-14424,22,21626.62,13055.7,36,50.72,9.1,2,5,71.9,0
CLIENT-14425,49,28174.25,9708.41,48,24.15,1.5,2,9,92.6,0
CLIENT-14426,37,43304.25,28396.29,12,37.98,0.4,0,9,71.8,0
CLIENT-14427,67,108618.64,15132.39,24,40.39,0.2,0,8,73.8,0
CLIENT-14428,28,27147.15,44901.7,60,28.1,4.7,0,6,77.3,0
CLIENT-14429,32,47901.92,4099.44,36,35.95,1.9,1,7,51.5,1
CLIENT-14430,49,13674.13,17971.67,24,25.36,2.9,2,7,74.1,1
CLIENT-14431,45,68608.6,9006.41,24,10.33,8.5,1,11,49.2,0
CLIENT-14432,39,12925.93,17854.17,48,21.86,1.4,0,1,78.8,0
CLIENT-14433,58,58631.76,15924.27,48,48.5,1.8,0,8,78.1,0
CLIENT-14434,34,34594.33,19087.07,24,52.4,9.3,0,6,87.6,0
CLIENT-14435,43,33779.46,26484.3,36,25.41,3.4,0,7,79.4,0
CLIENT-14436,61,30328.44,35342.97,48,32.44,8.8,0,10,100.0,0
CLIENT-14437,24,16634.74,52376.13,48,12.06,2.3,0,10,48.8,0
CLIENT-14438,59,17172.04,13508.25,48,23.04,2.5,0,11,69.7,1
CLIENT-14439,43,59988.74,9139.45,36,52.86,0.9,0,2,85.7,0
CLIENT-14440,42,36576.53,5664.22,60,43.33,12.4,0,7,87.1,0
CLIENT-14441,27,30196.04,18113.64,36,21.32,11.4,2,8,61.4,0
CLIENT-14442,62,47383.95,23967.22,24,24.16,20.7,0,5,87.8,0
CLIENT-14443,36,38591.46,5198.3,48,54.92,2.6,2,1,48.0,1
CLIENT-14444,28,22566.94,29770.27,36,21.5,8.5,2,6,57.9,1
CLIENT-14445,30,158990.18,12444.76,48,28.38,2.7,0,3,76.2,0
CLIENT-14446,25,56639.04,5546.53,12,46.54,3.0,0,5,74.2,0
CLIENT-14447,57,39192.52,7377.57,48,40.86,8.9,0,9,88.8,0
CLIENT-14448,21,26684.37,6903.13,24,35.35,1.0,1,7,83.4,0
CLIENT-14449,64,64321.92,6989.62,36,59.49,1.2,0,8,63.4,0
CLIENT-14450,48,22639.68,19909.08,12,22.08,1.9,2,6,88.9,0
CLIENT-14451,45,21524.24,24457.19,36,50.78,7.8,0,9,78.3,0
CLIENT-14452,28,100307.46,43888.25,48,18.75,2.3,0,3,82.4,0
CLIENT-14453,60,36990.08,8194.71,36,43.87,2.2,3,1,82.0,1
CLIENT-14454,18,22971.06,16984.72,24,57.88,33.7,0,10,66.4,0
CLIENT-14455,66,36439.6,8493.72,36,35.18,2.4,0,11,84.8,0
CLIENT-14456,64,60482.66,13549.25,48,49.84,1.4,0,4,75.1,0
CLIENT-14457,69,52720.13,4739.72,36,55.12,4.9,0,8,83.6,0
CLIENT-14458,55,65157.15,6086.1,24,17.48,8.1,0,6,92.3,0
CLIENT-14459,41,17158.8,23438.67,24,48.82,0.4,0,7,68.6,0
CLIENT-14460,64,64182.73,4729.5,60,60.59,4.8,0,9,85.6,0
CLIENT-14461,48,32616.21,20545.18,36,41.7,0.2,1,2,64.9,0
CLIENT-14462,58,38309.78,8322.31,12,20.24,3.7,0,7,63.0,0
CLIENT-14463,63,75034.01,3470.74,48,16.98,1.5,0,4,69.9,1
CLIENT-14464,67,55361.26,2259.73,36,24.29,1.8,0,7,69.8,0
CLIENT-14465,43,44829.94,37213.35,24,15.69,3.1,0,8,77.0,0
CLIENT-14466,66,11043.55,3519.97,60,38.24,13.1,0,2,53.1,1
CLIENT-14467,67,35337.46,12771.09,36,13.83,6.2,0,7,78.4,0
CLIENT-14468,22,22679.0,17115.94,36,22.29,13.8,0,8,67.8,0
CLIENT-14469,37,55638.31,5328.15,36,34.2,5.4,0,1,41.6,1
CLIENT-14470,69,65813.15,9068.23,48,36.07,0.0,3,11,76.0,1
CLIENT-14471,58,30296.32,18679.4,24,41.1,1.5,0,10,91.2,0
CLIENT-14472,28,24337.54,16404.67,24,48.81,11.8,0,5,86.0,0
CLIENT-14473,50,92390.6,9677.87,24,12.6,5.2,0,9,70.0,0
CLIENT-14474,67,25288.66,15769.5,48,14.43,20.0,1,2,63.6,0
CLIENT-14475,55,17734.68,12437.06,36,13.35,0.8,0,6,83.1,0
CLIENT-14476,44,22035.22,6773.06,36,33.27,1.8,1,2,63.6,0
CLIENT-14477,51,26029.88,30956.66,24,12.3,2.2,0,3,69.3,1
CLIENT-14478,32,21659.13,15447.38,36,51.03,2.0,0,11,100.0,0
CLIENT-14479,49,60308.89,3679.67,48,22.27,1.5,0,6,92.3,0
CLIENT-14480,38,9713.31,19248.19,36,61.66,2.9,1,5,67.3,0
CLIENT-14481,63,21385.4,8683.14,48,36.75,5.1,0,4,80.3,0
CLIENT-14482,22,35295.17,10909.56,36,34.55,1.9,0,7,93.9,0
CLIENT-14483,23,41198.11,13436.58,48,52.93,0.4,0,3,77.0,0
CLIENT-14484,55,100217.78,7668.96,12,49.22,6.2,0,10,53.6,0
CLIENT-14485,39,91779.35,47198.93,36,43.4,3.1,0,7,75.2,0
CLIENT-14486,35,13898.8,4696.99,60,61.43,4.1,0,9,66.6,0
CLIENT-14487,31,11558.44,13900.52,60,33.22,3.0,0,2,66.9,0
CLIENT-14488,27,36863.71,17447.4,24,54.47,11.1,3,5,60.0,1
CLIENT-14489,63,24247.99,13750.75,36,30.91,4.1,0,1,53.5,1
CLIENT-14490,30,17761.42,11687.91,12,56.11,12.8,0,7,61.5,0
CLIENT-14491,48,36668.47,10260.85,48,24.27,3.6,0,2,81.5,0
CLIENT-14492,47,41706.76,7614.23,36,25.91,1.7,1,11,84.9,0
CLIENT-14493,20,21952.12,7520.3,36,47.28,2.2,0,5,100.0,0
CLIENT-14494,47,24972.97,30060.89,24,21.7,3.7,0,1,62.8,0
CLIENT-14495,23,22989.09,9806.27,60,22.6,3.8,0,11,58.3,0
CLIENT-14496,46,28370.5,59428.55,36,26.79,5.8,0,1,83.4,0
CLIENT-14497,25,50255.06,21338.29,24,47.34,1.3,0,4,47.9,0
CLIENT-14498,61,19020.19,2064.53,36,58.92,5.4,0,7,40.2,1
CLIENT-14499,62,24725.47,24792.12,24,47.1,7.5,0,7,82.8,1
CLIENT-14500,60,28579.09,12871.72,36,55.53,5.6,1,8,56.3,1
CLIENT-14501,61,36168.67,5049.45,60,39.9,3.3,1,9,59.9,0
CLIENT-14502,50,42855.56,33288.88,48,13.79,23.9,0,4,79.7,0
CLIENT-14503,34,123667.86,9846.37,36,15.53,2.6,0,2,71.2,0
CLIENT-14504,65,51188.77,9277.5,48,40.49,0.6,2,10,66.1,1
CLIENT-14505,28,51925.16,17372.31,36,28.03,8.6,1,10,50.6,1
CLIENT-14506,30,30947.03,29732.06,24,22.13,1.2,0,3,62.0,0
CLIENT-14507,67,20172.6,14463.6,60,35.64,6.2,0,9,62.7,0
CLIENT-14508,28,26451.59,13756.59,36,46.66,1.0,2,11,64.0,0
CLIENT-14509,48,23713.52,8202.5,36,31.17,0.1,0,8,79.2,0
CLIENT-14510,45,45951.35,29378.83,60,54.14,0.9,1,6,75.0,0
CLIENT-14511,61,13483.62,14561.49,24,50.62,2.4,0,11,66.9,0
CLIENT-14512,23,51819.42,11409.37,48,50.42,0.6,0,3,72.1,0
CLIENT-14513,58,33848.71,10460.33,60,64.19,1.1,0,10,97.0,0
CLIENT-14514,33,56387.85,27413.14,36,26.24,7.2,0,8,75.6,0
CLIENT-14515,21,23521.15,11118.59,12,45.46,7.3,0,2,91.9,0
CLIENT-14516,52,21145.41,27462.54,36,57.05,8.5,1,11,61.6,1
CLIENT-14517,65,28452.71,9603.64,24,41.87,9.2,0,4,67.1,0
CLIENT-14518,43,28046.26,22150.47,36,53.42,2.7,0,4,65.2,0
CLIENT-14519,29,58912.53,15443.87,48,32.79,10.1,0,9,76.0,0
CLIENT-14520,28,58576.15,6866.92,36,42.48,3.7,0,8,77.3,0
CLIENT-14521,54,113892.9,12570.61,36,13.06,3.2,0,7,78.3,0
CLIENT-14522,42,26976.05,2882.97,36,64.22,6.3,2,4,35.0,1
CLIENT-14523,35,4873.02,7936.06,36,54.0,1.2,0,7,56.7,0
CLIENT-14524,36,28405.74,4427.26,48,57.78,7.8,0,1,73.9,1
CLIENT-14525,40,41705.77,54081.64,36,48.19,2.8,3,11,98.0,1
CLIENT-14526,55,55754.78,4463.9,48,20.23,0.7,0,8,62.4,0
CLIENT-14527,35,43571.68,81638.27,36,11.71,0.6,1,8,100.0,0
CLIENT-14528,43,26963.34,19148.81,36,57.56,0.9,1,9,50.0,1
CLIENT-14529,23,101569.5,9290.92,24,31.8,11.1,0,9,73.7,0
CLIENT-14530,21,19531.01,23492.87,36,24.51,23.5,0,1,67.6,0
CLIENT-14531,61,30798.25,8508.66,36,40.89,2.2,3,10,62.6,1
CLIENT-14532,68,18997.34,4980.65,24,33.15,1.7,0,7,83.5,0
CLIENT-14533,46,36744.58,14120.02,60,45.84,1.2,0,1,68.9,0
CLIENT-14534,51,94221.48,21808.41,36,36.61,8.7,0,6,47.4,0
CLIENT-14535,34,33371.06,32692.06,60,48.35,1.2,0,5,40.6,1
CLIENT-14536,60,33493.95,18928.26,12,56.94,12.9,1,11,54.1,0
CLIENT-14537,60,13126.95,9223.02,36,20.76,5.5,2,2,79.5,0
CLIENT-14538,33,30570.93,35256.08,12,28.12,11.4,2,3,67.0,0
CLIENT-14539,19,72423.94,30154.31,24,34.02,4.0,2,8,85.5,0
CLIENT-14540,51,31252.61,16128.0,48,62.91,5.9,0,2,67.8,0
CLIENT-14541,25,30011.2,31180.38,12,30.09,4.8,0,11,74.2,0
CLIENT-14542,30,70504.28,61658.55,36,30.96,8.9,0,4,92.7,0
CLIENT-14543,59,30087.39,9131.55,24,45.94,9.0,0,3,67.2,0
CLIENT-14544,25,78844.45,7116.89,36,33.06,4.5,1,7,99.4,0
CLIENT-14545,47,16801.38,8947.39,48,62.32,5.0,0,8,80.2,0
CLIENT-14546,49,54541.24,5193.93,36,59.2,12.7,2,4,55.9,0
CLIENT-14547,53,97518.51,20208.33,48,38.24,13.3,0,6,51.9,0
CLIENT-14548,64,66483.84,4328.9,36,45.46,5.5,1,3,48.4,1
CLIENT-14549,47,11844.7,32386.92,60,13.19,0.0,0,7,70.6,0
CLIENT-14550,18,24760.83,8345.46,48,48.27,0.6,0,8,45.6,0
CLIENT-14551,60,31408.35,34582.24,36,48.9,9.8,0,7,96.5,0
CLIENT-14552,56,66567.6,2230.71,36,29.76,0.4,0,4,100.0,0
CLIENT-14553,34,16334.41,10202.3,60,22.08,1.2,0,10,46.0,0
CLIENT-14554,37,19705.2,5403.99,36,60.33,1.3,2,9,73.8,1
CLIENT-14555,41,13862.04,34452.9,48,33.47,4.6,0,10,40.6,1
CLIENT-14556,67,22126.25,43274.44,36,45.95,4.3,0,8,80.7,0
CLIENT-14557,39,17137.7,2589.3,24,11.83,1.7,0,6,84.2,0
CLIENT-14558,46,94725.97,24492.03,48,32.77,1.2,0,2,70.0,0
CLIENT-14559,39,24626.38,28228.32,36,54.95,7.2,0,10,74.5,1
CLIENT-14560,61,54970.68,16780.61,36,31.32,13.7,0,7,60.1,0
CLIENT-14561,26,36709.16,20165.21,36,43.17,0.3,0,9,70.7,0
CLIENT-14562,54,36401.92,19172.62,24,21.54,0.7,1,9,80.7,0
CLIENT-14563,27,25466.87,24554.64,48,32.91,5.1,0,9,67.2,0
CLIENT-14564,53,57642.39,6218.43,60,61.02,8.2,0,9,88.4,0
CLIENT-14565,54,39839.2,30956.74,48,41.15,7.8,0,6,59.7,1
CLIENT-14566,45,38485.87,15468.21,36,59.61,6.4,0,1,65.2,0
CLIENT-14567,45,25436.68,14831.87,36,59.61,10.9,1,6,39.0,0
CLIENT-14568,59,28060.96,19863.47,48,61.93,1.2,0,5,100.0,0
CLIENT-14569,60,51706.91,5488.78,36,59.25,0.6,0,7,40.1,1
CLIENT-14570,38,41690.7,4503.41,36,10.18,4.8,0,8,86.7,0
CLIENT-14571,41,39108.04,12274.48,60,61.37,8.6,2,1,76.4,0
CLIENT-14572,59,23099.69,39358.89,36,17.56,4.4,0,10,69.9,0
CLIENT-14573,57,116595.34,5826.85,36,12.2,16.5,0,4,56.7,0
CLIENT-14574,19,27232.76,15102.39,12,13.05,7.9,0,4,63.1,0
CLIENT-14575,25,35662.26,8089.49,12,29.19,6.0,0,1,64.1,0
CLIENT-14576,65,32460.52,7363.68,12,44.14,0.3,0,11,62.1,1
CLIENT-14577,44,117339.5,18968.29,60,32.13,0.6,3,4,38.1,1
CLIENT-14578,39,30500.89,22732.77,36,11.41,7.7,0,7,78.7,1
CLIENT-14579,54,28871.06,7697.99,36,36.21,1.1,1,6,79.8,0
CLIENT-14580,44,38987.12,35280.13,48,34.32,0.1,0,4,64.8,0
CLIENT-14581,46,23953.64,17957.31,36,51.63,12.1,0,2,69.3,0
CLIENT-14582,20,38830.44,11280.44,36,25.38,11.1,2,7,78.7,1
CLIENT-14583,61,150687.31,17039.04,24,21.96,1.2,0,8,49.3,0
CLIENT-14584,30,43469.61,55572.47,48,24.08,7.6,0,9,45.7,0
CLIENT-14585,62,42529.26,22639.95,24,26.71,0.2,2,9,70.1,1
CLIENT-14586,27,23606.02,8191.99,12,42.95,1.7,2,4,65.1,0
CLIENT-14587,53,101267.85,13185.92,24,35.93,4.9,1,3,63.6,0
CLIENT-14588,26,116240.85,14645.5,24,28.53,7.2,1,5,79.1,0
CLIENT-14589,44,60573.22,21284.83,24,30.59,0.1,0,6,64.1,0
CLIENT-14590,51,53760.8,15798.71,36,30.4,2.0,0,8,76.6,0
CLIENT-14591,68,31544.07,50348.63,24,63.48,1.2,0,3,96.6,1
CLIENT-14592,18,45926.73,11399.44,36,22.81,33.5,3,6,100.0,0
CLIENT-14593,49,22002.37,3980.12,12,54.99,5.6,0,5,83.0,0
CLIENT-14594,42,18477.92,15524.43,24,48.95,2.6,0,7,34.3,0
CLIENT-14595,46,14877.18,9810.54,36,10.31,0.4,0,9,79.5,0
CLIENT-14596,24,46462.67,4661.9,60,64.62,4.6,0,7,93.3,0
CLIENT-14597,66,15882.53,8164.36,48,51.6,5.1,0,11,74.0,0
CLIENT-14598,20,26909.07,10395.5,60,47.53,8.5,0,6,60.0,0
CLIENT-14599,37,35005.57,29669.15,36,32.29,1.7,0,9,63.8,0
CLIENT-14600,37,65984.44,4730.22,36,40.54,19.9,0,10,88.4,0
CLIENT-14601,47,25669.73,17066.11,36,23.93,2.9,0,4,62.0,0
CLIENT-14602,52,70824.72,63217.5,36,11.95,1.8,0,1,55.7,1
CLIENT-14603,52,63799.16,11820.57,24,55.98,2.1,0,8,60.2,0
CLIENT-14604,66,19095.63,11579.96,36,59.31,3.7,0,6,70.9,0
CLIENT-14605,56,71231.85,22111.29,36,18.94,13.8,0,6,66.7,0
CLIENT-14606,44,30633.56,19255.02,36,53.29,6.6,0,5,45.8,1
CLIENT-14607,43,26920.12,36036.71,36,50.76,4.3,0,10,63.6,0
CLIENT-14608,31,30711.36,11884.88,24,19.81,0.9,0,11,98.5,0
CLIENT-14609,34,36239.2,21840.8,36,33.2,0.8,3,3,72.8,0
CLIENT-14610,35,28310.08,22085.37,12,33.25,3.5,1,6,79.2,0
CLIENT-14611,62,21942.59,10562.98,60,51.8,6.5,1,1,48.7,0
CLIENT-14612,69,23138.35,12335.22,24,56.07,7.0,0,7,80.0,0
CLIENT-14613,46,39472.74,13255.4,24,15.21,1.3,0,6,92.6,0
CLIENT-14614,37,32982.15,5617.32,48,40.96,0.5,0,5,74.8,0
CLIENT-14615,44,49830.66,10177.4,36,51.9,2.4,0,3,51.9,0
CLIENT-14616,35,37474.57,38075.08,24,53.24,12.5,0,8,79.6,0
CLIENT-14617,21,38032.96,27622.93,36,18.14,3.9,0,4,82.2,0
CLIENT-14618,18,51828.08,8902.12,24,38.9,1.9,0,9,59.5,0
CLIENT-14619,67,85080.3,13213.32,24,57.17,2.0,0,9,86.0,0
CLIENT-14620,18,87152.38,26369.75,12,27.52,0.7,0,5,76.8,0
CLIENT-14621,43,81165.36,18221.98,36,33.38,3.2,1,11,40.1,1
CLIENT-14622,62,61222.47,23387.05,48,54.24,7.8,0,7,61.2,0
CLIENT-14623,37,126911.64,19416.72,36,14.91,17.3,0,6,65.0,0
CLIENT-14624,69,47225.74,15534.02,36,57.27,3.5,2,6,69.1,1
CLIENT-14625,40,44149.09,11895.02,24,27.11,0.9,0,4,69.9,0
CLIENT-14626,27,139574.36,5787.32,36,10.08,5.7,0,10,81.8,0
CLIENT-14627,28,7075.68,21689.09,48,22.88,7.1,0,8,82.4,0
CLIENT-14628,58,31941.52,11438.88,12,14.92,0.4,0,11,94.2,0
CLIENT-14629,58,76995.13,4215.31,48,15.08,9.5,0,11,75.1,0
CLIENT-14630,22,65392.17,9118.3,36,48.11,8.8,1,11,92.1,1
CLIENT-14631,18,169293.8,24260.45,48,21.77,3.2,0,10,84.0,0
CLIENT-14632,34,38734.71,3493.59,36,61.41,4.1,1,3,88.4,0
CLIENT-14633,39,28043.42,6498.54,36,38.4,6.2,0,5,93.9,0
CLIENT-14634,51,29754.9,14705.74,48,35.31,5.6,0,1,64.9,1
CLIENT-14635,62,43951.45,35739.19,48,33.89,0.1,3,1,68.8,1
CLIENT-14636,58,96085.01,26902.74,24,48.09,0.7,0,9,38.5,0
CLIENT-14637,46,96807.97,38221.15,60,34.87,0.9,1,4,86.6,0
CLIENT-14638,21,35115.26,15451.28,12,17.07,7.0,0,9,85.4,0
CLIENT-14639,22,42268.82,11539.99,12,58.41,2.9,0,7,72.2,0
CLIENT-14640,28,25160.71,24108.38,36,33.56,3.9,0,10,81.9,0
CLIENT-14641,68,26786.97,7118.43,48,14.07,7.4,0,8,86.0,0
CLIENT-14642,38,68033.42,6740.11,60,39.12,2.1,2,11,70.3,0
CLIENT-14643,52,94971.0,5951.73,36,45.6,6.9,0,9,76.5,1
CLIENT-14644,29,23899.91,28630.25,12,25.16,2.9,0,1,69.8,1
CLIENT-14645,43,42014.66,7448.69,36,54.02,2.4,0,7,68.5,1
CLIENT-14646,68,31387.13,26914.55,24,46.84,2.0,0,8,59.8,0
CLIENT-14647,36,60981.33,14822.7,36,45.77,16.8,0,2,48.9,0
CLIENT-14648,62,28764.3,28889.05,36,33.15,7.4,0,10,50.7,0
CLIENT-14649,24,11431.49,6162.47,12,62.91,0.1,3,9,68.9,1
CLIENT-14650,64,66317.85,8622.57,36,25.08,15.8,0,1,53.2,0
CLIENT-14651,24,30269.92,18357.48,36,41.77,7.5,0,3,55.8,1
CLIENT-14652,43,32219.71,9880.6,48,27.0,0.8,0,11,57.7,1
CLIENT-14653,57,47162.42,2332.4,36,50.96,0.4,1,9,65.8,0
CLIENT-14654,22,44877.87,5112.37,24,12.63,1.8,0,1,87.0,0
CLIENT-14655,38,47747.07,6128.59,24,12.52,4.9,0,4,38.0,0
CLIENT-14656,31,13659.08,6454.92,24,54.6,4.8,0,10,70.7,0
CLIENT-14657,21,50705.28,21530.98,24,33.88,1.6,0,6,56.1,0
CLIENT-14658,40,11551.45,16914.63,36,28.76,3.0,0,6,69.3,1
CLIENT-14659,59,57626.57,14966.31,60,43.41,1.2,0,4,60.7,0
CLIENT-14660,37,71042.16,54506.12,36,48.6,0.3,0,10,67.2,0
CLIENT-14661,32,15976.72,30413.96,36,21.07,3.6,0,10,46.8,0
CLIENT-14662,67,44225.63,23418.31,36,20.2,2.1,1,10,76.2,0
CLIENT-14663,69,68480.72,4690.59,36,62.7,3.9,0,10,70.9,0
CLIENT-14664,62,27739.09,13928.3,60,42.43,14.6,2,1,72.3,1
CLIENT-14665,46,54403.39,16466.57,60,31.46,0.8,0,5,84.5,0
CLIENT-14666,25,6827.79,9990.01,36,54.08,0.0,1,5,48.9,0
CLIENT-14667,58,70186.95,44111.06,24,38.88,0.4,0,3,53.6,0
CLIENT-14668,65,36974.97,13847.26,48,23.29,3.1,0,11,94.9,0
CLIENT-14669,36,31110.55,5654.21,24,21.37,6.1,1,3,78.2,0
CLIENT-14670,65,65540.59,6646.43,48,31.83,4.3,0,4,41.1,0
CLIENT-14671,56,102495.46,66015.16,48,57.29,3.4,0,3,67.3,0
CLIENT-14672,63,48602.46,9955.83,24,13.38,2.2,0,3,86.0,0
CLIENT-14673,45,95342.25,3118.26,60,22.02,1.9,1,3,100.0,0
CLIENT-14674,63,14300.22,8781.99,60,59.12,2.4,0,7,93.4,0
CLIENT-14675,44,54153.04,3719.58,60,16.7,4.7,0,9,63.2,0
CLIENT-14676,21,33550.19,25390.17,36,44.63,0.9,0,11,68.1,0
CLIENT-14677,32,22630.83,3400.25,24,21.74,7.4,2,1,42.8,1
CLIENT-14678,52,11416.23,5006.32,36,43.32,4.3,0,8,71.5,0
CLIENT-14679,54,52421.51,13397.08,36,31.07,1.6,1,10,73.1,0
CLIENT-14680,18,61400.55,29043.97,24,15.59,3.5,0,1,83.6,0
CLIENT-14681,20,81244.11,12725.92,36,42.04,16.5,0,9,37.0,0
CLIENT-14682,64,73562.76,5539.44,36,47.57,0.1,0,8,56.1,0
CLIENT-14683,41,22856.12,15180.91,12,47.41,1.1,0,6,66.6,0
CLIENT-14684,44,78780.7,9629.07,36,45.04,3.0,0,6,83.1,0
CLIENT-14685,57,83935.88,29522.01,12,37.51,5.1,0,11,64.0,0
CLIENT-14686,53,31070.36,24302.92,48,38.57,1.2,0,10,100.0,0
CLIENT-14687,51,36940.25,9172.71,36,44.96,13.4,0,7,53.8,0
CLIENT-14688,46,20733.53,23059.68,12,47.96,5.1,0,8,62.6,1
CLIENT-14689,41,88303.21,16152.95,60,46.02,10.5,0,7,53.6,0
CLIENT-14690,41,14660.73,34778.92,12,42.28,2.0,1,1,66.9,1
CLIENT-14691,59,50060.24,22382.33,36,18.57,8.8,0,10,77.1,0
CLIENT-14692,21,25384.71,19592.4,48,21.58,2.4,0,4,72.7,0
CLIENT-14693,20,18681.49,33845.85,48,24.31,1.5,2,4,57.1,0
CLIENT-14694,51,11791.84,13504.57,12,60.58,12.1,0,9,88.3,1
CLIENT-14695,66,31912.6,7776.25,60,51.77,0.5,2,9,90.7,0
CLIENT-14696,40,17004.77,15376.38,60,40.41,14.3,0,3,59.5,0
CLIENT-14697,69,37565.89,10417.16,36,23.86,3.1,0,11,100.0,0
CLIENT-14698,40,104988.11,20392.81,36,16.1,24.5,0,9,53.4,0
CLIENT-14699,62,40933.51,13951.76,12,59.43,3.9,0,5,70.6,0
CLIENT-14700,22,120375.14,17713.03,36,59.1,7.1,0,11,70.6,0
CLIENT-14701,48,20143.48,5750.95,36,16.09,0.0,0,6,53.1,0
CLIENT-14702,58,16838.71,19068.64,48,53.85,3.4,1,7,73.0,0
CLIENT-14703,23,19609.92,5433.53,36,34.57,6.7,0,3,68.2,0
CLIENT-14704,54,34924.35,26192.6,36,27.82,7.6,0,4,76.3,0
CLIENT-14705,27,186049.72,26220.01,24,50.65,0.9,0,5,70.0,0
CLIENT-14706,57,13396.26,17044.25,24,43.79,2.7,1,1,82.0,0
CLIENT-14707,24,52669.82,16598.39,24,52.9,2.7,0,8,79.0,0
CLIENT-14708,56,23861.48,11423.65,12,14.09,0.5,0,11,55.1,0
CLIENT-14709,55,31752.23,8758.15,36,27.52,2.9,1,7,65.5,0
CLIENT-14710,38,17071.88,13220.38,48,27.56,8.2,3,11,57.7,0
CLIENT-14711,37,61542.48,53523.68,36,28.14,1.8,0,2,95.0,0
CLIENT-14712,20,35370.91,15685.99,36,37.64,2.8,2,7,84.3,0
CLIENT-14713,68,69736.01,5208.13,36,25.57,16.2,0,9,75.0,0
CLIENT-14714,39,40341.95,4040.6,36,34.44,0.2,2,5,78.0,0
CLIENT-14715,64,11396.09,4882.18,36,30.23,4.5,0,11,68.3,0
CLIENT-14716,21,70117.36,10256.66,36,50.44,6.8,1,6,72.3,0
CLIENT-14717,45,10853.03,32404.72,48,43.19,7.2,1,5,58.8,1
CLIENT-14718,29,11826.03,6526.08,24,45.95,6.3,0,1,60.1,1
CLIENT-14719,55,20945.49,36142.42,12,21.58,6.5,0,6,79.3,0
CLIENT-14720,68,21113.9,15147.85,36,27.9,0.3,0,7,53.8,0
CLIENT-14721,53,83919.46,18739.91,60,11.16,3.8,0,5,59.5,0
CLIENT-14722,64,32771.23,18383.85,36,15.96,7.6,0,3,66.6,0
CLIENT-14723,58,76759.4,20200.56,48,24.58,0.5,2,6,47.4,1
CLIENT-14724,22,25828.91,10017.05,36,13.6,0.1,0,11,85.0,0
CLIENT-14725,30,43940.33,2606.88,36,43.14,8.4,0,7,79.9,0
CLIENT-14726,40,48263.24,8849.8,48,64.9,6.2,0,10,76.4,0
CLIENT-14727,67,55140.47,7175.91,48,15.54,2.7,0,10,64.2,0
CLIENT-14728,47,27475.34,16603.91,24,55.17,14.1,0,9,87.6,0
CLIENT-14729,54,28948.89,15575.7,36,16.53,7.3,0,7,76.1,0
CLIENT-14730,42,30367.3,11040.6,24,46.85,17.2,1,3,84.8,1
CLIENT-14731,65,13474.48,45654.96,36,45.37,13.2,1,1,85.7,0
CLIENT-14732,44,34532.59,8531.24,48,59.65,3.3,1,7,62.8,0
CLIENT-14733,68,28847.81,2812.94,36,16.27,7.0,1,8,56.7,0
CLIENT-14734,31,51433.44,14524.9,36,27.35,5.5,0,11,54.9,0
CLIENT-14735,65,38360.39,30712.85,48,14.99,8.3,0,1,70.9,0
CLIENT-14736,64,80969.6,16334.14,36,32.41,7.7,0,5,29.1,0
CLIENT-14737,53,37875.25,10408.24,36,60.14,0.8,0,8,53.9,0
CLIENT-14738,56,25917.57,15808.66,48,52.98,1.3,0,10,59.6,0
CLIENT-14739,33,37594.7,48399.01,36,49.76,1.5,0,7,60.7,0
CLIENT-14740,39,56078.08,7240.25,36,39.32,8.5,0,2,78.9,0
CLIENT-14741,38,12532.44,13651.59,12,58.59,8.3,0,4,48.5,0
CLIENT-14742,38,23643.67,21353.27,24,34.72,3.4,0,6,44.6,1
CLIENT-14743,25,23944.5,15958.09,36,18.23,4.3,0,7,44.9,0
CLIENT-14744,66,46471.48,11231.67,36,56.07,8.8,0,7,77.9,0
CLIENT-14745,33,49829.97,9912.7,60,25.38,1.9,0,3,61.3,0
CLIENT-14746,48,38589.54,10942.0,60,12.95,0.3,2,8,60.7,0
CLIENT-14747,59,8207.61,19388.25,48,16.93,3.3,0,7,96.2,0
CLIENT-14748,27,13478.47,18613.47,36,43.5,12.3,0,4,76.6,0
CLIENT-14749,49,31465.31,57890.18,60,43.39,7.8,0,10,59.1,0
CLIENT-14750,51,26879.48,4556.21,36,24.31,2.3,2,4,49.2,0
CLIENT-14751,26,36432.71,45731.14,36,49.99,0.3,0,4,98.2,0
CLIENT-14752,34,27401.72,11578.05,48,52.55,5.1,0,5,73.6,0
CLIENT-14753,28,91033.74,12538.87,12,60.63,9.0,0,11,63.5,0
CLIENT-14754,49,9169.47,24370.12,24,42.17,5.5,0,2,72.9,0
CLIENT-14755,27,43546.15,24262.47,48,52.87,2.8,0,9,63.7,0
CLIENT-14756,39,59683.22,30020.41,36,51.42,0.7,1,6,77.6,0
CLIENT-14757,34,55321.84,34973.44,36,24.18,12.1,0,8,44.6,0
CLIENT-14758,21,58242.1,12992.38,36,27.06,1.6,0,11,64.0,1
CLIENT-14759,65,63492.02,35289.53,60,36.32,1.3,0,1,54.2,0
CLIENT-14760,69,25276.04,8600.63,36,11.05,8.5,0,6,68.8,0
CLIENT-14761,64,18753.01,10789.11,36,26.36,19.9,2,6,55.7,0
CLIENT-14762,42,10712.76,11761.53,24,36.06,5.4,1,8,61.0,1
CLIENT-14763,38,29215.02,9240.57,24,15.94,4.9,0,1,61.7,0
CLIENT-14764,54,22776.4,13931.38,60,16.95,1.9,0,5,73.9,0
CLIENT-14765,55,72908.85,25021.66,36,35.48,0.1,2,3,64.3,0
CLIENT-14766,66,30560.55,21077.09,36,50.2,1.1,0,6,54.8,0
CLIENT-14767,18,19570.07,8697.33,36,55.86,4.4,0,9,76.2,0
CLIENT-14768,42,17798.66,8210.22,48,40.05,0.8,2,10,100.0,0
CLIENT-14769,68,119765.63,7341.2,36,36.11,10.8,0,3,64.6,0
CLIENT-14770,53,35837.43,14216.44,36,31.14,1.0,0,9,89.5,0
CLIENT-14771,34,22722.19,4417.86,36,20.61,3.7,0,9,46.8,0
CLIENT-14772,58,39121.41,7162.25,12,18.06,3.6,2,1,58.6,0
CLIENT-14773,41,113338.42,9689.76,60,53.55,4.6,0,2,89.4,0
CLIENT-14774,19,28744.21,27966.42,60,35.58,2.0,0,11,73.3,0
CLIENT-14775,57,54841.72,12179.15,60,53.47,10.3,1,4,59.2,0
CLIENT-14776,32,74004.16,27013.75,60,48.72,2.9,1,11,82.5,0
CLIENT-14777,49,11674.31,15234.26,48,20.66,6.0,0,11,54.5,0
CLIENT-14778,56,24759.2,9585.34,36,38.07,5.1,0,7,71.0,0
CLIENT-14779,23,68641.46,9865.52,48,34.42,0.6,0,2,84.0,0
CLIENT-14780,18,23870.96,5906.21,36,33.31,4.9,0,7,75.5,0
CLIENT-14781,64,46572.95,71842.2,24,39.84,4.0,0,5,100.0,0
CLIENT-14782,40,23038.25,29067.0,36,64.01,11.4,1,10,61.5,0
CLIENT-14783,56,27796.6,20386.09,60,54.71,10.6,0,7,80.4,0
CLIENT-14784,34,25837.49,5365.17,36,59.7,0.8,0,9,83.2,0
CLIENT-14785,51,53210.02,9738.69,48,11.63,0.4,0,9,66.7,0
CLIENT-14786,58,40984.45,6749.79,12,17.72,1.7,0,3,56.0,0
CLIENT-14787,46,38534.75,14607.61,36,14.66,21.6,0,3,87.4,0
CLIENT-14788,26,163488.37,6980.56,36,24.48,0.1,1,7,62.4,0
CLIENT-14789,30,103137.51,8356.51,12,34.3,5.6,0,5,79.7,0
CLIENT-14790,23,11061.81,7109.53,24,45.31,4.7,0,5,76.4,0
CLIENT-14791,23,27832.35,11295.65,24,37.55,5.2,0,5,71.9,0
CLIENT-14792,37,155729.87,14044.66,48,59.68,1.2,0,9,90.2,0
CLIENT-14793,69,25725.71,11507.07,12,61.69,1.3,0,4,75.0,0
CLIENT-14794,20,127089.6,39067.04,24,18.99,2.8,0,6,79.4,0
CLIENT-14795,34,28119.09,23571.06,12,56.91,0.5,0,6,76.1,1
CLIENT-14796,66,31558.6,7722.37,36,36.49,0.4,0,7,71.1,0
CLIENT-14797,29,60970.34,16779.68,36,34.93,0.5,0,2,64.3,0
CLIENT-14798,65,34402.2,8180.73,36,53.17,4.3,0,6,69.7,1
CLIENT-14799,64,48862.95,10131.59,36,15.12,2.5,0,9,79.3,0
CLIENT-14800,62,93430.14,18684.28,24,58.54,1.7,0,3,77.1,1
CLIENT-14801,18,57255.59,21289.2,48,46.9,1.9,0,2,79.0,0
CLIENT-14802,34,39534.12,8855.53,48,58.14,1.2,2,8,100.0,1
CLIENT-14803,20,99122.93,6164.68,24,64.7,2.7,0,1,62.5,0
CLIENT-14804,43,61452.05,14205.61,36,38.49,1.1,0,11,46.2,0
CLIENT-14805,32,23385.56,18110.29,24,15.13,6.0,0,8,63.9,0
CLIENT-14806,53,119138.88,8545.82,24,19.16,0.7,0,5,64.7,0
CLIENT-14807,49,53392.17,23661.11,48,27.8,14.8,1,9,76.6,0
CLIENT-14808,49,31945.73,20900.01,36,15.7,0.5,0,9,66.2,0
CLIENT-14809,21,10802.25,8459.03,24,54.84,14.4,0,4,81.0,0
CLIENT-14810,35,15890.14,29469.57,36,26.33,9.0,0,1,58.5,0
CLIENT-14811,66,100718.11,30106.88,60,63.67,5.7,0,5,78.7,0
CLIENT-14812,36,103135.52,56804.32,48,48.64,12.2,0,7,48.2,0
CLIENT-14813,60,38222.15,44277.49,48,19.54,0.7,0,9,69.9,0
CLIENT-14814,69,12554.74,7102.28,36,36.18,1.0,0,10,57.8,1
CLIENT-14815,52,18916.97,25526.89,36,35.68,1.5,1,9,64.6,0
CLIENT-14816,57,13708.06,24729.21,36,37.09,1.4,0,9,39.2,1
CLIENT-14817,31,13412.38,10467.83,12,39.46,1.9,0,6,82.8,0
CLIENT-14818,50,122526.35,18369.51,36,11.71,4.3,0,2,64.3,0
CLIENT-14819,31,124985.22,3589.12,36,47.75,0.1,1,5,68.3,0
CLIENT-14820,51,18536.4,3520.05,24,36.8,2.4,0,3,76.3,0
CLIENT-14821,21,36125.67,4022.87,48,53.5,1.4,0,6,59.0,0
CLIENT-14822,41,16799.8,17544.22,24,54.84,4.7,0,11,62.6,0
CLIENT-14823,46,35984.99,18134.23,36,22.68,21.1,0,5,43.5,0
CLIENT-14824,36,97108.32,11028.97,24,12.66,3.6,0,10,65.1,0
CLIENT-14825,23,69371.5,44570.09,36,48.68,2.8,0,11,93.1,0
CLIENT-14826,50,58994.39,26660.88,12,63.78,2.3,0,1,74.1,0
CLIENT-14827,66,32321.64,4364.16,24,34.57,7.7,1,10,47.4,0
CLIENT-14828,57,77433.92,11844.49,36,24.28,0.4,0,10,76.4,0
CLIENT-14829,36,53530.2,6920.34,36,18.62,16.1,0,2,89.2,0
CLIENT-14830,18,46274.64,17850.68,36,25.81,2.7,0,11,54.8,0
CLIENT-14831,22,33885.9,13076.8,24,28.04,1.9,0,5,66.8,0
CLIENT-14832,44,43959.49,7200.57,36,33.31,18.3,0,6,67.2,0
CLIENT-14833,33,43172.15,43744.92,36,46.05,13.7,0,1,71.8,0
CLIENT-14834,23,26242.64,13907.42,36,25.02,5.1,0,7,71.7,0
CLIENT-14835,57,22812.18,9984.33,48,12.8,0.1,0,3,79.5,0
CLIENT-14836,30,19967.39,11190.29,36,30.53,6.9,0,1,68.1,0
CLIENT-14837,65,20749.6,41484.19,36,57.06,2.0,0,7,88.5,1
CLIENT-14838,52,32439.7,25283.12,60,37.41,2.5,0,7,41.2,0
CLIENT-14839,36,29389.39,11924.55,48,63.06,0.9,0,10,52.8,0
CLIENT-14840,29,25023.23,6671.08,60,37.7,3.7,0,3,92.3,0
CLIENT-14841,33,23935.81,7440.28,36,25.17,6.8,0,6,62.8,0
CLIENT-14842,60,43266.24,9532.86,36,20.63,1.6,0,4,78.3,0
CLIENT-14843,27,82997.39,19053.69,24,48.2,14.0,0,4,68.0,0
CLIENT-14844,42,36078.43,22687.57,36,39.5,1.1,1,9,84.2,0
CLIENT-14845,37,34689.82,8039.49,60,43.22,0.3,1,7,76.2,0
CLIENT-14846,48,20724.42,23400.96,36,51.53,5.2,3,6,100.0,1
CLIENT-14847,21,31766.2,7072.5,48,49.92,9.5,0,9,69.6,0
CLIENT-14848,61,74176.44,8705.92,36,12.38,15.3,0,3,63.7,0
CLIENT-14849,40,67675.31,4843.21,36,54.14,7.3,0,4,89.2,0
CLIENT-14850,19,64911.77,4743.28,60,39.3,1.1,0,9,80.2,0
CLIENT-14851,39,63673.34,7019.17,48,31.54,19.0,0,4,57.9,0
CLIENT-14852,68,47194.83,13121.24,60,39.56,12.6,0,7,83.1,0
CLIENT-14853,54,46199.5,6662.25,48,43.68,0.9,0,9,73.0,0
CLIENT-14854,25,42059.91,38126.28,36,18.22,4.1,0,4,71.3,0
CLIENT-14855,24,28278.83,6955.25,36,32.96,4.1,2,9,76.5,0
CLIENT-14856,31,38185.82,15195.62,60,28.46,2.9,0,7,82.2,0
CLIENT-14857,20,41330.66,33663.52,36,29.27,20.8,0,4,72.9,0
CLIENT-14858,67,53098.35,14253.52,24,15.02,0.3,0,3,66.0,0
CLIENT-14859,33,38567.06,10355.35,36,18.79,4.9,1,6,100.0,0
CLIENT-14860,36,128424.55,14807.75,36,18.9,1.1,0,3,69.4,0
CLIENT-14861,68,17572.89,9016.27,12,30.53,3.7,0,7,90.1,1
CLIENT-14862,35,57107.2,6630.49,48,59.2,7.6,0,1,61.6,0
CLIENT-14863,69,35427.86,20514.65,24,21.33,1.4,0,7,57.3,0
CLIENT-14864,33,36362.3,8882.35,36,32.89,2.5,0,3,84.6,0
CLIENT-14865,25,22302.51,25738.09,48,27.14,15.1,3,9,66.2,0
CLIENT-14866,50,66943.61,23327.4,36,53.31,7.2,0,6,40.9,1
CLIENT-14867,66,53728.83,15009.24,48,12.76,4.3,0,7,66.9,0
CLIENT-14868,29,59885.07,26360.45,36,20.81,1.3,1,9,77.6,1
CLIENT-14869,28,40196.98,9128.52,60,21.59,2.8,0,6,59.6,1
CLIENT-14870,22,29883.54,23124.41,24,64.61,7.4,0,10,57.7,0
CLIENT-14871,44,34893.75,23040.32,12,41.39,8.6,0,11,72.9,0
CLIENT-14872,29,47102.41,10818.41,48,17.64,1.4,1,2,52.9,0
CLIENT-14873,34,10901.48,9889.18,48,24.97,5.4,0,6,74.6,0
CLIENT-14874,23,61313.77,16819.93,24,19.23,0.5,0,6,85.5,0
CLIENT-14875,50,155704.57,52985.37,60,16.85,0.1,0,2,89.5,0
CLIENT-14876,22,48445.8,11355.25,36,53.85,4.0,1,7,60.2,0
CLIENT-14877,45,30682.39,9744.51,60,37.27,1.3,0,9,96.7,0
CLIENT-14878,31,32966.88,30481.53,36,44.72,0.4,0,10,78.8,0
CLIENT-14879,22,55521.49,14012.33,36,28.22,6.5,0,4,59.9,0
CLIENT-14880,50,31101.98,24494.77,36,40.45,3.4,0,11,63.7,0
CLIENT-14881,67,61157.34,37505.46,36,24.17,8.0,1,5,59.5,0
CLIENT-14882,65,32712.6,3516.01,36,26.94,5.5,0,6,39.2,0
CLIENT-14883,58,101570.67,13012.87,36,45.87,6.5,1,1,91.3,0
CLIENT-14884,36,99903.27,11374.59,12,18.27,1.8,0,8,73.3,0
CLIENT-14885,39,29789.11,6811.51,24,43.95,1.5,0,9,79.7,0
CLIENT-14886,22,34592.28,3487.55,24,56.87,4.6,1,1,71.5,0
CLIENT-14887,19,35831.36,4385.03,48,16.62,1.1,0,4,47.3,0
CLIENT-14888,47,36120.66,14372.3,36,59.36,8.4,0,6,75.2,0
CLIENT-14889,64,20569.05,9192.79,48,14.37,3.7,2,10,84.3,0
CLIENT-14890,56,18913.73,7621.41,60,29.19,1.3,0,1,84.2,0
CLIENT-14891,21,76868.74,14272.63,36,43.58,4.9,0,3,86.4,0
CLIENT-14892,50,69833.72,8229.64,60,40.77,14.5,1,7,70.8,0
CLIENT-14893,30,69113.99,32962.52,36,15.3,0.4,0,8,34.5,0
CLIENT-14894,37,34834.83,8650.57,24,53.94,0.6,0,8,80.2,0
CLIENT-14895,24,113007.23,38319.92,36,63.52,9.3,0,5,71.1,0
CLIENT-14896,32,35829.2,13081.95,36,19.97,0.6,0,1,99.9,0
CLIENT-14897,40,60944.92,8464.79,48,59.23,0.2,0,1,98.4,0
CLIENT-14898,31,15785.18,8044.99,36,40.62,2.1,0,8,86.5,0
CLIENT-14899,40,31639.41,38547.86,24,61.48,3.1,0,5,49.4,0
CLIENT-14900,36,33074.15,21743.79,48,19.68,4.2,1,11,53.4,0
CLIENT-14901,46,34916.25,7851.09,36,53.56,3.5,0,9,77.8,0
CLIENT-14902,37,16394.49,14521.04,24,13.29,12.2,0,1,52.5,0
CLIENT-14903,46,55399.65,2562.98,36,58.58,7.3,1,2,83.3,0
CLIENT-14904,41,67316.87,5259.95,60,47.08,20.6,0,4,83.9,0
CLIENT-14905,35,23241.26,7901.42,48,30.36,3.2,0,10,93.4,0
CLIENT-14906,27,18244.06,7766.91,36,20.48,0.4,0,11,86.4,0
CLIENT-14907,58,22894.11,31229.25,36,54.91,15.6,0,7,64.2,0
CLIENT-14908,25,48888.58,3498.43,12,43.18,0.0,0,4,69.0,0
CLIENT-14909,43,25388.15,4917.4,36,29.82,7.5,0,8,57.3,0
CLIENT-14910,46,33508.72,18337.0,48,34.41,0.2,0,7,74.0,0
CLIENT-14911,27,19070.99,15696.46,36,55.46,7.2,0,5,37.4,1
CLIENT-14912,34,119082.5,10458.4,24,28.64,13.9,2,7,65.6,0
CLIENT-14913,19,37945.99,56203.95,60,14.93,2.5,1,8,80.5,0
CLIENT-14914,23,72390.42,20582.26,48,60.12,1.4,0,3,79.2,0
CLIENT-14915,22,48820.32,31444.43,36,31.3,1.3,0,3,83.0,0
CLIENT-14916,45,35414.34,12893.0,24,29.16,3.4,0,2,54.1,0
CLIENT-14917,58,34330.95,9131.57,24,21.24,0.9,0,4,50.7,0
CLIENT-14918,22,23502.31,9205.07,24,59.36,5.6,2,11,78.9,1
CLIENT-14919,35,27714.81,25574.87,36,21.96,2.3,0,4,55.7,0
CLIENT-14920,43,19837.29,22946.57,24,45.02,2.0,0,4,52.4,1
CLIENT-14921,37,18580.73,11464.08,48,58.44,3.1,2,2,73.2,0
CLIENT-14922,58,126985.13,18584.98,60,11.92,3.9,0,7,69.6,0
CLIENT-14923,66,42930.91,26208.33,36,55.58,0.8,0,10,100.0,0
CLIENT-14924,44,87503.17,9002.43,36,32.58,6.2,0,3,75.6,0
CLIENT-14925,66,22551.63,10505.17,48,46.19,10.7,1,10,72.6,0
CLIENT-14926,29,17137.73,18263.29,60,30.48,1.6,0,1,61.6,0
CLIENT-14927,24,20197.88,3819.74,48,48.25,1.0,0,2,82.4,0
CLIENT-14928,20,28190.97,18507.19,12,23.99,7.1,0,5,69.5,0
CLIENT-14929,27,37119.58,6078.21,24,11.21,1.0,2,9,62.2,1
CLIENT-14930,51,33171.22,25826.53,48,62.13,0.2,0,4,66.9,0
CLIENT-14931,42,22835.82,60081.03,36,10.9,4.8,0,6,65.0,1
CLIENT-14932,52,38277.94,8200.76,24,55.33,1.4,0,3,68.8,0
CLIENT-14933,33,40345.36,5193.95,36,19.3,0.9,1,9,100.0,0
CLIENT-14934,19,55346.34,11778.89,48,31.57,20.0,0,2,79.6,0
CLIENT-14935,41,87751.07,11095.76,24,55.24,1.7,0,8,67.2,0
CLIENT-14936,27,29192.4,21215.91,48,21.33,11.7,0,11,69.1,0
CLIENT-14937,55,75303.99,15738.15,12,57.61,1.0,0,3,49.1,0
CLIENT-14938,39,37781.04,10857.04,48,37.38,8.5,0,8,42.9,0
CLIENT-14939,43,14524.74,14234.58,36,30.14,3.5,0,3,81.2,0
CLIENT-14940,60,105869.5,6090.55,36,46.43,0.4,1,11,80.9,0
CLIENT-14941,56,141991.41,23871.74,48,28.78,6.6,0,4,76.1,0
CLIENT-14942,44,52651.91,41463.67,48,29.1,11.1,0,8,92.3,0
CLIENT-14943,46,38325.51,5777.24,60,50.34,0.9,1,10,73.3,1
CLIENT-14944,64,30858.17,4422.78,36,27.04,6.5,2,4,82.2,0
CLIENT-14945,55,27491.47,10082.31,36,21.04,2.9,0,11,68.9,0
CLIENT-14946,37,75088.35,5681.5,36,54.42,7.0,0,9,32.5,0
CLIENT-14947,44,35941.07,5467.89,36,54.3,6.3,0,9,87.5,0
CLIENT-14948,58,99147.5,5006.97,48,37.37,0.1,0,6,55.5,0
CLIENT-14949,37,37083.13,11666.52,12,38.97,1.0,0,1,73.9,0
CLIENT-14950,61,28355.94,10016.65,24,48.28,3.2,0,9,59.5,1
CLIENT-14951,36,25316.7,17348.82,36,38.01,13.6,1,9,74.0,0
CLIENT-14952,37,23243.26,9008.2,24,32.94,2.1,0,7,95.0,0
CLIENT-14953,52,49438.64,5700.73,60,64.72,5.0,0,9,79.0,0
CLIENT-14954,64,16702.34,13202.77,36,18.12,0.1,0,8,82.2,0
CLIENT-14955,19,22225.54,6367.81,36,42.6,6.2,0,9,67.4,0
CLIENT-14956,47,80393.58,19120.57,48,58.72,4.6,0,9,65.7,0
CLIENT-14957,51,20481.36,4161.55,36,47.8,6.3,0,7,65.5,0
CLIENT-14958,39,60938.65,2935.34,36,58.45,11.8,0,6,81.5,0
CLIENT-14959,20,10532.2,4329.29,12,28.5,0.8,0,2,70.4,0
CLIENT-14960,23,86686.39,9968.41,36,24.96,1.5,1,7,80.4,0
CLIENT-14961,32,16947.25,10927.19,24,56.82,27.3,0,1,67.3,0
CLIENT-14962,44,21464.67,14703.77,36,31.68,0.8,1,6,85.2,0
CLIENT-14963,27,54622.74,8997.56,36,49.03,6.4,0,6,80.4,1
CLIENT-14964,26,42712.41,7386.76,36,18.13,6.5,1,7,71.7,0
CLIENT-14965,50,62130.51,36435.26,36,51.57,5.7,0,2,80.2,0
CLIENT-14966,49,16865.79,30279.31,24,40.19,1.3,1,4,85.5,0
CLIENT-14967,65,30574.35,26644.6,60,24.77,1.2,0,2,97.8,0
CLIENT-14968,23,25078.17,16584.56,12,37.2,5.5,0,4,59.5,0
CLIENT-14969,58,18655.32,17535.0,48,48.33,1.0,0,3,83.2,0
CLIENT-14970,53,51924.11,7603.48,36,10.65,5.4,0,2,80.3,0
CLIENT-14971,19,63948.34,14780.3,36,45.06,3.4,0,2,83.9,0
CLIENT-14972,46,29669.66,6919.46,36,39.79,2.4,2,3,63.0,1
CLIENT-14973,21,90547.22,6391.4,60,22.12,1.8,0,10,71.5,0
CLIENT-14974,18,22665.06,4305.97,24,51.41,14.7,0,4,63.0,0
CLIENT-14975,36,89239.62,17751.94,36,26.69,3.5,0,7,75.3,0
CLIENT-14976,43,50886.02,14981.48,60,25.23,4.1,0,4,57.0,0
CLIENT-14977,42,17428.46,10807.34,48,35.92,14.9,0,11,90.4,0
CLIENT-14978,27,119242.51,9860.93,36,47.19,5.3,0,7,72.1,0
CLIENT-14979,32,27814.52,3710.51,60,61.09,15.8,1,4,95.9,0
CLIENT-14980,39,74837.22,15986.18,48,17.77,0.6,0,3,60.1,0
CLIENT-14981,68,39631.89,10712.02,24,31.81,9.4,2,8,73.0,0
CLIENT-14982,65,45463.48,25014.18,36,13.68,2.0,0,3,71.5,0
CLIENT-14983,38,62362.79,14799.49,36,51.72,8.3,2,11,80.0,0
CLIENT-14984,39,60325.53,21895.77,36,34.63,9.7,0,8,81.4,0
CLIENT-14985,53,29575.81,13292.19,48,48.88,1.6,0,2,50.0,0
CLIENT-14986,51,49961.07,15171.51,36,27.72,2.6,0,3,87.8,0
CLIENT-14987,47,47760.77,25636.91,12,56.44,6.5,0,4,83.4,0
CLIENT-14988,42,41280.14,11676.43,48,39.42,0.5,0,3,47.6,1
CLIENT-14989,62,32144.93,18588.5,24,61.9,7.0,0,6,91.6,0
CLIENT-14990,45,41230.72,9794.08,60,14.33,0.6,0,9,51.1,0
CLIENT-14991,18,118246.23,12188.22,60,38.29,12.3,0,10,74.2,0
CLIENT-14992,66,30423.89,40760.42,60,52.16,1.6,0,8,65.6,0
CLIENT-14993,62,74903.24,20917.78,48,43.01,4.3,0,4,67.3,0
CLIENT-14994,21,25039.71,9145.15,24,11.28,0.6,3,2,64.9,0
CLIENT-14995,24,21401.39,17962.53,36,63.48,1.6,0,10,77.9,0
CLIENT-14996,66,259325.58,5453.5,24,26.4,2.6,0,1,56.7,0
CLIENT-14997,26,50212.26,11443.37,24,23.71,3.3,0,11,84.1,0
CLIENT-14998,53,51047.31,6854.1,36,36.71,0.0,0,4,78.0,0
CLIENT-14999,36,51903.25,18330.73,12,39.82,11.0,2,5,67.6,0
